ISO-10303-21;
HEADER;
/* Generated by software containing ST-Developer
 * from STEP Tools, Inc. (www.steptools.com) 
 */
/* OPTION: using custom renumber hook */

FILE_DESCRIPTION(
/* description */ ('STEP AP242 Edition 2',
'CAx-IF Rec.Pracs.---Representation and Presentation of Product Manufa
cturing Information (PMI)---4.0---2014-10-13',
'CAx-IF Rec.Pracs.---3D Tessellated Geometry---0.4---2014-09-14','2;1',
'CAx-IF Rec.Pracs.---User Defined Attributes---1.5---2016-08-15'),
/* implementation_level */ '2;1');

FILE_NAME(
/* name */ 'Part Studio 1 - BottomCase',
/* time_stamp */ '2026-08-13T17:17:55Z',
/* author */ (''),
/* organization */ (''),
/* preprocessor_version */ 'ST-DEVELOPER v20',
/* originating_system */ 'ONSHAPE BY PTC INC, 1.219',
/* authorisation */ '  ');

FILE_SCHEMA (('AP242_MANAGED_MODEL_BASED_3D_ENGINEERING_MIM_LF { 1 0 10303 442 3 1 4 }'));
ENDSEC;

DATA;
#10=SHAPE_REPRESENTATION_RELATIONSHIP('','',#3119,#11);
#11=ADVANCED_BREP_SHAPE_REPRESENTATION('',(#3117),#5068);
#12=TOROIDAL_SURFACE('',#3300,0.0125906260083247,0.003);
#13=TOROIDAL_SURFACE('',#3301,0.0165,0.003);
#14=TOROIDAL_SURFACE('',#3303,0.010735839402617,0.003);
#15=TOROIDAL_SURFACE('',#3305,0.00894765101725287,0.003);
#16=TOROIDAL_SURFACE('',#3306,0.0101556691028714,0.003);
#17=TOROIDAL_SURFACE('',#3307,0.0104103720142961,0.003);
#18=TOROIDAL_SURFACE('',#3308,0.0104060065459607,0.003);
#19=TOROIDAL_SURFACE('',#3369,0.0185,0.001);
#20=B_SPLINE_CURVE_WITH_KNOTS('',3,(#4621,#4622,#4623,#4624,#4625),
 .UNSPECIFIED.,.F.,.F.,(4,1,4),(0.,0.00248442392649651,0.00496884785299301),
 .UNSPECIFIED.);
#21=B_SPLINE_CURVE_WITH_KNOTS('',3,(#4666,#4667,#4668,#4669,#4670),
 .UNSPECIFIED.,.F.,.F.,(4,1,4),(0.,0.00238293958010712,0.00476587916021424),
 .UNSPECIFIED.);
#22=B_SPLINE_CURVE_WITH_KNOTS('',3,(#4866,#4867,#4868,#4869,#4870),
 .UNSPECIFIED.,.F.,.F.,(4,1,4),(0.,0.00247692692027094,0.00495385384054188),
 .UNSPECIFIED.);
#23=B_SPLINE_CURVE_WITH_KNOTS('',3,(#4871,#4872,#4873,#4874,#4875),
 .UNSPECIFIED.,.F.,.F.,(4,1,4),(0.,0.00235855439340382,0.00471710878680764),
 .UNSPECIFIED.);
#24=B_SPLINE_CURVE_WITH_KNOTS('',3,(#4877,#4878,#4879,#4880,#4881,#4882,
#4883),.UNSPECIFIED.,.F.,.F.,(4,1,1,1,4),(0.,0.00185885424287473,0.00371770848574946,
0.00557656272862419,0.00743541697149892),.UNSPECIFIED.);
#25=B_SPLINE_CURVE_WITH_KNOTS('',3,(#4885,#4886,#4887,#4888),
 .UNSPECIFIED.,.F.,.F.,(4,4),(0.,0.00012177516246873),.UNSPECIFIED.);
#26=B_SPLINE_CURVE_WITH_KNOTS('',3,(#4892,#4893,#4894,#4895),
 .UNSPECIFIED.,.F.,.F.,(4,4),(0.,0.000121775162468745),.UNSPECIFIED.);
#27=B_SPLINE_CURVE_WITH_KNOTS('',3,(#4896,#4897,#4898,#4899,#4900),
 .UNSPECIFIED.,.F.,.F.,(4,1,4),(0.,0.00247809006530131,0.00495618013060262),
 .UNSPECIFIED.);
#28=B_SPLINE_CURVE_WITH_KNOTS('',3,(#4902,#4903,#4904,#4905,#4906,#4907,
#4908),.UNSPECIFIED.,.F.,.F.,(4,1,1,1,4),(0.,0.00179603948111521,0.00359207896223042,
0.00538811844334563,0.00718415792446084),.UNSPECIFIED.);
#29=B_SPLINE_CURVE_WITH_KNOTS('',3,(#4910,#4911,#4912,#4913,#4914),
 .UNSPECIFIED.,.F.,.F.,(4,1,4),(0.,0.00234806927429511,0.00469613854859021),
 .UNSPECIFIED.);
#30=B_SPLINE_CURVE_WITH_KNOTS('',3,(#4916,#4917,#4918,#4919,#4920,#4921,
#4922),.UNSPECIFIED.,.F.,.F.,(4,1,1,1,4),(0.,0.00178821926602632,0.00357643853205264,
0.00536465779807896,0.00715287706410528),.UNSPECIFIED.);
#31=B_SPLINE_CURVE_WITH_KNOTS('',3,(#4924,#4925,#4926,#4927,#4928,#4929,
#4930),.UNSPECIFIED.,.F.,.F.,(4,1,1,1,4),(0.,0.00180296913705235,0.00360593827410471,
0.00540890741115706,0.00721187654820941),.UNSPECIFIED.);
#32=B_SPLINE_CURVE_WITH_KNOTS('',3,(#4932,#4933,#4934,#4935,#4936,#4937,
#4938),.UNSPECIFIED.,.F.,.F.,(4,1,1,1,4),(0.,0.00187507455125549,0.00375014910251098,
0.00562522365376647,0.00750029820502196),.UNSPECIFIED.);
#33=B_SPLINE_CURVE_WITH_KNOTS('',3,(#5055,#5056,#5057,#5058,#5059),
 .UNSPECIFIED.,.F.,.F.,(4,1,4),(0.00142251893459656,0.00233981819907709,
0.00325711746355762),.UNSPECIFIED.);
#34=B_SPLINE_CURVE_WITH_KNOTS('',3,(#5061,#5062,#5063,#5064,#5065),
 .UNSPECIFIED.,.F.,.F.,(4,1,4),(0.00142251893459653,0.00233981819907705,
0.00325711746355758),.UNSPECIFIED.);
#35=ELLIPSE('',#3144,0.00311770012973321,0.003);
#36=ELLIPSE('',#3162,0.00309219788470222,0.003);
#37=ELLIPSE('',#3310,0.00307815734834994,0.003);
#38=ELLIPSE('',#3313,0.00307815734834994,0.003);
#39=ELLIPSE('',#3343,0.00141421356237309,0.001);
#40=ELLIPSE('',#3345,0.00141421356237309,0.001);
#41=ELLIPSE('',#3349,0.00141421356237309,0.001);
#42=ELLIPSE('',#3352,0.00141421356237309,0.001);
#43=ELLIPSE('',#3354,0.00141421356237309,0.001);
#44=ELLIPSE('',#3357,0.00141421356237309,0.001);
#45=ELLIPSE('',#3359,0.00141421356237309,0.001);
#46=OVER_RIDING_STYLED_ITEM('',(#2905),#2764,#2903);
#47=OVER_RIDING_STYLED_ITEM('',(#2906),#2767,#2903);
#48=OVER_RIDING_STYLED_ITEM('',(#2907),#2768,#2903);
#49=OVER_RIDING_STYLED_ITEM('',(#2908),#2769,#2903);
#50=OVER_RIDING_STYLED_ITEM('',(#2909),#2770,#2903);
#51=OVER_RIDING_STYLED_ITEM('',(#2910),#2771,#2903);
#52=OVER_RIDING_STYLED_ITEM('',(#2911),#2781,#2903);
#53=OVER_RIDING_STYLED_ITEM('',(#2912),#2782,#2903);
#54=OVER_RIDING_STYLED_ITEM('',(#2913),#2783,#2903);
#55=OVER_RIDING_STYLED_ITEM('',(#2914),#2784,#2903);
#56=OVER_RIDING_STYLED_ITEM('',(#2915),#2785,#2903);
#57=OVER_RIDING_STYLED_ITEM('',(#2916),#2786,#2903);
#58=OVER_RIDING_STYLED_ITEM('',(#2917),#2787,#2903);
#59=OVER_RIDING_STYLED_ITEM('',(#2918),#2788,#2903);
#60=OVER_RIDING_STYLED_ITEM('',(#2919),#2789,#2903);
#61=OVER_RIDING_STYLED_ITEM('',(#2920),#2790,#2903);
#62=OVER_RIDING_STYLED_ITEM('',(#2921),#2791,#2903);
#63=OVER_RIDING_STYLED_ITEM('',(#2922),#2792,#2903);
#64=OVER_RIDING_STYLED_ITEM('',(#2923),#2793,#2903);
#65=OVER_RIDING_STYLED_ITEM('',(#2924),#2794,#2903);
#66=OVER_RIDING_STYLED_ITEM('',(#2925),#2795,#2903);
#67=OVER_RIDING_STYLED_ITEM('',(#2926),#2796,#2903);
#68=OVER_RIDING_STYLED_ITEM('',(#2927),#2797,#2903);
#69=OVER_RIDING_STYLED_ITEM('',(#2928),#2798,#2903);
#70=OVER_RIDING_STYLED_ITEM('',(#2929),#2799,#2903);
#71=OVER_RIDING_STYLED_ITEM('',(#2930),#2800,#2903);
#72=OVER_RIDING_STYLED_ITEM('',(#2931),#2801,#2903);
#73=OVER_RIDING_STYLED_ITEM('',(#2932),#2802,#2903);
#74=OVER_RIDING_STYLED_ITEM('',(#2933),#2803,#2903);
#75=OVER_RIDING_STYLED_ITEM('',(#2934),#2842,#2903);
#76=OVER_RIDING_STYLED_ITEM('',(#2935),#2855,#2903);
#77=OVER_RIDING_STYLED_ITEM('',(#2936),#2856,#2903);
#78=OVER_RIDING_STYLED_ITEM('',(#2937),#2857,#2903);
#79=OVER_RIDING_STYLED_ITEM('',(#2938),#2858,#2903);
#80=PLANE('',#3124);
#81=PLANE('',#3128);
#82=PLANE('',#3129);
#83=PLANE('',#3130);
#84=PLANE('',#3131);
#85=PLANE('',#3132);
#86=PLANE('',#3133);
#87=PLANE('',#3136);
#88=PLANE('',#3139);
#89=PLANE('',#3143);
#90=PLANE('',#3145);
#91=PLANE('',#3146);
#92=PLANE('',#3161);
#93=PLANE('',#3163);
#94=PLANE('',#3164);
#95=PLANE('',#3175);
#96=PLANE('',#3182);
#97=PLANE('',#3208);
#98=PLANE('',#3213);
#99=PLANE('',#3218);
#100=PLANE('',#3221);
#101=PLANE('',#3224);
#102=PLANE('',#3225);
#103=PLANE('',#3228);
#104=PLANE('',#3231);
#105=PLANE('',#3247);
#106=PLANE('',#3248);
#107=PLANE('',#3251);
#108=PLANE('',#3256);
#109=PLANE('',#3261);
#110=PLANE('',#3266);
#111=PLANE('',#3269);
#112=PLANE('',#3271);
#113=PLANE('',#3273);
#114=PLANE('',#3274);
#115=PLANE('',#3275);
#116=PLANE('',#3276);
#117=PLANE('',#3277);
#118=PLANE('',#3278);
#119=PLANE('',#3279);
#120=PLANE('',#3280);
#121=PLANE('',#3281);
#122=PLANE('',#3282);
#123=PLANE('',#3283);
#124=PLANE('',#3284);
#125=PLANE('',#3285);
#126=PLANE('',#3286);
#127=PLANE('',#3287);
#128=PLANE('',#3288);
#129=PLANE('',#3289);
#130=PLANE('',#3290);
#131=PLANE('',#3291);
#132=PLANE('',#3292);
#133=PLANE('',#3293);
#134=PLANE('',#3294);
#135=PLANE('',#3295);
#136=PLANE('',#3296);
#137=PLANE('',#3297);
#138=PLANE('',#3298);
#139=PLANE('',#3315);
#140=PLANE('',#3316);
#141=PLANE('',#3317);
#142=PLANE('',#3318);
#143=PLANE('',#3320);
#144=PLANE('',#3321);
#145=PLANE('',#3323);
#146=PLANE('',#3324);
#147=PLANE('',#3325);
#148=PLANE('',#3326);
#149=PLANE('',#3327);
#150=PLANE('',#3328);
#151=PLANE('',#3329);
#152=PLANE('',#3330);
#153=PLANE('',#3331);
#154=PLANE('',#3332);
#155=PLANE('',#3333);
#156=PLANE('',#3334);
#157=PLANE('',#3335);
#158=PLANE('',#3336);
#159=PLANE('',#3337);
#160=PLANE('',#3338);
#161=PLANE('',#3339);
#162=PLANE('',#3340);
#163=PLANE('',#3361);
#164=PLANE('',#3362);
#165=PLANE('',#3363);
#166=PLANE('',#3364);
#167=LINE('',#4172,#461);
#168=LINE('',#4176,#462);
#169=LINE('',#4178,#463);
#170=LINE('',#4182,#464);
#171=LINE('',#4186,#465);
#172=LINE('',#4188,#466);
#173=LINE('',#4192,#467);
#174=LINE('',#4195,#468);
#175=LINE('',#4197,#469);
#176=LINE('',#4199,#470);
#177=LINE('',#4201,#471);
#178=LINE('',#4203,#472);
#179=LINE('',#4205,#473);
#180=LINE('',#4207,#474);
#181=LINE('',#4209,#475);
#182=LINE('',#4211,#476);
#183=LINE('',#4213,#477);
#184=LINE('',#4215,#478);
#185=LINE('',#4217,#479);
#186=LINE('',#4219,#480);
#187=LINE('',#4221,#481);
#188=LINE('',#4223,#482);
#189=LINE('',#4225,#483);
#190=LINE('',#4227,#484);
#191=LINE('',#4229,#485);
#192=LINE('',#4231,#486);
#193=LINE('',#4233,#487);
#194=LINE('',#4235,#488);
#195=LINE('',#4237,#489);
#196=LINE('',#4239,#490);
#197=LINE('',#4241,#491);
#198=LINE('',#4246,#492);
#199=LINE('',#4248,#493);
#200=LINE('',#4250,#494);
#201=LINE('',#4252,#495);
#202=LINE('',#4254,#496);
#203=LINE('',#4256,#497);
#204=LINE('',#4258,#498);
#205=LINE('',#4262,#499);
#206=LINE('',#4267,#500);
#207=LINE('',#4269,#501);
#208=LINE('',#4271,#502);
#209=LINE('',#4273,#503);
#210=LINE('',#4275,#504);
#211=LINE('',#4284,#505);
#212=LINE('',#4288,#506);
#213=LINE('',#4290,#507);
#214=LINE('',#4292,#508);
#215=LINE('',#4295,#509);
#216=LINE('',#4297,#510);
#217=LINE('',#4298,#511);
#218=LINE('',#4300,#512);
#219=LINE('',#4301,#513);
#220=LINE('',#4304,#514);
#221=LINE('',#4308,#515);
#222=LINE('',#4310,#516);
#223=LINE('',#4312,#517);
#224=LINE('',#4314,#518);
#225=LINE('',#4315,#519);
#226=LINE('',#4318,#520);
#227=LINE('',#4320,#521);
#228=LINE('',#4322,#522);
#229=LINE('',#4324,#523);
#230=LINE('',#4325,#524);
#231=LINE('',#4327,#525);
#232=LINE('',#4328,#526);
#233=LINE('',#4331,#527);
#234=LINE('',#4333,#528);
#235=LINE('',#4335,#529);
#236=LINE('',#4337,#530);
#237=LINE('',#4338,#531);
#238=LINE('',#4340,#532);
#239=LINE('',#4342,#533);
#240=LINE('',#4345,#534);
#241=LINE('',#4347,#535);
#242=LINE('',#4348,#536);
#243=LINE('',#4350,#537);
#244=LINE('',#4352,#538);
#245=LINE('',#4353,#539);
#246=LINE('',#4355,#540);
#247=LINE('',#4357,#541);
#248=LINE('',#4359,#542);
#249=LINE('',#4361,#543);
#250=LINE('',#4363,#544);
#251=LINE('',#4365,#545);
#252=LINE('',#4370,#546);
#253=LINE('',#4385,#547);
#254=LINE('',#4387,#548);
#255=LINE('',#4401,#549);
#256=LINE('',#4403,#550);
#257=LINE('',#4405,#551);
#258=LINE('',#4407,#552);
#259=LINE('',#4412,#553);
#260=LINE('',#4414,#554);
#261=LINE('',#4416,#555);
#262=LINE('',#4418,#556);
#263=LINE('',#4420,#557);
#264=LINE('',#4421,#558);
#265=LINE('',#4424,#559);
#266=LINE('',#4426,#560);
#267=LINE('',#4427,#561);
#268=LINE('',#4429,#562);
#269=LINE('',#4431,#563);
#270=LINE('',#4433,#564);
#271=LINE('',#4435,#565);
#272=LINE('',#4436,#566);
#273=LINE('',#4438,#567);
#274=LINE('',#4440,#568);
#275=LINE('',#4453,#569);
#276=LINE('',#4457,#570);
#277=LINE('',#4460,#571);
#278=LINE('',#4462,#572);
#279=LINE('',#4464,#573);
#280=LINE('',#4467,#574);
#281=LINE('',#4468,#575);
#282=LINE('',#4470,#576);
#283=LINE('',#4472,#577);
#284=LINE('',#4474,#578);
#285=LINE('',#4476,#579);
#286=LINE('',#4478,#580);
#287=LINE('',#4480,#581);
#288=LINE('',#4482,#582);
#289=LINE('',#4484,#583);
#290=LINE('',#4486,#584);
#291=LINE('',#4488,#585);
#292=LINE('',#4490,#586);
#293=LINE('',#4492,#587);
#294=LINE('',#4494,#588);
#295=LINE('',#4496,#589);
#296=LINE('',#4498,#590);
#297=LINE('',#4500,#591);
#298=LINE('',#4502,#592);
#299=LINE('',#4504,#593);
#300=LINE('',#4506,#594);
#301=LINE('',#4508,#595);
#302=LINE('',#4510,#596);
#303=LINE('',#4511,#597);
#304=LINE('',#4515,#598);
#305=LINE('',#4517,#599);
#306=LINE('',#4520,#600);
#307=LINE('',#4524,#601);
#308=LINE('',#4528,#602);
#309=LINE('',#4530,#603);
#310=LINE('',#4534,#604);
#311=LINE('',#4538,#605);
#312=LINE('',#4551,#606);
#313=LINE('',#4555,#607);
#314=LINE('',#4570,#608);
#315=LINE('',#4575,#609);
#316=LINE('',#4579,#610);
#317=LINE('',#4583,#611);
#318=LINE('',#4587,#612);
#319=LINE('',#4591,#613);
#320=LINE('',#4595,#614);
#321=LINE('',#4599,#615);
#322=LINE('',#4603,#616);
#323=LINE('',#4605,#617);
#324=LINE('',#4607,#618);
#325=LINE('',#4608,#619);
#326=LINE('',#4612,#620);
#327=LINE('',#4613,#621);
#328=LINE('',#4615,#622);
#329=LINE('',#4619,#623);
#330=LINE('',#4626,#624);
#331=LINE('',#4630,#625);
#332=LINE('',#4634,#626);
#333=LINE('',#4636,#627);
#334=LINE('',#4638,#628);
#335=LINE('',#4642,#629);
#336=LINE('',#4644,#630);
#337=LINE('',#4646,#631);
#338=LINE('',#4650,#632);
#339=LINE('',#4652,#633);
#340=LINE('',#4654,#634);
#341=LINE('',#4656,#635);
#342=LINE('',#4658,#636);
#343=LINE('',#4662,#637);
#344=LINE('',#4664,#638);
#345=LINE('',#4673,#639);
#346=LINE('',#4675,#640);
#347=LINE('',#4677,#641);
#348=LINE('',#4679,#642);
#349=LINE('',#4680,#643);
#350=LINE('',#4682,#644);
#351=LINE('',#4684,#645);
#352=LINE('',#4686,#646);
#353=LINE('',#4687,#647);
#354=LINE('',#4689,#648);
#355=LINE('',#4691,#649);
#356=LINE('',#4692,#650);
#357=LINE('',#4694,#651);
#358=LINE('',#4696,#652);
#359=LINE('',#4698,#653);
#360=LINE('',#4702,#654);
#361=LINE('',#4705,#655);
#362=LINE('',#4709,#656);
#363=LINE('',#4713,#657);
#364=LINE('',#4717,#658);
#365=LINE('',#4721,#659);
#366=LINE('',#4727,#660);
#367=LINE('',#4758,#661);
#368=LINE('',#4759,#662);
#369=LINE('',#4761,#663);
#370=LINE('',#4763,#664);
#371=LINE('',#4766,#665);
#372=LINE('',#4768,#666);
#373=LINE('',#4770,#667);
#374=LINE('',#4772,#668);
#375=LINE('',#4774,#669);
#376=LINE('',#4776,#670);
#377=LINE('',#4778,#671);
#378=LINE('',#4780,#672);
#379=LINE('',#4782,#673);
#380=LINE('',#4784,#674);
#381=LINE('',#4786,#675);
#382=LINE('',#4788,#676);
#383=LINE('',#4790,#677);
#384=LINE('',#4792,#678);
#385=LINE('',#4794,#679);
#386=LINE('',#4796,#680);
#387=LINE('',#4798,#681);
#388=LINE('',#4800,#682);
#389=LINE('',#4802,#683);
#390=LINE('',#4804,#684);
#391=LINE('',#4806,#685);
#392=LINE('',#4808,#686);
#393=LINE('',#4810,#687);
#394=LINE('',#4812,#688);
#395=LINE('',#4814,#689);
#396=LINE('',#4816,#690);
#397=LINE('',#4818,#691);
#398=LINE('',#4820,#692);
#399=LINE('',#4822,#693);
#400=LINE('',#4824,#694);
#401=LINE('',#4826,#695);
#402=LINE('',#4828,#696);
#403=LINE('',#4830,#697);
#404=LINE('',#4832,#698);
#405=LINE('',#4834,#699);
#406=LINE('',#4836,#700);
#407=LINE('',#4838,#701);
#408=LINE('',#4840,#702);
#409=LINE('',#4842,#703);
#410=LINE('',#4844,#704);
#411=LINE('',#4846,#705);
#412=LINE('',#4848,#706);
#413=LINE('',#4850,#707);
#414=LINE('',#4852,#708);
#415=LINE('',#4854,#709);
#416=LINE('',#4856,#710);
#417=LINE('',#4858,#711);
#418=LINE('',#4860,#712);
#419=LINE('',#4862,#713);
#420=LINE('',#4864,#714);
#421=LINE('',#4943,#715);
#422=LINE('',#4945,#716);
#423=LINE('',#4950,#717);
#424=LINE('',#4952,#718);
#425=LINE('',#4953,#719);
#426=LINE('',#4955,#720);
#427=LINE('',#4960,#721);
#428=LINE('',#4961,#722);
#429=LINE('',#4964,#723);
#430=LINE('',#4966,#724);
#431=LINE('',#4970,#725);
#432=LINE('',#4971,#726);
#433=LINE('',#4974,#727);
#434=LINE('',#4976,#728);
#435=LINE('',#4977,#729);
#436=LINE('',#4979,#730);
#437=LINE('',#4982,#731);
#438=LINE('',#4984,#732);
#439=LINE('',#4986,#733);
#440=LINE('',#4988,#734);
#441=LINE('',#4990,#735);
#442=LINE('',#4992,#736);
#443=LINE('',#4994,#737);
#444=LINE('',#4996,#738);
#445=LINE('',#4998,#739);
#446=LINE('',#5000,#740);
#447=LINE('',#5002,#741);
#448=LINE('',#5004,#742);
#449=LINE('',#5006,#743);
#450=LINE('',#5008,#744);
#451=LINE('',#5010,#745);
#452=LINE('',#5012,#746);
#453=LINE('',#5014,#747);
#454=LINE('',#5016,#748);
#455=LINE('',#5038,#749);
#456=LINE('',#5040,#750);
#457=LINE('',#5041,#751);
#458=LINE('',#5043,#752);
#459=LINE('',#5045,#753);
#460=LINE('',#5047,#754);
#461=VECTOR('',#3377,1.);
#462=VECTOR('',#3380,1.);
#463=VECTOR('',#3383,1.);
#464=VECTOR('',#3386,1.);
#465=VECTOR('',#3389,1.);
#466=VECTOR('',#3390,1.);
#467=VECTOR('',#3395,1.);
#468=VECTOR('',#3396,1.);
#469=VECTOR('',#3397,1.);
#470=VECTOR('',#3398,1.);
#471=VECTOR('',#3399,1.);
#472=VECTOR('',#3400,1.);
#473=VECTOR('',#3401,1.);
#474=VECTOR('',#3402,1.);
#475=VECTOR('',#3405,1.);
#476=VECTOR('',#3406,1.);
#477=VECTOR('',#3407,1.);
#478=VECTOR('',#3410,1.);
#479=VECTOR('',#3411,1.);
#480=VECTOR('',#3412,1.);
#481=VECTOR('',#3415,1.);
#482=VECTOR('',#3416,1.);
#483=VECTOR('',#3417,1.);
#484=VECTOR('',#3420,1.);
#485=VECTOR('',#3421,1.);
#486=VECTOR('',#3422,1.);
#487=VECTOR('',#3423,1.);
#488=VECTOR('',#3424,1.);
#489=VECTOR('',#3425,1.);
#490=VECTOR('',#3426,1.);
#491=VECTOR('',#3429,1.);
#492=VECTOR('',#3432,1.);
#493=VECTOR('',#3433,1.);
#494=VECTOR('',#3434,1.);
#495=VECTOR('',#3435,1.);
#496=VECTOR('',#3436,1.);
#497=VECTOR('',#3437,1.);
#498=VECTOR('',#3438,1.);
#499=VECTOR('',#3443,1.);
#500=VECTOR('',#3446,1.);
#501=VECTOR('',#3447,1.);
#502=VECTOR('',#3448,1.);
#503=VECTOR('',#3449,1.);
#504=VECTOR('',#3450,1.);
#505=VECTOR('',#3459,1.);
#506=VECTOR('',#3462,1.);
#507=VECTOR('',#3463,1.);
#508=VECTOR('',#3466,1.);
#509=VECTOR('',#3467,1.);
#510=VECTOR('',#3468,1.);
#511=VECTOR('',#3469,1.);
#512=VECTOR('',#3470,1.);
#513=VECTOR('',#3471,1.);
#514=VECTOR('',#3472,1.);
#515=VECTOR('',#3475,1.);
#516=VECTOR('',#3476,1.);
#517=VECTOR('',#3477,1.);
#518=VECTOR('',#3478,1.);
#519=VECTOR('',#3479,1.);
#520=VECTOR('',#3480,1.);
#521=VECTOR('',#3481,1.);
#522=VECTOR('',#3482,1.);
#523=VECTOR('',#3483,1.);
#524=VECTOR('',#3484,1.);
#525=VECTOR('',#3485,1.);
#526=VECTOR('',#3486,1.);
#527=VECTOR('',#3487,1.);
#528=VECTOR('',#3488,1.);
#529=VECTOR('',#3489,1.);
#530=VECTOR('',#3490,1.);
#531=VECTOR('',#3491,1.);
#532=VECTOR('',#3492,1.);
#533=VECTOR('',#3495,1.);
#534=VECTOR('',#3496,1.);
#535=VECTOR('',#3497,1.);
#536=VECTOR('',#3498,1.);
#537=VECTOR('',#3499,1.);
#538=VECTOR('',#3500,1.);
#539=VECTOR('',#3501,1.);
#540=VECTOR('',#3502,1.);
#541=VECTOR('',#3503,1.);
#542=VECTOR('',#3504,1.);
#543=VECTOR('',#3505,1.);
#544=VECTOR('',#3506,1.);
#545=VECTOR('',#3509,1.);
#546=VECTOR('',#3512,1.);
#547=VECTOR('',#3527,1.);
#548=VECTOR('',#3528,1.);
#549=VECTOR('',#3541,1.);
#550=VECTOR('',#3542,1.);
#551=VECTOR('',#3543,1.);
#552=VECTOR('',#3546,1.);
#553=VECTOR('',#3549,1.);
#554=VECTOR('',#3550,1.);
#555=VECTOR('',#3551,1.);
#556=VECTOR('',#3552,1.);
#557=VECTOR('',#3553,1.);
#558=VECTOR('',#3554,1.);
#559=VECTOR('',#3555,1.);
#560=VECTOR('',#3556,1.);
#561=VECTOR('',#3557,1.);
#562=VECTOR('',#3558,1.);
#563=VECTOR('',#3561,1.);
#564=VECTOR('',#3562,1.);
#565=VECTOR('',#3563,1.);
#566=VECTOR('',#3564,1.);
#567=VECTOR('',#3565,1.);
#568=VECTOR('',#3566,1.);
#569=VECTOR('',#3579,1.);
#570=VECTOR('',#3582,1.);
#571=VECTOR('',#3585,1.);
#572=VECTOR('',#3586,1.);
#573=VECTOR('',#3587,1.);
#574=VECTOR('',#3590,1.);
#575=VECTOR('',#3591,1.);
#576=VECTOR('',#3592,1.);
#577=VECTOR('',#3593,1.);
#578=VECTOR('',#3594,1.);
#579=VECTOR('',#3595,1.);
#580=VECTOR('',#3596,1.);
#581=VECTOR('',#3597,1.);
#582=VECTOR('',#3598,1.);
#583=VECTOR('',#3599,1.);
#584=VECTOR('',#3600,1.);
#585=VECTOR('',#3601,1.);
#586=VECTOR('',#3602,1.);
#587=VECTOR('',#3603,1.);
#588=VECTOR('',#3604,1.);
#589=VECTOR('',#3605,1.);
#590=VECTOR('',#3606,1.);
#591=VECTOR('',#3607,1.);
#592=VECTOR('',#3608,1.);
#593=VECTOR('',#3609,1.);
#594=VECTOR('',#3610,1.);
#595=VECTOR('',#3611,1.);
#596=VECTOR('',#3612,1.);
#597=VECTOR('',#3613,1.);
#598=VECTOR('',#3618,1.);
#599=VECTOR('',#3621,1.);
#600=VECTOR('',#3622,1.);
#601=VECTOR('',#3625,1.);
#602=VECTOR('',#3628,1.);
#603=VECTOR('',#3629,1.);
#604=VECTOR('',#3632,1.);
#605=VECTOR('',#3635,1.);
#606=VECTOR('',#3648,1.);
#607=VECTOR('',#3651,1.);
#608=VECTOR('',#3666,1.);
#609=VECTOR('',#3669,1.);
#610=VECTOR('',#3674,1.);
#611=VECTOR('',#3679,1.);
#612=VECTOR('',#3684,1.);
#613=VECTOR('',#3689,1.);
#614=VECTOR('',#3694,1.);
#615=VECTOR('',#3699,1.);
#616=VECTOR('',#3704,1.);
#617=VECTOR('',#3705,1.);
#618=VECTOR('',#3706,1.);
#619=VECTOR('',#3707,1.);
#620=VECTOR('',#3712,1.);
#621=VECTOR('',#3713,1.);
#622=VECTOR('',#3716,1.);
#623=VECTOR('',#3721,1.);
#624=VECTOR('',#3724,1.);
#625=VECTOR('',#3729,1.);
#626=VECTOR('',#3734,1.);
#627=VECTOR('',#3735,1.);
#628=VECTOR('',#3738,1.);
#629=VECTOR('',#3743,1.);
#630=VECTOR('',#3744,1.);
#631=VECTOR('',#3747,1.);
#632=VECTOR('',#3752,1.);
#633=VECTOR('',#3753,1.);
#634=VECTOR('',#3756,1.);
#635=VECTOR('',#3757,1.);
#636=VECTOR('',#3760,1.);
#637=VECTOR('',#3765,1.);
#638=VECTOR('',#3766,1.);
#639=VECTOR('',#3773,1.);
#640=VECTOR('',#3774,1.);
#641=VECTOR('',#3775,1.);
#642=VECTOR('',#3776,1.);
#643=VECTOR('',#3777,1.);
#644=VECTOR('',#3778,1.);
#645=VECTOR('',#3779,1.);
#646=VECTOR('',#3780,1.);
#647=VECTOR('',#3781,1.);
#648=VECTOR('',#3782,1.);
#649=VECTOR('',#3783,1.);
#650=VECTOR('',#3784,1.);
#651=VECTOR('',#3785,1.);
#652=VECTOR('',#3786,1.);
#653=VECTOR('',#3789,1.);
#654=VECTOR('',#3792,1.);
#655=VECTOR('',#3797,1.);
#656=VECTOR('',#3802,1.);
#657=VECTOR('',#3807,1.);
#658=VECTOR('',#3812,1.);
#659=VECTOR('',#3817,1.);
#660=VECTOR('',#3826,1.);
#661=VECTOR('',#3871,1.);
#662=VECTOR('',#3872,1.);
#663=VECTOR('',#3875,1.);
#664=VECTOR('',#3878,1.);
#665=VECTOR('',#3883,1.);
#666=VECTOR('',#3884,1.);
#667=VECTOR('',#3887,1.);
#668=VECTOR('',#3888,1.);
#669=VECTOR('',#3891,1.);
#670=VECTOR('',#3892,1.);
#671=VECTOR('',#3895,1.);
#672=VECTOR('',#3896,1.);
#673=VECTOR('',#3899,1.);
#674=VECTOR('',#3900,1.);
#675=VECTOR('',#3903,1.);
#676=VECTOR('',#3904,1.);
#677=VECTOR('',#3907,1.);
#678=VECTOR('',#3908,1.);
#679=VECTOR('',#3911,1.);
#680=VECTOR('',#3912,1.);
#681=VECTOR('',#3915,1.);
#682=VECTOR('',#3916,1.);
#683=VECTOR('',#3919,1.);
#684=VECTOR('',#3920,1.);
#685=VECTOR('',#3923,1.);
#686=VECTOR('',#3924,1.);
#687=VECTOR('',#3927,1.);
#688=VECTOR('',#3928,1.);
#689=VECTOR('',#3931,1.);
#690=VECTOR('',#3932,1.);
#691=VECTOR('',#3935,1.);
#692=VECTOR('',#3936,1.);
#693=VECTOR('',#3939,1.);
#694=VECTOR('',#3940,1.);
#695=VECTOR('',#3943,1.);
#696=VECTOR('',#3944,1.);
#697=VECTOR('',#3947,1.);
#698=VECTOR('',#3948,1.);
#699=VECTOR('',#3951,1.);
#700=VECTOR('',#3952,1.);
#701=VECTOR('',#3955,1.);
#702=VECTOR('',#3956,1.);
#703=VECTOR('',#3959,1.);
#704=VECTOR('',#3960,1.);
#705=VECTOR('',#3963,1.);
#706=VECTOR('',#3964,1.);
#707=VECTOR('',#3967,1.);
#708=VECTOR('',#3970,1.);
#709=VECTOR('',#3971,1.);
#710=VECTOR('',#3974,1.);
#711=VECTOR('',#3975,1.);
#712=VECTOR('',#3978,1.);
#713=VECTOR('',#3979,1.);
#714=VECTOR('',#3982,1.);
#715=VECTOR('',#4007,1.);
#716=VECTOR('',#4010,1.);
#717=VECTOR('',#4019,1.);
#718=VECTOR('',#4020,1.);
#719=VECTOR('',#4021,1.);
#720=VECTOR('',#4024,1.);
#721=VECTOR('',#4031,1.);
#722=VECTOR('',#4032,1.);
#723=VECTOR('',#4037,1.);
#724=VECTOR('',#4038,1.);
#725=VECTOR('',#4043,1.);
#726=VECTOR('',#4044,1.);
#727=VECTOR('',#4049,1.);
#728=VECTOR('',#4052,1.);
#729=VECTOR('',#4053,1.);
#730=VECTOR('',#4056,1.);
#731=VECTOR('',#4061,1.);
#732=VECTOR('',#4062,1.);
#733=VECTOR('',#4065,1.);
#734=VECTOR('',#4068,1.);
#735=VECTOR('',#4071,1.);
#736=VECTOR('',#4072,1.);
#737=VECTOR('',#4075,1.);
#738=VECTOR('',#4076,1.);
#739=VECTOR('',#4079,1.);
#740=VECTOR('',#4082,1.);
#741=VECTOR('',#4085,1.);
#742=VECTOR('',#4086,1.);
#743=VECTOR('',#4089,1.);
#744=VECTOR('',#4090,1.);
#745=VECTOR('',#4093,1.);
#746=VECTOR('',#4096,1.);
#747=VECTOR('',#4097,1.);
#748=VECTOR('',#4100,1.);
#749=VECTOR('',#4143,1.);
#750=VECTOR('',#4144,1.);
#751=VECTOR('',#4145,1.);
#752=VECTOR('',#4148,1.);
#753=VECTOR('',#4151,1.);
#754=VECTOR('',#4152,1.);
#755=ORIENTED_EDGE('',*,*,#1577,.F.);
#756=ORIENTED_EDGE('',*,*,#1578,.T.);
#757=ORIENTED_EDGE('',*,*,#1579,.T.);
#758=ORIENTED_EDGE('',*,*,#1580,.F.);
#759=ORIENTED_EDGE('',*,*,#1581,.T.);
#760=ORIENTED_EDGE('',*,*,#1582,.T.);
#761=ORIENTED_EDGE('',*,*,#1577,.T.);
#762=ORIENTED_EDGE('',*,*,#1583,.F.);
#763=ORIENTED_EDGE('',*,*,#1584,.T.);
#764=ORIENTED_EDGE('',*,*,#1585,.F.);
#765=ORIENTED_EDGE('',*,*,#1586,.T.);
#766=ORIENTED_EDGE('',*,*,#1587,.F.);
#767=ORIENTED_EDGE('',*,*,#1588,.T.);
#768=ORIENTED_EDGE('',*,*,#1589,.T.);
#769=ORIENTED_EDGE('',*,*,#1590,.F.);
#770=ORIENTED_EDGE('',*,*,#1591,.T.);
#771=ORIENTED_EDGE('',*,*,#1592,.T.);
#772=ORIENTED_EDGE('',*,*,#1593,.F.);
#773=ORIENTED_EDGE('',*,*,#1594,.F.);
#774=ORIENTED_EDGE('',*,*,#1595,.F.);
#775=ORIENTED_EDGE('',*,*,#1590,.T.);
#776=ORIENTED_EDGE('',*,*,#1596,.T.);
#777=ORIENTED_EDGE('',*,*,#1597,.F.);
#778=ORIENTED_EDGE('',*,*,#1598,.T.);
#779=ORIENTED_EDGE('',*,*,#1597,.T.);
#780=ORIENTED_EDGE('',*,*,#1599,.T.);
#781=ORIENTED_EDGE('',*,*,#1600,.F.);
#782=ORIENTED_EDGE('',*,*,#1601,.T.);
#783=ORIENTED_EDGE('',*,*,#1600,.T.);
#784=ORIENTED_EDGE('',*,*,#1602,.T.);
#785=ORIENTED_EDGE('',*,*,#1603,.F.);
#786=ORIENTED_EDGE('',*,*,#1604,.T.);
#787=ORIENTED_EDGE('',*,*,#1603,.T.);
#788=ORIENTED_EDGE('',*,*,#1605,.T.);
#789=ORIENTED_EDGE('',*,*,#1606,.F.);
#790=ORIENTED_EDGE('',*,*,#1607,.F.);
#791=ORIENTED_EDGE('',*,*,#1608,.T.);
#792=ORIENTED_EDGE('',*,*,#1609,.F.);
#793=ORIENTED_EDGE('',*,*,#1610,.F.);
#794=ORIENTED_EDGE('',*,*,#1611,.T.);
#795=ORIENTED_EDGE('',*,*,#1612,.T.);
#796=ORIENTED_EDGE('',*,*,#1613,.T.);
#797=ORIENTED_EDGE('',*,*,#1614,.F.);
#798=ORIENTED_EDGE('',*,*,#1615,.T.);
#799=ORIENTED_EDGE('',*,*,#1616,.T.);
#800=ORIENTED_EDGE('',*,*,#1617,.F.);
#801=ORIENTED_EDGE('',*,*,#1618,.F.);
#802=ORIENTED_EDGE('',*,*,#1619,.T.);
#803=ORIENTED_EDGE('',*,*,#1620,.T.);
#804=ORIENTED_EDGE('',*,*,#1621,.T.);
#805=ORIENTED_EDGE('',*,*,#1622,.T.);
#806=ORIENTED_EDGE('',*,*,#1623,.T.);
#807=ORIENTED_EDGE('',*,*,#1624,.F.);
#808=ORIENTED_EDGE('',*,*,#1625,.T.);
#809=ORIENTED_EDGE('',*,*,#1626,.T.);
#810=ORIENTED_EDGE('',*,*,#1627,.F.);
#811=ORIENTED_EDGE('',*,*,#1628,.T.);
#812=ORIENTED_EDGE('',*,*,#1629,.T.);
#813=ORIENTED_EDGE('',*,*,#1630,.T.);
#814=ORIENTED_EDGE('',*,*,#1631,.T.);
#815=ORIENTED_EDGE('',*,*,#1632,.F.);
#816=ORIENTED_EDGE('',*,*,#1633,.F.);
#817=ORIENTED_EDGE('',*,*,#1634,.F.);
#818=ORIENTED_EDGE('',*,*,#1635,.T.);
#819=ORIENTED_EDGE('',*,*,#1636,.T.);
#820=ORIENTED_EDGE('',*,*,#1637,.T.);
#821=ORIENTED_EDGE('',*,*,#1638,.F.);
#822=ORIENTED_EDGE('',*,*,#1625,.F.);
#823=ORIENTED_EDGE('',*,*,#1639,.F.);
#824=ORIENTED_EDGE('',*,*,#1640,.F.);
#825=ORIENTED_EDGE('',*,*,#1641,.F.);
#826=ORIENTED_EDGE('',*,*,#1642,.F.);
#827=ORIENTED_EDGE('',*,*,#1643,.T.);
#828=ORIENTED_EDGE('',*,*,#1644,.F.);
#829=ORIENTED_EDGE('',*,*,#1645,.T.);
#830=ORIENTED_EDGE('',*,*,#1646,.T.);
#831=ORIENTED_EDGE('',*,*,#1647,.T.);
#832=ORIENTED_EDGE('',*,*,#1648,.T.);
#833=ORIENTED_EDGE('',*,*,#1649,.T.);
#834=ORIENTED_EDGE('',*,*,#1650,.T.);
#835=ORIENTED_EDGE('',*,*,#1651,.T.);
#836=ORIENTED_EDGE('',*,*,#1652,.F.);
#837=ORIENTED_EDGE('',*,*,#1615,.F.);
#838=ORIENTED_EDGE('',*,*,#1653,.F.);
#839=ORIENTED_EDGE('',*,*,#1654,.F.);
#840=ORIENTED_EDGE('',*,*,#1655,.F.);
#841=ORIENTED_EDGE('',*,*,#1656,.T.);
#842=ORIENTED_EDGE('',*,*,#1657,.F.);
#843=ORIENTED_EDGE('',*,*,#1658,.F.);
#844=ORIENTED_EDGE('',*,*,#1659,.T.);
#845=ORIENTED_EDGE('',*,*,#1619,.F.);
#846=ORIENTED_EDGE('',*,*,#1660,.T.);
#847=ORIENTED_EDGE('',*,*,#1661,.T.);
#848=ORIENTED_EDGE('',*,*,#1662,.F.);
#849=ORIENTED_EDGE('',*,*,#1663,.T.);
#850=ORIENTED_EDGE('',*,*,#1664,.T.);
#851=ORIENTED_EDGE('',*,*,#1622,.F.);
#852=ORIENTED_EDGE('',*,*,#1665,.T.);
#853=ORIENTED_EDGE('',*,*,#1666,.T.);
#854=ORIENTED_EDGE('',*,*,#1667,.T.);
#855=ORIENTED_EDGE('',*,*,#1612,.F.);
#856=ORIENTED_EDGE('',*,*,#1668,.T.);
#857=ORIENTED_EDGE('',*,*,#1669,.T.);
#858=ORIENTED_EDGE('',*,*,#1670,.T.);
#859=ORIENTED_EDGE('',*,*,#1671,.F.);
#860=ORIENTED_EDGE('',*,*,#1672,.T.);
#861=ORIENTED_EDGE('',*,*,#1673,.T.);
#862=ORIENTED_EDGE('',*,*,#1674,.T.);
#863=ORIENTED_EDGE('',*,*,#1675,.T.);
#864=ORIENTED_EDGE('',*,*,#1676,.F.);
#865=ORIENTED_EDGE('',*,*,#1677,.T.);
#866=ORIENTED_EDGE('',*,*,#1678,.T.);
#867=ORIENTED_EDGE('',*,*,#1679,.T.);
#868=ORIENTED_EDGE('',*,*,#1680,.T.);
#869=ORIENTED_EDGE('',*,*,#1681,.T.);
#870=ORIENTED_EDGE('',*,*,#1682,.F.);
#871=ORIENTED_EDGE('',*,*,#1671,.T.);
#872=ORIENTED_EDGE('',*,*,#1683,.T.);
#873=ORIENTED_EDGE('',*,*,#1684,.F.);
#874=ORIENTED_EDGE('',*,*,#1685,.F.);
#875=ORIENTED_EDGE('',*,*,#1686,.T.);
#876=ORIENTED_EDGE('',*,*,#1687,.F.);
#877=ORIENTED_EDGE('',*,*,#1688,.F.);
#878=ORIENTED_EDGE('',*,*,#1689,.F.);
#879=ORIENTED_EDGE('',*,*,#1690,.F.);
#880=ORIENTED_EDGE('',*,*,#1691,.F.);
#881=ORIENTED_EDGE('',*,*,#1692,.T.);
#882=ORIENTED_EDGE('',*,*,#1693,.F.);
#883=ORIENTED_EDGE('',*,*,#1694,.T.);
#884=ORIENTED_EDGE('',*,*,#1695,.T.);
#885=ORIENTED_EDGE('',*,*,#1696,.T.);
#886=ORIENTED_EDGE('',*,*,#1697,.T.);
#887=ORIENTED_EDGE('',*,*,#1698,.T.);
#888=ORIENTED_EDGE('',*,*,#1699,.F.);
#889=ORIENTED_EDGE('',*,*,#1700,.F.);
#890=ORIENTED_EDGE('',*,*,#1701,.F.);
#891=ORIENTED_EDGE('',*,*,#1702,.F.);
#892=ORIENTED_EDGE('',*,*,#1703,.T.);
#893=ORIENTED_EDGE('',*,*,#1704,.F.);
#894=ORIENTED_EDGE('',*,*,#1694,.F.);
#895=ORIENTED_EDGE('',*,*,#1705,.T.);
#896=ORIENTED_EDGE('',*,*,#1706,.F.);
#897=ORIENTED_EDGE('',*,*,#1586,.F.);
#898=ORIENTED_EDGE('',*,*,#1707,.T.);
#899=ORIENTED_EDGE('',*,*,#1708,.T.);
#900=ORIENTED_EDGE('',*,*,#1709,.F.);
#901=ORIENTED_EDGE('',*,*,#1692,.F.);
#902=ORIENTED_EDGE('',*,*,#1710,.F.);
#903=ORIENTED_EDGE('',*,*,#1711,.T.);
#904=ORIENTED_EDGE('',*,*,#1712,.T.);
#905=ORIENTED_EDGE('',*,*,#1713,.T.);
#906=ORIENTED_EDGE('',*,*,#1714,.T.);
#907=ORIENTED_EDGE('',*,*,#1715,.T.);
#908=ORIENTED_EDGE('',*,*,#1716,.T.);
#909=ORIENTED_EDGE('',*,*,#1717,.F.);
#910=ORIENTED_EDGE('',*,*,#1718,.T.);
#911=ORIENTED_EDGE('',*,*,#1719,.F.);
#912=ORIENTED_EDGE('',*,*,#1720,.T.);
#913=ORIENTED_EDGE('',*,*,#1721,.F.);
#914=ORIENTED_EDGE('',*,*,#1609,.T.);
#915=ORIENTED_EDGE('',*,*,#1722,.T.);
#916=ORIENTED_EDGE('',*,*,#1723,.T.);
#917=ORIENTED_EDGE('',*,*,#1724,.T.);
#918=ORIENTED_EDGE('',*,*,#1593,.T.);
#919=ORIENTED_EDGE('',*,*,#1725,.F.);
#920=ORIENTED_EDGE('',*,*,#1726,.T.);
#921=ORIENTED_EDGE('',*,*,#1699,.T.);
#922=ORIENTED_EDGE('',*,*,#1727,.T.);
#923=ORIENTED_EDGE('',*,*,#1728,.T.);
#924=ORIENTED_EDGE('',*,*,#1729,.T.);
#925=ORIENTED_EDGE('',*,*,#1730,.T.);
#926=ORIENTED_EDGE('',*,*,#1731,.T.);
#927=ORIENTED_EDGE('',*,*,#1732,.T.);
#928=ORIENTED_EDGE('',*,*,#1733,.T.);
#929=ORIENTED_EDGE('',*,*,#1734,.T.);
#930=ORIENTED_EDGE('',*,*,#1735,.T.);
#931=ORIENTED_EDGE('',*,*,#1736,.T.);
#932=ORIENTED_EDGE('',*,*,#1737,.T.);
#933=ORIENTED_EDGE('',*,*,#1738,.T.);
#934=ORIENTED_EDGE('',*,*,#1739,.T.);
#935=ORIENTED_EDGE('',*,*,#1740,.T.);
#936=ORIENTED_EDGE('',*,*,#1741,.T.);
#937=ORIENTED_EDGE('',*,*,#1742,.T.);
#938=ORIENTED_EDGE('',*,*,#1743,.T.);
#939=ORIENTED_EDGE('',*,*,#1744,.T.);
#940=ORIENTED_EDGE('',*,*,#1745,.T.);
#941=ORIENTED_EDGE('',*,*,#1746,.T.);
#942=ORIENTED_EDGE('',*,*,#1747,.T.);
#943=ORIENTED_EDGE('',*,*,#1748,.T.);
#944=ORIENTED_EDGE('',*,*,#1647,.F.);
#945=ORIENTED_EDGE('',*,*,#1749,.F.);
#946=ORIENTED_EDGE('',*,*,#1592,.F.);
#947=ORIENTED_EDGE('',*,*,#1750,.T.);
#948=ORIENTED_EDGE('',*,*,#1751,.T.);
#949=ORIENTED_EDGE('',*,*,#1725,.T.);
#950=ORIENTED_EDGE('',*,*,#1752,.T.);
#951=ORIENTED_EDGE('',*,*,#1753,.T.);
#952=ORIENTED_EDGE('',*,*,#1754,.F.);
#953=ORIENTED_EDGE('',*,*,#1755,.T.);
#954=ORIENTED_EDGE('',*,*,#1756,.F.);
#955=ORIENTED_EDGE('',*,*,#1757,.F.);
#956=ORIENTED_EDGE('',*,*,#1758,.F.);
#957=ORIENTED_EDGE('',*,*,#1759,.F.);
#958=ORIENTED_EDGE('',*,*,#1760,.T.);
#959=ORIENTED_EDGE('',*,*,#1761,.F.);
#960=ORIENTED_EDGE('',*,*,#1762,.F.);
#961=ORIENTED_EDGE('',*,*,#1763,.F.);
#962=ORIENTED_EDGE('',*,*,#1764,.T.);
#963=ORIENTED_EDGE('',*,*,#1765,.T.);
#964=ORIENTED_EDGE('',*,*,#1766,.T.);
#965=ORIENTED_EDGE('',*,*,#1767,.T.);
#966=ORIENTED_EDGE('',*,*,#1768,.T.);
#967=ORIENTED_EDGE('',*,*,#1769,.T.);
#968=ORIENTED_EDGE('',*,*,#1770,.T.);
#969=ORIENTED_EDGE('',*,*,#1771,.T.);
#970=ORIENTED_EDGE('',*,*,#1772,.T.);
#971=ORIENTED_EDGE('',*,*,#1773,.T.);
#972=ORIENTED_EDGE('',*,*,#1774,.T.);
#973=ORIENTED_EDGE('',*,*,#1775,.T.);
#974=ORIENTED_EDGE('',*,*,#1776,.T.);
#975=ORIENTED_EDGE('',*,*,#1777,.T.);
#976=ORIENTED_EDGE('',*,*,#1778,.T.);
#977=ORIENTED_EDGE('',*,*,#1779,.F.);
#978=ORIENTED_EDGE('',*,*,#1780,.T.);
#979=ORIENTED_EDGE('',*,*,#1781,.F.);
#980=ORIENTED_EDGE('',*,*,#1782,.T.);
#981=ORIENTED_EDGE('',*,*,#1783,.T.);
#982=ORIENTED_EDGE('',*,*,#1672,.F.);
#983=ORIENTED_EDGE('',*,*,#1682,.T.);
#984=ORIENTED_EDGE('',*,*,#1784,.T.);
#985=ORIENTED_EDGE('',*,*,#1785,.T.);
#986=ORIENTED_EDGE('',*,*,#1782,.F.);
#987=ORIENTED_EDGE('',*,*,#1681,.F.);
#988=ORIENTED_EDGE('',*,*,#1786,.T.);
#989=ORIENTED_EDGE('',*,*,#1787,.T.);
#990=ORIENTED_EDGE('',*,*,#1784,.F.);
#991=ORIENTED_EDGE('',*,*,#1680,.F.);
#992=ORIENTED_EDGE('',*,*,#1788,.T.);
#993=ORIENTED_EDGE('',*,*,#1789,.T.);
#994=ORIENTED_EDGE('',*,*,#1786,.F.);
#995=ORIENTED_EDGE('',*,*,#1679,.F.);
#996=ORIENTED_EDGE('',*,*,#1790,.T.);
#997=ORIENTED_EDGE('',*,*,#1791,.T.);
#998=ORIENTED_EDGE('',*,*,#1788,.F.);
#999=ORIENTED_EDGE('',*,*,#1678,.F.);
#1000=ORIENTED_EDGE('',*,*,#1792,.T.);
#1001=ORIENTED_EDGE('',*,*,#1793,.T.);
#1002=ORIENTED_EDGE('',*,*,#1790,.F.);
#1003=ORIENTED_EDGE('',*,*,#1677,.F.);
#1004=ORIENTED_EDGE('',*,*,#1676,.T.);
#1005=ORIENTED_EDGE('',*,*,#1794,.T.);
#1006=ORIENTED_EDGE('',*,*,#1795,.T.);
#1007=ORIENTED_EDGE('',*,*,#1796,.T.);
#1008=ORIENTED_EDGE('',*,*,#1583,.T.);
#1009=ORIENTED_EDGE('',*,*,#1580,.T.);
#1010=ORIENTED_EDGE('',*,*,#1797,.T.);
#1011=ORIENTED_EDGE('',*,*,#1792,.F.);
#1012=ORIENTED_EDGE('',*,*,#1798,.T.);
#1013=ORIENTED_EDGE('',*,*,#1799,.T.);
#1014=ORIENTED_EDGE('',*,*,#1630,.F.);
#1015=ORIENTED_EDGE('',*,*,#1800,.T.);
#1016=ORIENTED_EDGE('',*,*,#1662,.T.);
#1017=ORIENTED_EDGE('',*,*,#1610,.T.);
#1018=ORIENTED_EDGE('',*,*,#1721,.T.);
#1019=ORIENTED_EDGE('',*,*,#1801,.F.);
#1020=ORIENTED_EDGE('',*,*,#1802,.T.);
#1021=ORIENTED_EDGE('',*,*,#1801,.T.);
#1022=ORIENTED_EDGE('',*,*,#1749,.T.);
#1023=ORIENTED_EDGE('',*,*,#1646,.F.);
#1024=ORIENTED_EDGE('',*,*,#1803,.T.);
#1025=ORIENTED_EDGE('',*,*,#1644,.T.);
#1026=ORIENTED_EDGE('',*,*,#1804,.T.);
#1027=ORIENTED_EDGE('',*,*,#1764,.F.);
#1028=ORIENTED_EDGE('',*,*,#1805,.F.);
#1029=ORIENTED_EDGE('',*,*,#1806,.F.);
#1030=ORIENTED_EDGE('',*,*,#1805,.T.);
#1031=ORIENTED_EDGE('',*,*,#1763,.T.);
#1032=ORIENTED_EDGE('',*,*,#1807,.F.);
#1033=ORIENTED_EDGE('',*,*,#1808,.T.);
#1034=ORIENTED_EDGE('',*,*,#1807,.T.);
#1035=ORIENTED_EDGE('',*,*,#1762,.T.);
#1036=ORIENTED_EDGE('',*,*,#1809,.F.);
#1037=ORIENTED_EDGE('',*,*,#1810,.T.);
#1038=ORIENTED_EDGE('',*,*,#1809,.T.);
#1039=ORIENTED_EDGE('',*,*,#1761,.T.);
#1040=ORIENTED_EDGE('',*,*,#1811,.F.);
#1041=ORIENTED_EDGE('',*,*,#1812,.T.);
#1042=ORIENTED_EDGE('',*,*,#1760,.F.);
#1043=ORIENTED_EDGE('',*,*,#1813,.F.);
#1044=ORIENTED_EDGE('',*,*,#1814,.F.);
#1045=ORIENTED_EDGE('',*,*,#1811,.T.);
#1046=ORIENTED_EDGE('',*,*,#1813,.T.);
#1047=ORIENTED_EDGE('',*,*,#1759,.T.);
#1048=ORIENTED_EDGE('',*,*,#1815,.F.);
#1049=ORIENTED_EDGE('',*,*,#1816,.T.);
#1050=ORIENTED_EDGE('',*,*,#1815,.T.);
#1051=ORIENTED_EDGE('',*,*,#1758,.T.);
#1052=ORIENTED_EDGE('',*,*,#1817,.F.);
#1053=ORIENTED_EDGE('',*,*,#1818,.T.);
#1054=ORIENTED_EDGE('',*,*,#1817,.T.);
#1055=ORIENTED_EDGE('',*,*,#1757,.T.);
#1056=ORIENTED_EDGE('',*,*,#1819,.F.);
#1057=ORIENTED_EDGE('',*,*,#1820,.T.);
#1058=ORIENTED_EDGE('',*,*,#1819,.T.);
#1059=ORIENTED_EDGE('',*,*,#1756,.T.);
#1060=ORIENTED_EDGE('',*,*,#1821,.F.);
#1061=ORIENTED_EDGE('',*,*,#1822,.T.);
#1062=ORIENTED_EDGE('',*,*,#1755,.F.);
#1063=ORIENTED_EDGE('',*,*,#1823,.F.);
#1064=ORIENTED_EDGE('',*,*,#1824,.F.);
#1065=ORIENTED_EDGE('',*,*,#1821,.T.);
#1066=ORIENTED_EDGE('',*,*,#1754,.T.);
#1067=ORIENTED_EDGE('',*,*,#1825,.T.);
#1068=ORIENTED_EDGE('',*,*,#1695,.F.);
#1069=ORIENTED_EDGE('',*,*,#1826,.T.);
#1070=ORIENTED_EDGE('',*,*,#1823,.T.);
#1071=ORIENTED_EDGE('',*,*,#1685,.T.);
#1072=ORIENTED_EDGE('',*,*,#1827,.F.);
#1073=ORIENTED_EDGE('',*,*,#1828,.T.);
#1074=ORIENTED_EDGE('',*,*,#1829,.F.);
#1075=ORIENTED_EDGE('',*,*,#1830,.F.);
#1076=ORIENTED_EDGE('',*,*,#1617,.T.);
#1077=ORIENTED_EDGE('',*,*,#1831,.T.);
#1078=ORIENTED_EDGE('',*,*,#1832,.F.);
#1079=ORIENTED_EDGE('',*,*,#1833,.F.);
#1080=ORIENTED_EDGE('',*,*,#1834,.T.);
#1081=ORIENTED_EDGE('',*,*,#1627,.T.);
#1082=ORIENTED_EDGE('',*,*,#1835,.T.);
#1083=ORIENTED_EDGE('',*,*,#1836,.F.);
#1084=ORIENTED_EDGE('',*,*,#1837,.F.);
#1085=ORIENTED_EDGE('',*,*,#1634,.T.);
#1086=ORIENTED_EDGE('',*,*,#1838,.F.);
#1087=ORIENTED_EDGE('',*,*,#1839,.F.);
#1088=ORIENTED_EDGE('',*,*,#1840,.T.);
#1089=ORIENTED_EDGE('',*,*,#1633,.T.);
#1090=ORIENTED_EDGE('',*,*,#1841,.T.);
#1091=ORIENTED_EDGE('',*,*,#1842,.F.);
#1092=ORIENTED_EDGE('',*,*,#1843,.F.);
#1093=ORIENTED_EDGE('',*,*,#1587,.T.);
#1094=ORIENTED_EDGE('',*,*,#1712,.F.);
#1095=ORIENTED_EDGE('',*,*,#1844,.F.);
#1096=ORIENTED_EDGE('',*,*,#1838,.T.);
#1097=ORIENTED_EDGE('',*,*,#1691,.T.);
#1098=ORIENTED_EDGE('',*,*,#1845,.F.);
#1099=ORIENTED_EDGE('',*,*,#1846,.F.);
#1100=ORIENTED_EDGE('',*,*,#1710,.T.);
#1101=ORIENTED_EDGE('',*,*,#1690,.T.);
#1102=ORIENTED_EDGE('',*,*,#1847,.F.);
#1103=ORIENTED_EDGE('',*,*,#1848,.F.);
#1104=ORIENTED_EDGE('',*,*,#1845,.T.);
#1105=ORIENTED_EDGE('',*,*,#1689,.T.);
#1106=ORIENTED_EDGE('',*,*,#1849,.F.);
#1107=ORIENTED_EDGE('',*,*,#1850,.F.);
#1108=ORIENTED_EDGE('',*,*,#1847,.T.);
#1109=ORIENTED_EDGE('',*,*,#1688,.T.);
#1110=ORIENTED_EDGE('',*,*,#1851,.F.);
#1111=ORIENTED_EDGE('',*,*,#1852,.F.);
#1112=ORIENTED_EDGE('',*,*,#1849,.T.);
#1113=ORIENTED_EDGE('',*,*,#1687,.T.);
#1114=ORIENTED_EDGE('',*,*,#1853,.F.);
#1115=ORIENTED_EDGE('',*,*,#1854,.F.);
#1116=ORIENTED_EDGE('',*,*,#1851,.T.);
#1117=ORIENTED_EDGE('',*,*,#1853,.T.);
#1118=ORIENTED_EDGE('',*,*,#1686,.F.);
#1119=ORIENTED_EDGE('',*,*,#1840,.F.);
#1120=ORIENTED_EDGE('',*,*,#1855,.T.);
#1121=ORIENTED_EDGE('',*,*,#1726,.F.);
#1122=ORIENTED_EDGE('',*,*,#1751,.F.);
#1123=ORIENTED_EDGE('',*,*,#1856,.F.);
#1124=ORIENTED_EDGE('',*,*,#1700,.T.);
#1125=ORIENTED_EDGE('',*,*,#1611,.F.);
#1126=ORIENTED_EDGE('',*,*,#1802,.F.);
#1127=ORIENTED_EDGE('',*,*,#1803,.F.);
#1128=ORIENTED_EDGE('',*,*,#1645,.F.);
#1129=ORIENTED_EDGE('',*,*,#1806,.T.);
#1130=ORIENTED_EDGE('',*,*,#1808,.F.);
#1131=ORIENTED_EDGE('',*,*,#1810,.F.);
#1132=ORIENTED_EDGE('',*,*,#1812,.F.);
#1133=ORIENTED_EDGE('',*,*,#1814,.T.);
#1134=ORIENTED_EDGE('',*,*,#1816,.F.);
#1135=ORIENTED_EDGE('',*,*,#1818,.F.);
#1136=ORIENTED_EDGE('',*,*,#1820,.F.);
#1137=ORIENTED_EDGE('',*,*,#1822,.F.);
#1138=ORIENTED_EDGE('',*,*,#1824,.T.);
#1139=ORIENTED_EDGE('',*,*,#1826,.F.);
#1140=ORIENTED_EDGE('',*,*,#1701,.T.);
#1141=ORIENTED_EDGE('',*,*,#1856,.T.);
#1142=ORIENTED_EDGE('',*,*,#1750,.F.);
#1143=ORIENTED_EDGE('',*,*,#1591,.F.);
#1144=ORIENTED_EDGE('',*,*,#1598,.F.);
#1145=ORIENTED_EDGE('',*,*,#1601,.F.);
#1146=ORIENTED_EDGE('',*,*,#1604,.F.);
#1147=ORIENTED_EDGE('',*,*,#1839,.T.);
#1148=ORIENTED_EDGE('',*,*,#1844,.T.);
#1149=ORIENTED_EDGE('',*,*,#1711,.F.);
#1150=ORIENTED_EDGE('',*,*,#1846,.T.);
#1151=ORIENTED_EDGE('',*,*,#1848,.T.);
#1152=ORIENTED_EDGE('',*,*,#1850,.T.);
#1153=ORIENTED_EDGE('',*,*,#1852,.T.);
#1154=ORIENTED_EDGE('',*,*,#1854,.T.);
#1155=ORIENTED_EDGE('',*,*,#1855,.F.);
#1156=ORIENTED_EDGE('',*,*,#1716,.F.);
#1157=ORIENTED_EDGE('',*,*,#1857,.F.);
#1158=ORIENTED_EDGE('',*,*,#1857,.T.);
#1159=ORIENTED_EDGE('',*,*,#1858,.F.);
#1160=ORIENTED_EDGE('',*,*,#1858,.T.);
#1161=ORIENTED_EDGE('',*,*,#1774,.F.);
#1162=ORIENTED_EDGE('',*,*,#1715,.F.);
#1163=ORIENTED_EDGE('',*,*,#1859,.F.);
#1164=ORIENTED_EDGE('',*,*,#1859,.T.);
#1165=ORIENTED_EDGE('',*,*,#1860,.F.);
#1166=ORIENTED_EDGE('',*,*,#1860,.T.);
#1167=ORIENTED_EDGE('',*,*,#1775,.F.);
#1168=ORIENTED_EDGE('',*,*,#1714,.F.);
#1169=ORIENTED_EDGE('',*,*,#1861,.F.);
#1170=ORIENTED_EDGE('',*,*,#1861,.T.);
#1171=ORIENTED_EDGE('',*,*,#1862,.F.);
#1172=ORIENTED_EDGE('',*,*,#1862,.T.);
#1173=ORIENTED_EDGE('',*,*,#1776,.F.);
#1174=ORIENTED_EDGE('',*,*,#1713,.F.);
#1175=ORIENTED_EDGE('',*,*,#1863,.F.);
#1176=ORIENTED_EDGE('',*,*,#1863,.T.);
#1177=ORIENTED_EDGE('',*,*,#1864,.F.);
#1178=ORIENTED_EDGE('',*,*,#1864,.T.);
#1179=ORIENTED_EDGE('',*,*,#1777,.F.);
#1180=ORIENTED_EDGE('',*,*,#1865,.T.);
#1181=ORIENTED_EDGE('',*,*,#1778,.F.);
#1182=ORIENTED_EDGE('',*,*,#1866,.F.);
#1183=ORIENTED_EDGE('',*,*,#1718,.F.);
#1184=ORIENTED_EDGE('',*,*,#1719,.T.);
#1185=ORIENTED_EDGE('',*,*,#1866,.T.);
#1186=ORIENTED_EDGE('',*,*,#1781,.T.);
#1187=ORIENTED_EDGE('',*,*,#1867,.F.);
#1188=ORIENTED_EDGE('',*,*,#1867,.T.);
#1189=ORIENTED_EDGE('',*,*,#1780,.F.);
#1190=ORIENTED_EDGE('',*,*,#1868,.F.);
#1191=ORIENTED_EDGE('',*,*,#1720,.F.);
#1192=ORIENTED_EDGE('',*,*,#1717,.T.);
#1193=ORIENTED_EDGE('',*,*,#1868,.T.);
#1194=ORIENTED_EDGE('',*,*,#1779,.T.);
#1195=ORIENTED_EDGE('',*,*,#1865,.F.);
#1196=ORIENTED_EDGE('',*,*,#1748,.F.);
#1197=ORIENTED_EDGE('',*,*,#1869,.F.);
#1198=ORIENTED_EDGE('',*,*,#1870,.T.);
#1199=ORIENTED_EDGE('',*,*,#1641,.T.);
#1200=ORIENTED_EDGE('',*,*,#1747,.F.);
#1201=ORIENTED_EDGE('',*,*,#1871,.F.);
#1202=ORIENTED_EDGE('',*,*,#1872,.T.);
#1203=ORIENTED_EDGE('',*,*,#1869,.T.);
#1204=ORIENTED_EDGE('',*,*,#1746,.F.);
#1205=ORIENTED_EDGE('',*,*,#1873,.F.);
#1206=ORIENTED_EDGE('',*,*,#1874,.T.);
#1207=ORIENTED_EDGE('',*,*,#1871,.T.);
#1208=ORIENTED_EDGE('',*,*,#1745,.F.);
#1209=ORIENTED_EDGE('',*,*,#1875,.F.);
#1210=ORIENTED_EDGE('',*,*,#1876,.T.);
#1211=ORIENTED_EDGE('',*,*,#1873,.T.);
#1212=ORIENTED_EDGE('',*,*,#1744,.F.);
#1213=ORIENTED_EDGE('',*,*,#1877,.F.);
#1214=ORIENTED_EDGE('',*,*,#1878,.T.);
#1215=ORIENTED_EDGE('',*,*,#1875,.T.);
#1216=ORIENTED_EDGE('',*,*,#1743,.F.);
#1217=ORIENTED_EDGE('',*,*,#1879,.F.);
#1218=ORIENTED_EDGE('',*,*,#1880,.T.);
#1219=ORIENTED_EDGE('',*,*,#1877,.T.);
#1220=ORIENTED_EDGE('',*,*,#1742,.F.);
#1221=ORIENTED_EDGE('',*,*,#1881,.F.);
#1222=ORIENTED_EDGE('',*,*,#1882,.T.);
#1223=ORIENTED_EDGE('',*,*,#1879,.T.);
#1224=ORIENTED_EDGE('',*,*,#1741,.F.);
#1225=ORIENTED_EDGE('',*,*,#1883,.F.);
#1226=ORIENTED_EDGE('',*,*,#1884,.T.);
#1227=ORIENTED_EDGE('',*,*,#1881,.T.);
#1228=ORIENTED_EDGE('',*,*,#1740,.F.);
#1229=ORIENTED_EDGE('',*,*,#1885,.F.);
#1230=ORIENTED_EDGE('',*,*,#1886,.T.);
#1231=ORIENTED_EDGE('',*,*,#1883,.T.);
#1232=ORIENTED_EDGE('',*,*,#1739,.F.);
#1233=ORIENTED_EDGE('',*,*,#1887,.F.);
#1234=ORIENTED_EDGE('',*,*,#1888,.T.);
#1235=ORIENTED_EDGE('',*,*,#1885,.T.);
#1236=ORIENTED_EDGE('',*,*,#1738,.F.);
#1237=ORIENTED_EDGE('',*,*,#1889,.F.);
#1238=ORIENTED_EDGE('',*,*,#1890,.T.);
#1239=ORIENTED_EDGE('',*,*,#1887,.T.);
#1240=ORIENTED_EDGE('',*,*,#1737,.F.);
#1241=ORIENTED_EDGE('',*,*,#1891,.F.);
#1242=ORIENTED_EDGE('',*,*,#1892,.T.);
#1243=ORIENTED_EDGE('',*,*,#1889,.T.);
#1244=ORIENTED_EDGE('',*,*,#1736,.F.);
#1245=ORIENTED_EDGE('',*,*,#1893,.F.);
#1246=ORIENTED_EDGE('',*,*,#1894,.T.);
#1247=ORIENTED_EDGE('',*,*,#1891,.T.);
#1248=ORIENTED_EDGE('',*,*,#1735,.F.);
#1249=ORIENTED_EDGE('',*,*,#1895,.F.);
#1250=ORIENTED_EDGE('',*,*,#1896,.T.);
#1251=ORIENTED_EDGE('',*,*,#1893,.T.);
#1252=ORIENTED_EDGE('',*,*,#1734,.F.);
#1253=ORIENTED_EDGE('',*,*,#1897,.F.);
#1254=ORIENTED_EDGE('',*,*,#1898,.T.);
#1255=ORIENTED_EDGE('',*,*,#1895,.T.);
#1256=ORIENTED_EDGE('',*,*,#1733,.F.);
#1257=ORIENTED_EDGE('',*,*,#1899,.F.);
#1258=ORIENTED_EDGE('',*,*,#1900,.T.);
#1259=ORIENTED_EDGE('',*,*,#1897,.T.);
#1260=ORIENTED_EDGE('',*,*,#1732,.F.);
#1261=ORIENTED_EDGE('',*,*,#1901,.F.);
#1262=ORIENTED_EDGE('',*,*,#1902,.T.);
#1263=ORIENTED_EDGE('',*,*,#1899,.T.);
#1264=ORIENTED_EDGE('',*,*,#1731,.F.);
#1265=ORIENTED_EDGE('',*,*,#1903,.F.);
#1266=ORIENTED_EDGE('',*,*,#1904,.T.);
#1267=ORIENTED_EDGE('',*,*,#1901,.T.);
#1268=ORIENTED_EDGE('',*,*,#1730,.F.);
#1269=ORIENTED_EDGE('',*,*,#1905,.F.);
#1270=ORIENTED_EDGE('',*,*,#1906,.T.);
#1271=ORIENTED_EDGE('',*,*,#1903,.T.);
#1272=ORIENTED_EDGE('',*,*,#1729,.F.);
#1273=ORIENTED_EDGE('',*,*,#1907,.F.);
#1274=ORIENTED_EDGE('',*,*,#1908,.T.);
#1275=ORIENTED_EDGE('',*,*,#1905,.T.);
#1276=ORIENTED_EDGE('',*,*,#1728,.F.);
#1277=ORIENTED_EDGE('',*,*,#1909,.F.);
#1278=ORIENTED_EDGE('',*,*,#1910,.T.);
#1279=ORIENTED_EDGE('',*,*,#1907,.T.);
#1280=ORIENTED_EDGE('',*,*,#1727,.F.);
#1281=ORIENTED_EDGE('',*,*,#1698,.F.);
#1282=ORIENTED_EDGE('',*,*,#1911,.T.);
#1283=ORIENTED_EDGE('',*,*,#1909,.T.);
#1284=ORIENTED_EDGE('',*,*,#1697,.F.);
#1285=ORIENTED_EDGE('',*,*,#1912,.T.);
#1286=ORIENTED_EDGE('',*,*,#1913,.T.);
#1287=ORIENTED_EDGE('',*,*,#1642,.T.);
#1288=ORIENTED_EDGE('',*,*,#1870,.F.);
#1289=ORIENTED_EDGE('',*,*,#1872,.F.);
#1290=ORIENTED_EDGE('',*,*,#1874,.F.);
#1291=ORIENTED_EDGE('',*,*,#1876,.F.);
#1292=ORIENTED_EDGE('',*,*,#1878,.F.);
#1293=ORIENTED_EDGE('',*,*,#1880,.F.);
#1294=ORIENTED_EDGE('',*,*,#1882,.F.);
#1295=ORIENTED_EDGE('',*,*,#1884,.F.);
#1296=ORIENTED_EDGE('',*,*,#1886,.F.);
#1297=ORIENTED_EDGE('',*,*,#1888,.F.);
#1298=ORIENTED_EDGE('',*,*,#1890,.F.);
#1299=ORIENTED_EDGE('',*,*,#1892,.F.);
#1300=ORIENTED_EDGE('',*,*,#1894,.F.);
#1301=ORIENTED_EDGE('',*,*,#1896,.F.);
#1302=ORIENTED_EDGE('',*,*,#1898,.F.);
#1303=ORIENTED_EDGE('',*,*,#1900,.F.);
#1304=ORIENTED_EDGE('',*,*,#1902,.F.);
#1305=ORIENTED_EDGE('',*,*,#1904,.F.);
#1306=ORIENTED_EDGE('',*,*,#1906,.F.);
#1307=ORIENTED_EDGE('',*,*,#1908,.F.);
#1308=ORIENTED_EDGE('',*,*,#1910,.F.);
#1309=ORIENTED_EDGE('',*,*,#1911,.F.);
#1310=ORIENTED_EDGE('',*,*,#1914,.F.);
#1311=ORIENTED_EDGE('',*,*,#1594,.T.);
#1312=ORIENTED_EDGE('',*,*,#1724,.F.);
#1313=ORIENTED_EDGE('',*,*,#1915,.F.);
#1314=ORIENTED_EDGE('',*,*,#1916,.F.);
#1315=ORIENTED_EDGE('',*,*,#1915,.T.);
#1316=ORIENTED_EDGE('',*,*,#1723,.F.);
#1317=ORIENTED_EDGE('',*,*,#1917,.F.);
#1318=ORIENTED_EDGE('',*,*,#1918,.F.);
#1319=ORIENTED_EDGE('',*,*,#1917,.T.);
#1320=ORIENTED_EDGE('',*,*,#1722,.F.);
#1321=ORIENTED_EDGE('',*,*,#1608,.F.);
#1322=ORIENTED_EDGE('',*,*,#1919,.F.);
#1323=ORIENTED_EDGE('',*,*,#1673,.F.);
#1324=ORIENTED_EDGE('',*,*,#1920,.F.);
#1325=ORIENTED_EDGE('',*,*,#1770,.F.);
#1326=ORIENTED_EDGE('',*,*,#1920,.T.);
#1327=ORIENTED_EDGE('',*,*,#1783,.F.);
#1328=ORIENTED_EDGE('',*,*,#1921,.F.);
#1329=ORIENTED_EDGE('',*,*,#1771,.F.);
#1330=ORIENTED_EDGE('',*,*,#1579,.F.);
#1331=ORIENTED_EDGE('',*,*,#1922,.T.);
#1332=ORIENTED_EDGE('',*,*,#1923,.T.);
#1333=ORIENTED_EDGE('',*,*,#1924,.T.);
#1334=ORIENTED_EDGE('',*,*,#1798,.F.);
#1335=ORIENTED_EDGE('',*,*,#1919,.T.);
#1336=ORIENTED_EDGE('',*,*,#1769,.F.);
#1337=ORIENTED_EDGE('',*,*,#1925,.F.);
#1338=ORIENTED_EDGE('',*,*,#1921,.T.);
#1339=ORIENTED_EDGE('',*,*,#1785,.F.);
#1340=ORIENTED_EDGE('',*,*,#1926,.F.);
#1341=ORIENTED_EDGE('',*,*,#1772,.F.);
#1342=ORIENTED_EDGE('',*,*,#1925,.T.);
#1343=ORIENTED_EDGE('',*,*,#1768,.F.);
#1344=ORIENTED_EDGE('',*,*,#1927,.F.);
#1345=ORIENTED_EDGE('',*,*,#1797,.F.);
#1346=ORIENTED_EDGE('',*,*,#1926,.T.);
#1347=ORIENTED_EDGE('',*,*,#1787,.F.);
#1348=ORIENTED_EDGE('',*,*,#1928,.F.);
#1349=ORIENTED_EDGE('',*,*,#1773,.F.);
#1350=ORIENTED_EDGE('',*,*,#1927,.T.);
#1351=ORIENTED_EDGE('',*,*,#1767,.F.);
#1352=ORIENTED_EDGE('',*,*,#1929,.F.);
#1353=ORIENTED_EDGE('',*,*,#1793,.F.);
#1354=ORIENTED_EDGE('',*,*,#1928,.T.);
#1355=ORIENTED_EDGE('',*,*,#1789,.F.);
#1356=ORIENTED_EDGE('',*,*,#1930,.F.);
#1357=ORIENTED_EDGE('',*,*,#1765,.F.);
#1358=ORIENTED_EDGE('',*,*,#1929,.T.);
#1359=ORIENTED_EDGE('',*,*,#1766,.F.);
#1360=ORIENTED_EDGE('',*,*,#1930,.T.);
#1361=ORIENTED_EDGE('',*,*,#1791,.F.);
#1362=ORIENTED_EDGE('',*,*,#1643,.F.);
#1363=ORIENTED_EDGE('',*,*,#1913,.F.);
#1364=ORIENTED_EDGE('',*,*,#1931,.F.);
#1365=ORIENTED_EDGE('',*,*,#1932,.F.);
#1366=ORIENTED_EDGE('',*,*,#1912,.F.);
#1367=ORIENTED_EDGE('',*,*,#1696,.F.);
#1368=ORIENTED_EDGE('',*,*,#1933,.F.);
#1369=ORIENTED_EDGE('',*,*,#1931,.T.);
#1370=ORIENTED_EDGE('',*,*,#1804,.F.);
#1371=ORIENTED_EDGE('',*,*,#1932,.T.);
#1372=ORIENTED_EDGE('',*,*,#1934,.F.);
#1373=ORIENTED_EDGE('',*,*,#1752,.F.);
#1374=ORIENTED_EDGE('',*,*,#1934,.T.);
#1375=ORIENTED_EDGE('',*,*,#1933,.T.);
#1376=ORIENTED_EDGE('',*,*,#1825,.F.);
#1377=ORIENTED_EDGE('',*,*,#1753,.F.);
#1378=ORIENTED_EDGE('',*,*,#1585,.T.);
#1379=ORIENTED_EDGE('',*,*,#1935,.T.);
#1380=ORIENTED_EDGE('',*,*,#1936,.F.);
#1381=ORIENTED_EDGE('',*,*,#1702,.T.);
#1382=ORIENTED_EDGE('',*,*,#1937,.T.);
#1383=ORIENTED_EDGE('',*,*,#1707,.F.);
#1384=ORIENTED_EDGE('',*,*,#1693,.T.);
#1385=ORIENTED_EDGE('',*,*,#1709,.T.);
#1386=ORIENTED_EDGE('',*,*,#1938,.F.);
#1387=ORIENTED_EDGE('',*,*,#1705,.F.);
#1388=ORIENTED_EDGE('',*,*,#1706,.T.);
#1389=ORIENTED_EDGE('',*,*,#1938,.T.);
#1390=ORIENTED_EDGE('',*,*,#1708,.F.);
#1391=ORIENTED_EDGE('',*,*,#1937,.F.);
#1392=ORIENTED_EDGE('',*,*,#1637,.F.);
#1393=ORIENTED_EDGE('',*,*,#1939,.T.);
#1394=ORIENTED_EDGE('',*,*,#1940,.T.);
#1395=ORIENTED_EDGE('',*,*,#1836,.T.);
#1396=ORIENTED_EDGE('',*,*,#1941,.F.);
#1397=ORIENTED_EDGE('',*,*,#1638,.T.);
#1398=ORIENTED_EDGE('',*,*,#1941,.T.);
#1399=ORIENTED_EDGE('',*,*,#1835,.F.);
#1400=ORIENTED_EDGE('',*,*,#1626,.F.);
#1401=ORIENTED_EDGE('',*,*,#1940,.F.);
#1402=ORIENTED_EDGE('',*,*,#1942,.T.);
#1403=ORIENTED_EDGE('',*,*,#1943,.T.);
#1404=ORIENTED_EDGE('',*,*,#1944,.T.);
#1405=ORIENTED_EDGE('',*,*,#1800,.F.);
#1406=ORIENTED_EDGE('',*,*,#1635,.F.);
#1407=ORIENTED_EDGE('',*,*,#1837,.T.);
#1408=ORIENTED_EDGE('',*,*,#1945,.T.);
#1409=ORIENTED_EDGE('',*,*,#1832,.T.);
#1410=ORIENTED_EDGE('',*,*,#1946,.F.);
#1411=ORIENTED_EDGE('',*,*,#1651,.F.);
#1412=ORIENTED_EDGE('',*,*,#1652,.T.);
#1413=ORIENTED_EDGE('',*,*,#1946,.T.);
#1414=ORIENTED_EDGE('',*,*,#1831,.F.);
#1415=ORIENTED_EDGE('',*,*,#1616,.F.);
#1416=ORIENTED_EDGE('',*,*,#1947,.T.);
#1417=ORIENTED_EDGE('',*,*,#1833,.T.);
#1418=ORIENTED_EDGE('',*,*,#1945,.F.);
#1419=ORIENTED_EDGE('',*,*,#1650,.F.);
#1420=ORIENTED_EDGE('',*,*,#1948,.T.);
#1421=ORIENTED_EDGE('',*,*,#1829,.T.);
#1422=ORIENTED_EDGE('',*,*,#1949,.F.);
#1423=ORIENTED_EDGE('',*,*,#1661,.F.);
#1424=ORIENTED_EDGE('',*,*,#1655,.T.);
#1425=ORIENTED_EDGE('',*,*,#1949,.T.);
#1426=ORIENTED_EDGE('',*,*,#1828,.F.);
#1427=ORIENTED_EDGE('',*,*,#1950,.F.);
#1428=ORIENTED_EDGE('',*,*,#1618,.T.);
#1429=ORIENTED_EDGE('',*,*,#1830,.T.);
#1430=ORIENTED_EDGE('',*,*,#1948,.F.);
#1431=ORIENTED_EDGE('',*,*,#1660,.F.);
#1432=ORIENTED_EDGE('',*,*,#1951,.T.);
#1433=ORIENTED_EDGE('',*,*,#1952,.T.);
#1434=ORIENTED_EDGE('',*,*,#1674,.F.);
#1435=ORIENTED_EDGE('',*,*,#1704,.T.);
#1436=ORIENTED_EDGE('',*,*,#1936,.T.);
#1437=ORIENTED_EDGE('',*,*,#1953,.T.);
#1438=ORIENTED_EDGE('',*,*,#1951,.F.);
#1439=ORIENTED_EDGE('',*,*,#1703,.F.);
#1440=ORIENTED_EDGE('',*,*,#1950,.T.);
#1441=ORIENTED_EDGE('',*,*,#1827,.T.);
#1442=ORIENTED_EDGE('',*,*,#1954,.F.);
#1443=ORIENTED_EDGE('',*,*,#1656,.F.);
#1444=ORIENTED_EDGE('',*,*,#1684,.T.);
#1445=ORIENTED_EDGE('',*,*,#1955,.T.);
#1446=ORIENTED_EDGE('',*,*,#1956,.F.);
#1447=ORIENTED_EDGE('',*,*,#1657,.T.);
#1448=ORIENTED_EDGE('',*,*,#1954,.T.);
#1449=ORIENTED_EDGE('',*,*,#1956,.T.);
#1450=ORIENTED_EDGE('',*,*,#1957,.T.);
#1451=ORIENTED_EDGE('',*,*,#1958,.F.);
#1452=ORIENTED_EDGE('',*,*,#1658,.T.);
#1453=ORIENTED_EDGE('',*,*,#1958,.T.);
#1454=ORIENTED_EDGE('',*,*,#1959,.T.);
#1455=ORIENTED_EDGE('',*,*,#1620,.F.);
#1456=ORIENTED_EDGE('',*,*,#1659,.F.);
#1457=ORIENTED_EDGE('',*,*,#1960,.T.);
#1458=ORIENTED_EDGE('',*,*,#1834,.F.);
#1459=ORIENTED_EDGE('',*,*,#1947,.F.);
#1460=ORIENTED_EDGE('',*,*,#1649,.F.);
#1461=ORIENTED_EDGE('',*,*,#1614,.T.);
#1462=ORIENTED_EDGE('',*,*,#1961,.T.);
#1463=ORIENTED_EDGE('',*,*,#1962,.F.);
#1464=ORIENTED_EDGE('',*,*,#1653,.T.);
#1465=ORIENTED_EDGE('',*,*,#1962,.T.);
#1466=ORIENTED_EDGE('',*,*,#1963,.T.);
#1467=ORIENTED_EDGE('',*,*,#1964,.F.);
#1468=ORIENTED_EDGE('',*,*,#1654,.T.);
#1469=ORIENTED_EDGE('',*,*,#1964,.T.);
#1470=ORIENTED_EDGE('',*,*,#1965,.T.);
#1471=ORIENTED_EDGE('',*,*,#1628,.F.);
#1472=ORIENTED_EDGE('',*,*,#1960,.F.);
#1473=ORIENTED_EDGE('',*,*,#1648,.F.);
#1474=ORIENTED_EDGE('',*,*,#1624,.T.);
#1475=ORIENTED_EDGE('',*,*,#1966,.T.);
#1476=ORIENTED_EDGE('',*,*,#1967,.F.);
#1477=ORIENTED_EDGE('',*,*,#1639,.T.);
#1478=ORIENTED_EDGE('',*,*,#1967,.T.);
#1479=ORIENTED_EDGE('',*,*,#1968,.T.);
#1480=ORIENTED_EDGE('',*,*,#1943,.F.);
#1481=ORIENTED_EDGE('',*,*,#1969,.T.);
#1482=ORIENTED_EDGE('',*,*,#1640,.T.);
#1483=ORIENTED_EDGE('',*,*,#1584,.F.);
#1484=ORIENTED_EDGE('',*,*,#1796,.F.);
#1485=ORIENTED_EDGE('',*,*,#1970,.F.);
#1486=ORIENTED_EDGE('',*,*,#1935,.F.);
#1487=ORIENTED_EDGE('',*,*,#1675,.F.);
#1488=ORIENTED_EDGE('',*,*,#1952,.F.);
#1489=ORIENTED_EDGE('',*,*,#1971,.F.);
#1490=ORIENTED_EDGE('',*,*,#1794,.F.);
#1491=ORIENTED_EDGE('',*,*,#1970,.T.);
#1492=ORIENTED_EDGE('',*,*,#1795,.F.);
#1493=ORIENTED_EDGE('',*,*,#1971,.T.);
#1494=ORIENTED_EDGE('',*,*,#1953,.F.);
#1495=ORIENTED_EDGE('',*,*,#1969,.F.);
#1496=ORIENTED_EDGE('',*,*,#1942,.F.);
#1497=ORIENTED_EDGE('',*,*,#1939,.F.);
#1498=ORIENTED_EDGE('',*,*,#1636,.F.);
#1499=ORIENTED_EDGE('',*,*,#1623,.F.);
#1500=ORIENTED_EDGE('',*,*,#1664,.F.);
#1501=ORIENTED_EDGE('',*,*,#1972,.F.);
#1502=ORIENTED_EDGE('',*,*,#1966,.F.);
#1503=ORIENTED_EDGE('',*,*,#1972,.T.);
#1504=ORIENTED_EDGE('',*,*,#1663,.F.);
#1505=ORIENTED_EDGE('',*,*,#1944,.F.);
#1506=ORIENTED_EDGE('',*,*,#1968,.F.);
#1507=ORIENTED_EDGE('',*,*,#1683,.F.);
#1508=ORIENTED_EDGE('',*,*,#1670,.F.);
#1509=ORIENTED_EDGE('',*,*,#1973,.F.);
#1510=ORIENTED_EDGE('',*,*,#1955,.F.);
#1511=ORIENTED_EDGE('',*,*,#1621,.F.);
#1512=ORIENTED_EDGE('',*,*,#1959,.F.);
#1513=ORIENTED_EDGE('',*,*,#1974,.F.);
#1514=ORIENTED_EDGE('',*,*,#1668,.F.);
#1515=ORIENTED_EDGE('',*,*,#1973,.T.);
#1516=ORIENTED_EDGE('',*,*,#1669,.F.);
#1517=ORIENTED_EDGE('',*,*,#1974,.T.);
#1518=ORIENTED_EDGE('',*,*,#1957,.F.);
#1519=ORIENTED_EDGE('',*,*,#1629,.F.);
#1520=ORIENTED_EDGE('',*,*,#1965,.F.);
#1521=ORIENTED_EDGE('',*,*,#1975,.F.);
#1522=ORIENTED_EDGE('',*,*,#1665,.F.);
#1523=ORIENTED_EDGE('',*,*,#1975,.T.);
#1524=ORIENTED_EDGE('',*,*,#1963,.F.);
#1525=ORIENTED_EDGE('',*,*,#1976,.F.);
#1526=ORIENTED_EDGE('',*,*,#1666,.F.);
#1527=ORIENTED_EDGE('',*,*,#1613,.F.);
#1528=ORIENTED_EDGE('',*,*,#1667,.F.);
#1529=ORIENTED_EDGE('',*,*,#1976,.T.);
#1530=ORIENTED_EDGE('',*,*,#1961,.F.);
#1531=ORIENTED_EDGE('',*,*,#1977,.T.);
#1532=ORIENTED_EDGE('',*,*,#1978,.T.);
#1533=ORIENTED_EDGE('',*,*,#1581,.F.);
#1534=ORIENTED_EDGE('',*,*,#1843,.T.);
#1535=ORIENTED_EDGE('',*,*,#1979,.F.);
#1536=ORIENTED_EDGE('',*,*,#1588,.F.);
#1537=ORIENTED_EDGE('',*,*,#1842,.T.);
#1538=ORIENTED_EDGE('',*,*,#1980,.F.);
#1539=ORIENTED_EDGE('',*,*,#1605,.F.);
#1540=ORIENTED_EDGE('',*,*,#1602,.F.);
#1541=ORIENTED_EDGE('',*,*,#1599,.F.);
#1542=ORIENTED_EDGE('',*,*,#1596,.F.);
#1543=ORIENTED_EDGE('',*,*,#1589,.F.);
#1544=ORIENTED_EDGE('',*,*,#1979,.T.);
#1545=ORIENTED_EDGE('',*,*,#1632,.T.);
#1546=ORIENTED_EDGE('',*,*,#1981,.T.);
#1547=ORIENTED_EDGE('',*,*,#1982,.F.);
#1548=ORIENTED_EDGE('',*,*,#1606,.T.);
#1549=ORIENTED_EDGE('',*,*,#1980,.T.);
#1550=ORIENTED_EDGE('',*,*,#1841,.F.);
#1551=ORIENTED_EDGE('',*,*,#1982,.T.);
#1552=ORIENTED_EDGE('',*,*,#1983,.T.);
#1553=ORIENTED_EDGE('',*,*,#1984,.T.);
#1554=ORIENTED_EDGE('',*,*,#1985,.T.);
#1555=ORIENTED_EDGE('',*,*,#1977,.F.);
#1556=ORIENTED_EDGE('',*,*,#1595,.T.);
#1557=ORIENTED_EDGE('',*,*,#1914,.T.);
#1558=ORIENTED_EDGE('',*,*,#1916,.T.);
#1559=ORIENTED_EDGE('',*,*,#1918,.T.);
#1560=ORIENTED_EDGE('',*,*,#1607,.T.);
#1561=ORIENTED_EDGE('',*,*,#1799,.F.);
#1562=ORIENTED_EDGE('',*,*,#1924,.F.);
#1563=ORIENTED_EDGE('',*,*,#1986,.F.);
#1564=ORIENTED_EDGE('',*,*,#1983,.F.);
#1565=ORIENTED_EDGE('',*,*,#1981,.F.);
#1566=ORIENTED_EDGE('',*,*,#1631,.F.);
#1567=ORIENTED_EDGE('',*,*,#1986,.T.);
#1568=ORIENTED_EDGE('',*,*,#1923,.F.);
#1569=ORIENTED_EDGE('',*,*,#1987,.F.);
#1570=ORIENTED_EDGE('',*,*,#1984,.F.);
#1571=ORIENTED_EDGE('',*,*,#1922,.F.);
#1572=ORIENTED_EDGE('',*,*,#1578,.F.);
#1573=ORIENTED_EDGE('',*,*,#1582,.F.);
#1574=ORIENTED_EDGE('',*,*,#1978,.F.);
#1575=ORIENTED_EDGE('',*,*,#1985,.F.);
#1576=ORIENTED_EDGE('',*,*,#1987,.T.);
#1577=EDGE_CURVE('',#1988,#1989,#2260,.T.);
#1578=EDGE_CURVE('',#1988,#1990,#167,.T.);
#1579=EDGE_CURVE('',#1990,#1991,#2261,.T.);
#1580=EDGE_CURVE('',#1989,#1991,#168,.T.);
#1581=EDGE_CURVE('',#1992,#1993,#169,.T.);
#1582=EDGE_CURVE('',#1993,#1988,#2262,.T.);
#1583=EDGE_CURVE('',#1994,#1989,#170,.T.);
#1584=EDGE_CURVE('',#1994,#1995,#2263,.T.);
#1585=EDGE_CURVE('',#1996,#1995,#171,.T.);
#1586=EDGE_CURVE('',#1996,#1997,#172,.T.);
#1587=EDGE_CURVE('',#1992,#1997,#2264,.T.);
#1588=EDGE_CURVE('',#1998,#1999,#173,.T.);
#1589=EDGE_CURVE('',#1999,#2000,#174,.T.);
#1590=EDGE_CURVE('',#2001,#2000,#175,.T.);
#1591=EDGE_CURVE('',#2001,#2002,#176,.T.);
#1592=EDGE_CURVE('',#2002,#2003,#177,.T.);
#1593=EDGE_CURVE('',#2004,#2003,#178,.T.);
#1594=EDGE_CURVE('',#2005,#2004,#179,.T.);
#1595=EDGE_CURVE('',#1998,#2005,#180,.T.);
#1596=EDGE_CURVE('',#2000,#2006,#181,.T.);
#1597=EDGE_CURVE('',#2007,#2006,#182,.T.);
#1598=EDGE_CURVE('',#2007,#2001,#183,.T.);
#1599=EDGE_CURVE('',#2006,#2008,#184,.T.);
#1600=EDGE_CURVE('',#2009,#2008,#185,.T.);
#1601=EDGE_CURVE('',#2009,#2007,#186,.T.);
#1602=EDGE_CURVE('',#2008,#2010,#187,.T.);
#1603=EDGE_CURVE('',#2011,#2010,#188,.T.);
#1604=EDGE_CURVE('',#2011,#2009,#189,.T.);
#1605=EDGE_CURVE('',#2010,#2012,#190,.T.);
#1606=EDGE_CURVE('',#2013,#2012,#191,.T.);
#1607=EDGE_CURVE('',#2014,#2013,#192,.T.);
#1608=EDGE_CURVE('',#2014,#2015,#193,.T.);
#1609=EDGE_CURVE('',#2016,#2015,#194,.T.);
#1610=EDGE_CURVE('',#2017,#2016,#195,.T.);
#1611=EDGE_CURVE('',#2017,#2011,#196,.T.);
#1612=EDGE_CURVE('',#2018,#2019,#197,.T.);
#1613=EDGE_CURVE('',#2019,#2020,#2265,.T.);
#1614=EDGE_CURVE('',#2021,#2020,#198,.T.);
#1615=EDGE_CURVE('',#2021,#2022,#199,.T.);
#1616=EDGE_CURVE('',#2022,#2023,#200,.T.);
#1617=EDGE_CURVE('',#2024,#2023,#201,.T.);
#1618=EDGE_CURVE('',#2025,#2024,#202,.T.);
#1619=EDGE_CURVE('',#2025,#2026,#203,.T.);
#1620=EDGE_CURVE('',#2026,#2027,#204,.T.);
#1621=EDGE_CURVE('',#2027,#2018,#2266,.T.);
#1622=EDGE_CURVE('',#2028,#2029,#205,.T.);
#1623=EDGE_CURVE('',#2029,#2030,#2267,.T.);
#1624=EDGE_CURVE('',#2031,#2030,#206,.T.);
#1625=EDGE_CURVE('',#2031,#2032,#207,.T.);
#1626=EDGE_CURVE('',#2032,#2033,#208,.T.);
#1627=EDGE_CURVE('',#2034,#2033,#209,.T.);
#1628=EDGE_CURVE('',#2034,#2035,#210,.T.);
#1629=EDGE_CURVE('',#2035,#2028,#2268,.T.);
#1630=EDGE_CURVE('',#2036,#2037,#2269,.T.);
#1631=EDGE_CURVE('',#2037,#2038,#2270,.T.);
#1632=EDGE_CURVE('',#2039,#2038,#211,.T.);
#1633=EDGE_CURVE('',#2040,#2039,#2271,.T.);
#1634=EDGE_CURVE('',#2041,#2040,#212,.T.);
#1635=EDGE_CURVE('',#2041,#2036,#213,.T.);
#1636=EDGE_CURVE('',#2042,#2043,#214,.T.);
#1637=EDGE_CURVE('',#2043,#2044,#215,.T.);
#1638=EDGE_CURVE('',#2032,#2044,#216,.T.);
#1639=EDGE_CURVE('',#2045,#2031,#217,.T.);
#1640=EDGE_CURVE('',#2042,#2045,#218,.T.);
#1641=EDGE_CURVE('',#2046,#2047,#219,.T.);
#1642=EDGE_CURVE('',#2048,#2046,#220,.T.);
#1643=EDGE_CURVE('',#2048,#2049,#35,.F.);
#1644=EDGE_CURVE('',#2050,#2049,#221,.T.);
#1645=EDGE_CURVE('',#2050,#2051,#222,.T.);
#1646=EDGE_CURVE('',#2051,#2052,#223,.T.);
#1647=EDGE_CURVE('',#2052,#2047,#224,.T.);
#1648=EDGE_CURVE('',#2053,#2054,#225,.T.);
#1649=EDGE_CURVE('',#2054,#2055,#226,.T.);
#1650=EDGE_CURVE('',#2055,#2056,#227,.T.);
#1651=EDGE_CURVE('',#2056,#2057,#228,.T.);
#1652=EDGE_CURVE('',#2022,#2057,#229,.T.);
#1653=EDGE_CURVE('',#2058,#2021,#230,.T.);
#1654=EDGE_CURVE('',#2053,#2058,#231,.T.);
#1655=EDGE_CURVE('',#2059,#2060,#232,.T.);
#1656=EDGE_CURVE('',#2059,#2061,#233,.T.);
#1657=EDGE_CURVE('',#2062,#2061,#234,.T.);
#1658=EDGE_CURVE('',#2063,#2062,#235,.T.);
#1659=EDGE_CURVE('',#2063,#2026,#236,.T.);
#1660=EDGE_CURVE('',#2025,#2064,#237,.T.);
#1661=EDGE_CURVE('',#2064,#2060,#238,.T.);
#1662=EDGE_CURVE('',#2065,#2066,#239,.T.);
#1663=EDGE_CURVE('',#2065,#2067,#240,.F.);
#1664=EDGE_CURVE('',#2067,#2029,#241,.F.);
#1665=EDGE_CURVE('',#2028,#2068,#242,.T.);
#1666=EDGE_CURVE('',#2068,#2069,#243,.F.);
#1667=EDGE_CURVE('',#2069,#2019,#244,.F.);
#1668=EDGE_CURVE('',#2018,#2070,#245,.T.);
#1669=EDGE_CURVE('',#2070,#2071,#246,.F.);
#1670=EDGE_CURVE('',#2071,#2072,#247,.F.);
#1671=EDGE_CURVE('',#2073,#2072,#248,.T.);
#1672=EDGE_CURVE('',#2073,#2074,#249,.T.);
#1673=EDGE_CURVE('',#2074,#2066,#250,.T.);
#1674=EDGE_CURVE('',#2075,#2076,#251,.T.);
#1675=EDGE_CURVE('',#2076,#2077,#2272,.T.);
#1676=EDGE_CURVE('',#2078,#2077,#252,.T.);
#1677=EDGE_CURVE('',#2078,#2079,#2273,.T.);
#1678=EDGE_CURVE('',#2079,#2080,#2274,.T.);
#1679=EDGE_CURVE('',#2080,#2081,#2275,.T.);
#1680=EDGE_CURVE('',#2081,#2082,#2276,.T.);
#1681=EDGE_CURVE('',#2082,#2083,#2277,.T.);
#1682=EDGE_CURVE('',#2073,#2083,#2278,.F.);
#1683=EDGE_CURVE('',#2072,#2084,#2279,.T.);
#1684=EDGE_CURVE('',#2085,#2084,#253,.T.);
#1685=EDGE_CURVE('',#2086,#2085,#254,.T.);
#1686=EDGE_CURVE('',#2086,#2087,#2280,.F.);
#1687=EDGE_CURVE('',#2088,#2087,#2281,.T.);
#1688=EDGE_CURVE('',#2089,#2088,#2282,.T.);
#1689=EDGE_CURVE('',#2090,#2089,#2283,.T.);
#1690=EDGE_CURVE('',#2091,#2090,#2284,.T.);
#1691=EDGE_CURVE('',#2092,#2091,#2285,.T.);
#1692=EDGE_CURVE('',#2092,#2093,#255,.T.);
#1693=EDGE_CURVE('',#2094,#2093,#256,.T.);
#1694=EDGE_CURVE('',#2094,#2075,#257,.T.);
#1695=EDGE_CURVE('',#2095,#2096,#258,.T.);
#1696=EDGE_CURVE('',#2096,#2097,#36,.T.);
#1697=EDGE_CURVE('',#2097,#2098,#259,.T.);
#1698=EDGE_CURVE('',#2098,#2099,#260,.T.);
#1699=EDGE_CURVE('',#2100,#2099,#261,.T.);
#1700=EDGE_CURVE('',#2101,#2100,#262,.T.);
#1701=EDGE_CURVE('',#2095,#2101,#263,.T.);
#1702=EDGE_CURVE('',#2102,#2103,#264,.T.);
#1703=EDGE_CURVE('',#2102,#2104,#265,.T.);
#1704=EDGE_CURVE('',#2075,#2104,#266,.T.);
#1705=EDGE_CURVE('',#2094,#2105,#267,.T.);
#1706=EDGE_CURVE('',#2103,#2105,#268,.T.);
#1707=EDGE_CURVE('',#1996,#2106,#269,.T.);
#1708=EDGE_CURVE('',#2106,#2107,#270,.T.);
#1709=EDGE_CURVE('',#2093,#2107,#271,.T.);
#1710=EDGE_CURVE('',#2108,#2092,#272,.T.);
#1711=EDGE_CURVE('',#2108,#2109,#273,.T.);
#1712=EDGE_CURVE('',#2109,#1997,#274,.T.);
#1713=EDGE_CURVE('',#2110,#2110,#2286,.F.);
#1714=EDGE_CURVE('',#2111,#2111,#2287,.F.);
#1715=EDGE_CURVE('',#2112,#2112,#2288,.F.);
#1716=EDGE_CURVE('',#2113,#2113,#2289,.F.);
#1717=EDGE_CURVE('',#2114,#2115,#2290,.T.);
#1718=EDGE_CURVE('',#2114,#2116,#275,.T.);
#1719=EDGE_CURVE('',#2117,#2116,#2291,.T.);
#1720=EDGE_CURVE('',#2117,#2115,#276,.T.);
#1721=EDGE_CURVE('',#2016,#2118,#2292,.F.);
#1722=EDGE_CURVE('',#2015,#2119,#277,.T.);
#1723=EDGE_CURVE('',#2119,#2120,#278,.T.);
#1724=EDGE_CURVE('',#2120,#2004,#279,.T.);
#1725=EDGE_CURVE('',#2121,#2003,#2293,.F.);
#1726=EDGE_CURVE('',#2121,#2100,#280,.T.);
#1727=EDGE_CURVE('',#2099,#2122,#281,.T.);
#1728=EDGE_CURVE('',#2122,#2123,#282,.T.);
#1729=EDGE_CURVE('',#2123,#2124,#283,.T.);
#1730=EDGE_CURVE('',#2124,#2125,#284,.T.);
#1731=EDGE_CURVE('',#2125,#2126,#285,.T.);
#1732=EDGE_CURVE('',#2126,#2127,#286,.T.);
#1733=EDGE_CURVE('',#2127,#2128,#287,.T.);
#1734=EDGE_CURVE('',#2128,#2129,#288,.T.);
#1735=EDGE_CURVE('',#2129,#2130,#289,.T.);
#1736=EDGE_CURVE('',#2130,#2131,#290,.T.);
#1737=EDGE_CURVE('',#2131,#2132,#291,.T.);
#1738=EDGE_CURVE('',#2132,#2133,#292,.T.);
#1739=EDGE_CURVE('',#2133,#2134,#293,.T.);
#1740=EDGE_CURVE('',#2134,#2135,#294,.T.);
#1741=EDGE_CURVE('',#2135,#2136,#295,.T.);
#1742=EDGE_CURVE('',#2136,#2137,#296,.T.);
#1743=EDGE_CURVE('',#2137,#2138,#297,.T.);
#1744=EDGE_CURVE('',#2138,#2139,#298,.T.);
#1745=EDGE_CURVE('',#2139,#2140,#299,.T.);
#1746=EDGE_CURVE('',#2140,#2141,#300,.T.);
#1747=EDGE_CURVE('',#2141,#2142,#301,.T.);
#1748=EDGE_CURVE('',#2142,#2047,#302,.T.);
#1749=EDGE_CURVE('',#2118,#2052,#303,.T.);
#1750=EDGE_CURVE('',#2002,#2143,#2294,.T.);
#1751=EDGE_CURVE('',#2143,#2121,#304,.T.);
#1752=EDGE_CURVE('',#2144,#2145,#305,.T.);
#1753=EDGE_CURVE('',#2145,#2146,#306,.T.);
#1754=EDGE_CURVE('',#2147,#2146,#2295,.F.);
#1755=EDGE_CURVE('',#2147,#2148,#307,.T.);
#1756=EDGE_CURVE('',#2149,#2148,#2296,.F.);
#1757=EDGE_CURVE('',#2150,#2149,#308,.T.);
#1758=EDGE_CURVE('',#2151,#2150,#309,.T.);
#1759=EDGE_CURVE('',#2152,#2151,#2297,.F.);
#1760=EDGE_CURVE('',#2152,#2153,#310,.T.);
#1761=EDGE_CURVE('',#2154,#2153,#2298,.F.);
#1762=EDGE_CURVE('',#2155,#2154,#311,.T.);
#1763=EDGE_CURVE('',#2156,#2155,#2299,.F.);
#1764=EDGE_CURVE('',#2156,#2144,#2300,.T.);
#1765=EDGE_CURVE('',#2157,#2158,#2301,.F.);
#1766=EDGE_CURVE('',#2158,#2159,#2302,.F.);
#1767=EDGE_CURVE('',#2159,#2160,#2303,.F.);
#1768=EDGE_CURVE('',#2160,#2161,#312,.T.);
#1769=EDGE_CURVE('',#2161,#2162,#2304,.F.);
#1770=EDGE_CURVE('',#2162,#2163,#313,.F.);
#1771=EDGE_CURVE('',#2163,#2164,#2305,.F.);
#1772=EDGE_CURVE('',#2164,#2165,#2306,.F.);
#1773=EDGE_CURVE('',#2165,#2157,#2307,.F.);
#1774=EDGE_CURVE('',#2166,#2166,#2308,.T.);
#1775=EDGE_CURVE('',#2167,#2167,#2309,.T.);
#1776=EDGE_CURVE('',#2168,#2168,#2310,.T.);
#1777=EDGE_CURVE('',#2169,#2169,#2311,.T.);
#1778=EDGE_CURVE('',#2170,#2171,#314,.T.);
#1779=EDGE_CURVE('',#2172,#2171,#2312,.T.);
#1780=EDGE_CURVE('',#2172,#2173,#315,.T.);
#1781=EDGE_CURVE('',#2170,#2173,#2313,.T.);
#1782=EDGE_CURVE('',#2083,#2174,#316,.T.);
#1783=EDGE_CURVE('',#2174,#2074,#2314,.T.);
#1784=EDGE_CURVE('',#2082,#2175,#317,.T.);
#1785=EDGE_CURVE('',#2175,#2174,#2315,.T.);
#1786=EDGE_CURVE('',#2081,#2176,#318,.T.);
#1787=EDGE_CURVE('',#2176,#2175,#2316,.T.);
#1788=EDGE_CURVE('',#2080,#2177,#319,.T.);
#1789=EDGE_CURVE('',#2177,#2176,#2317,.T.);
#1790=EDGE_CURVE('',#2079,#2178,#320,.T.);
#1791=EDGE_CURVE('',#2178,#2177,#2318,.T.);
#1792=EDGE_CURVE('',#2078,#2179,#321,.T.);
#1793=EDGE_CURVE('',#2179,#2178,#2319,.T.);
#1794=EDGE_CURVE('',#2077,#2180,#322,.T.);
#1795=EDGE_CURVE('',#2180,#2181,#323,.F.);
#1796=EDGE_CURVE('',#2181,#1994,#324,.F.);
#1797=EDGE_CURVE('',#1991,#2179,#325,.F.);
#1798=EDGE_CURVE('',#2066,#2182,#2320,.T.);
#1799=EDGE_CURVE('',#2182,#2037,#326,.F.);
#1800=EDGE_CURVE('',#2036,#2065,#327,.T.);
#1801=EDGE_CURVE('',#2183,#2118,#328,.T.);
#1802=EDGE_CURVE('',#2183,#2017,#2321,.T.);
#1803=EDGE_CURVE('',#2051,#2183,#329,.T.);
#1804=EDGE_CURVE('',#2049,#2144,#20,.T.);
#1805=EDGE_CURVE('',#2184,#2156,#330,.T.);
#1806=EDGE_CURVE('',#2050,#2184,#2322,.T.);
#1807=EDGE_CURVE('',#2185,#2155,#331,.T.);
#1808=EDGE_CURVE('',#2185,#2184,#2323,.T.);
#1809=EDGE_CURVE('',#2186,#2154,#332,.T.);
#1810=EDGE_CURVE('',#2186,#2185,#333,.T.);
#1811=EDGE_CURVE('',#2187,#2153,#334,.T.);
#1812=EDGE_CURVE('',#2187,#2186,#2324,.T.);
#1813=EDGE_CURVE('',#2188,#2152,#335,.T.);
#1814=EDGE_CURVE('',#2187,#2188,#336,.T.);
#1815=EDGE_CURVE('',#2189,#2151,#337,.T.);
#1816=EDGE_CURVE('',#2189,#2188,#2325,.T.);
#1817=EDGE_CURVE('',#2190,#2150,#338,.T.);
#1818=EDGE_CURVE('',#2190,#2189,#339,.T.);
#1819=EDGE_CURVE('',#2191,#2149,#340,.T.);
#1820=EDGE_CURVE('',#2191,#2190,#341,.T.);
#1821=EDGE_CURVE('',#2192,#2148,#342,.T.);
#1822=EDGE_CURVE('',#2192,#2191,#2326,.T.);
#1823=EDGE_CURVE('',#2193,#2147,#343,.T.);
#1824=EDGE_CURVE('',#2192,#2193,#344,.T.);
#1825=EDGE_CURVE('',#2146,#2096,#21,.T.);
#1826=EDGE_CURVE('',#2095,#2193,#2327,.T.);
#1827=EDGE_CURVE('',#2194,#2085,#345,.T.);
#1828=EDGE_CURVE('',#2194,#2195,#346,.T.);
#1829=EDGE_CURVE('',#2196,#2195,#347,.T.);
#1830=EDGE_CURVE('',#2024,#2196,#348,.T.);
#1831=EDGE_CURVE('',#2023,#2197,#349,.T.);
#1832=EDGE_CURVE('',#2198,#2197,#350,.T.);
#1833=EDGE_CURVE('',#2199,#2198,#351,.T.);
#1834=EDGE_CURVE('',#2199,#2034,#352,.T.);
#1835=EDGE_CURVE('',#2033,#2200,#353,.T.);
#1836=EDGE_CURVE('',#2201,#2200,#354,.T.);
#1837=EDGE_CURVE('',#2041,#2201,#355,.T.);
#1838=EDGE_CURVE('',#2202,#2040,#356,.T.);
#1839=EDGE_CURVE('',#2203,#2202,#357,.T.);
#1840=EDGE_CURVE('',#2203,#2086,#358,.T.);
#1841=EDGE_CURVE('',#2039,#2204,#359,.F.);
#1842=EDGE_CURVE('',#2205,#2204,#2328,.T.);
#1843=EDGE_CURVE('',#1992,#2205,#360,.F.);
#1844=EDGE_CURVE('',#2202,#2109,#2329,.T.);
#1845=EDGE_CURVE('',#2206,#2091,#361,.T.);
#1846=EDGE_CURVE('',#2108,#2206,#2330,.T.);
#1847=EDGE_CURVE('',#2207,#2090,#362,.T.);
#1848=EDGE_CURVE('',#2206,#2207,#2331,.T.);
#1849=EDGE_CURVE('',#2208,#2089,#363,.T.);
#1850=EDGE_CURVE('',#2207,#2208,#2332,.T.);
#1851=EDGE_CURVE('',#2209,#2088,#364,.T.);
#1852=EDGE_CURVE('',#2208,#2209,#2333,.T.);
#1853=EDGE_CURVE('',#2210,#2087,#365,.T.);
#1854=EDGE_CURVE('',#2209,#2210,#2334,.T.);
#1855=EDGE_CURVE('',#2203,#2210,#2335,.T.);
#1856=EDGE_CURVE('',#2101,#2143,#366,.T.);
#1857=EDGE_CURVE('',#2211,#2211,#2336,.T.);
#1858=EDGE_CURVE('',#2212,#2212,#2337,.T.);
#1859=EDGE_CURVE('',#2213,#2213,#2338,.T.);
#1860=EDGE_CURVE('',#2214,#2214,#2339,.T.);
#1861=EDGE_CURVE('',#2215,#2215,#2340,.T.);
#1862=EDGE_CURVE('',#2216,#2216,#2341,.T.);
#1863=EDGE_CURVE('',#2217,#2217,#2342,.T.);
#1864=EDGE_CURVE('',#2218,#2218,#2343,.T.);
#1865=EDGE_CURVE('',#2114,#2171,#367,.T.);
#1866=EDGE_CURVE('',#2116,#2170,#368,.T.);
#1867=EDGE_CURVE('',#2117,#2173,#369,.T.);
#1868=EDGE_CURVE('',#2115,#2172,#370,.T.);
#1869=EDGE_CURVE('',#2219,#2142,#371,.T.);
#1870=EDGE_CURVE('',#2219,#2046,#372,.T.);
#1871=EDGE_CURVE('',#2220,#2141,#373,.T.);
#1872=EDGE_CURVE('',#2220,#2219,#374,.T.);
#1873=EDGE_CURVE('',#2221,#2140,#375,.T.);
#1874=EDGE_CURVE('',#2221,#2220,#376,.T.);
#1875=EDGE_CURVE('',#2222,#2139,#377,.T.);
#1876=EDGE_CURVE('',#2222,#2221,#378,.T.);
#1877=EDGE_CURVE('',#2223,#2138,#379,.T.);
#1878=EDGE_CURVE('',#2223,#2222,#380,.T.);
#1879=EDGE_CURVE('',#2224,#2137,#381,.T.);
#1880=EDGE_CURVE('',#2224,#2223,#382,.T.);
#1881=EDGE_CURVE('',#2225,#2136,#383,.T.);
#1882=EDGE_CURVE('',#2225,#2224,#384,.T.);
#1883=EDGE_CURVE('',#2226,#2135,#385,.T.);
#1884=EDGE_CURVE('',#2226,#2225,#386,.T.);
#1885=EDGE_CURVE('',#2227,#2134,#387,.T.);
#1886=EDGE_CURVE('',#2227,#2226,#388,.T.);
#1887=EDGE_CURVE('',#2228,#2133,#389,.T.);
#1888=EDGE_CURVE('',#2228,#2227,#390,.T.);
#1889=EDGE_CURVE('',#2229,#2132,#391,.T.);
#1890=EDGE_CURVE('',#2229,#2228,#392,.T.);
#1891=EDGE_CURVE('',#2230,#2131,#393,.T.);
#1892=EDGE_CURVE('',#2230,#2229,#394,.T.);
#1893=EDGE_CURVE('',#2231,#2130,#395,.T.);
#1894=EDGE_CURVE('',#2231,#2230,#396,.T.);
#1895=EDGE_CURVE('',#2232,#2129,#397,.T.);
#1896=EDGE_CURVE('',#2232,#2231,#398,.T.);
#1897=EDGE_CURVE('',#2233,#2128,#399,.T.);
#1898=EDGE_CURVE('',#2233,#2232,#400,.T.);
#1899=EDGE_CURVE('',#2234,#2127,#401,.T.);
#1900=EDGE_CURVE('',#2234,#2233,#402,.T.);
#1901=EDGE_CURVE('',#2235,#2126,#403,.T.);
#1902=EDGE_CURVE('',#2235,#2234,#404,.T.);
#1903=EDGE_CURVE('',#2236,#2125,#405,.T.);
#1904=EDGE_CURVE('',#2236,#2235,#406,.T.);
#1905=EDGE_CURVE('',#2237,#2124,#407,.T.);
#1906=EDGE_CURVE('',#2237,#2236,#408,.T.);
#1907=EDGE_CURVE('',#2238,#2123,#409,.T.);
#1908=EDGE_CURVE('',#2238,#2237,#410,.T.);
#1909=EDGE_CURVE('',#2239,#2122,#411,.T.);
#1910=EDGE_CURVE('',#2239,#2238,#412,.T.);
#1911=EDGE_CURVE('',#2098,#2239,#413,.T.);
#1912=EDGE_CURVE('',#2097,#2240,#414,.F.);
#1913=EDGE_CURVE('',#2240,#2048,#415,.F.);
#1914=EDGE_CURVE('',#2005,#2241,#416,.T.);
#1915=EDGE_CURVE('',#2241,#2120,#417,.T.);
#1916=EDGE_CURVE('',#2241,#2242,#418,.T.);
#1917=EDGE_CURVE('',#2242,#2119,#419,.T.);
#1918=EDGE_CURVE('',#2242,#2014,#420,.T.);
#1919=EDGE_CURVE('',#2066,#2162,#22,.T.);
#1920=EDGE_CURVE('',#2163,#2074,#23,.F.);
#1921=EDGE_CURVE('',#2164,#2174,#24,.F.);
#1922=EDGE_CURVE('',#1990,#2243,#25,.F.);
#1923=EDGE_CURVE('',#2243,#2244,#2344,.T.);
#1924=EDGE_CURVE('',#2244,#2182,#26,.T.);
#1925=EDGE_CURVE('',#1991,#2161,#27,.T.);
#1926=EDGE_CURVE('',#2165,#2175,#28,.F.);
#1927=EDGE_CURVE('',#2179,#2160,#29,.T.);
#1928=EDGE_CURVE('',#2157,#2176,#30,.F.);
#1929=EDGE_CURVE('',#2178,#2159,#31,.T.);
#1930=EDGE_CURVE('',#2158,#2177,#32,.F.);
#1931=EDGE_CURVE('',#2245,#2240,#37,.T.);
#1932=EDGE_CURVE('',#2049,#2245,#421,.T.);
#1933=EDGE_CURVE('',#2245,#2096,#422,.T.);
#1934=EDGE_CURVE('',#2145,#2245,#38,.T.);
#1935=EDGE_CURVE('',#1995,#2246,#423,.T.);
#1936=EDGE_CURVE('',#2102,#2246,#424,.T.);
#1937=EDGE_CURVE('',#2103,#2106,#425,.T.);
#1938=EDGE_CURVE('',#2105,#2107,#426,.T.);
#1939=EDGE_CURVE('',#2043,#2247,#2345,.F.);
#1940=EDGE_CURVE('',#2247,#2201,#427,.T.);
#1941=EDGE_CURVE('',#2044,#2200,#428,.T.);
#1942=EDGE_CURVE('',#2247,#2248,#429,.F.);
#1943=EDGE_CURVE('',#2248,#2249,#430,.T.);
#1944=EDGE_CURVE('',#2249,#2065,#2346,.F.);
#1945=EDGE_CURVE('',#2056,#2198,#431,.T.);
#1946=EDGE_CURVE('',#2057,#2197,#432,.T.);
#1947=EDGE_CURVE('',#2055,#2199,#433,.T.);
#1948=EDGE_CURVE('',#2064,#2196,#434,.T.);
#1949=EDGE_CURVE('',#2060,#2195,#435,.T.);
#1950=EDGE_CURVE('',#2059,#2194,#436,.T.);
#1951=EDGE_CURVE('',#2104,#2250,#437,.T.);
#1952=EDGE_CURVE('',#2250,#2076,#438,.F.);
#1953=EDGE_CURVE('',#2246,#2250,#439,.T.);
#1954=EDGE_CURVE('',#2061,#2085,#440,.T.);
#1955=EDGE_CURVE('',#2084,#2251,#441,.T.);
#1956=EDGE_CURVE('',#2062,#2251,#442,.T.);
#1957=EDGE_CURVE('',#2251,#2252,#443,.T.);
#1958=EDGE_CURVE('',#2063,#2252,#444,.T.);
#1959=EDGE_CURVE('',#2252,#2027,#445,.F.);
#1960=EDGE_CURVE('',#2054,#2034,#446,.T.);
#1961=EDGE_CURVE('',#2020,#2253,#447,.T.);
#1962=EDGE_CURVE('',#2058,#2253,#448,.T.);
#1963=EDGE_CURVE('',#2253,#2254,#449,.T.);
#1964=EDGE_CURVE('',#2053,#2254,#450,.T.);
#1965=EDGE_CURVE('',#2254,#2035,#451,.F.);
#1966=EDGE_CURVE('',#2030,#2255,#452,.T.);
#1967=EDGE_CURVE('',#2045,#2255,#453,.T.);
#1968=EDGE_CURVE('',#2255,#2249,#454,.T.);
#1969=EDGE_CURVE('',#2248,#2042,#2347,.T.);
#1970=EDGE_CURVE('',#2246,#2181,#39,.F.);
#1971=EDGE_CURVE('',#2180,#2250,#40,.T.);
#1972=EDGE_CURVE('',#2255,#2067,#41,.T.);
#1973=EDGE_CURVE('',#2251,#2071,#42,.T.);
#1974=EDGE_CURVE('',#2070,#2252,#43,.F.);
#1975=EDGE_CURVE('',#2068,#2254,#44,.F.);
#1976=EDGE_CURVE('',#2069,#2253,#45,.F.);
#1977=EDGE_CURVE('',#1998,#2256,#455,.T.);
#1978=EDGE_CURVE('',#2256,#1993,#456,.T.);
#1979=EDGE_CURVE('',#1999,#2205,#457,.T.);
#1980=EDGE_CURVE('',#2012,#2204,#458,.T.);
#1981=EDGE_CURVE('',#2038,#2257,#459,.T.);
#1982=EDGE_CURVE('',#2013,#2257,#460,.T.);
#1983=EDGE_CURVE('',#2257,#2258,#2348,.T.);
#1984=EDGE_CURVE('',#2258,#2259,#2349,.F.);
#1985=EDGE_CURVE('',#2259,#2256,#2350,.T.);
#1986=EDGE_CURVE('',#2258,#2244,#33,.T.);
#1987=EDGE_CURVE('',#2259,#2243,#34,.T.);
#1988=VERTEX_POINT('',#4170);
#1989=VERTEX_POINT('',#4171);
#1990=VERTEX_POINT('',#4173);
#1991=VERTEX_POINT('',#4175);
#1992=VERTEX_POINT('',#4179);
#1993=VERTEX_POINT('',#4180);
#1994=VERTEX_POINT('',#4183);
#1995=VERTEX_POINT('',#4185);
#1996=VERTEX_POINT('',#4187);
#1997=VERTEX_POINT('',#4189);
#1998=VERTEX_POINT('',#4193);
#1999=VERTEX_POINT('',#4194);
#2000=VERTEX_POINT('',#4196);
#2001=VERTEX_POINT('',#4198);
#2002=VERTEX_POINT('',#4200);
#2003=VERTEX_POINT('',#4202);
#2004=VERTEX_POINT('',#4204);
#2005=VERTEX_POINT('',#4206);
#2006=VERTEX_POINT('',#4210);
#2007=VERTEX_POINT('',#4212);
#2008=VERTEX_POINT('',#4216);
#2009=VERTEX_POINT('',#4218);
#2010=VERTEX_POINT('',#4222);
#2011=VERTEX_POINT('',#4224);
#2012=VERTEX_POINT('',#4228);
#2013=VERTEX_POINT('',#4230);
#2014=VERTEX_POINT('',#4232);
#2015=VERTEX_POINT('',#4234);
#2016=VERTEX_POINT('',#4236);
#2017=VERTEX_POINT('',#4238);
#2018=VERTEX_POINT('',#4242);
#2019=VERTEX_POINT('',#4243);
#2020=VERTEX_POINT('',#4245);
#2021=VERTEX_POINT('',#4247);
#2022=VERTEX_POINT('',#4249);
#2023=VERTEX_POINT('',#4251);
#2024=VERTEX_POINT('',#4253);
#2025=VERTEX_POINT('',#4255);
#2026=VERTEX_POINT('',#4257);
#2027=VERTEX_POINT('',#4259);
#2028=VERTEX_POINT('',#4263);
#2029=VERTEX_POINT('',#4264);
#2030=VERTEX_POINT('',#4266);
#2031=VERTEX_POINT('',#4268);
#2032=VERTEX_POINT('',#4270);
#2033=VERTEX_POINT('',#4272);
#2034=VERTEX_POINT('',#4274);
#2035=VERTEX_POINT('',#4276);
#2036=VERTEX_POINT('',#4280);
#2037=VERTEX_POINT('',#4281);
#2038=VERTEX_POINT('',#4283);
#2039=VERTEX_POINT('',#4285);
#2040=VERTEX_POINT('',#4287);
#2041=VERTEX_POINT('',#4289);
#2042=VERTEX_POINT('',#4293);
#2043=VERTEX_POINT('',#4294);
#2044=VERTEX_POINT('',#4296);
#2045=VERTEX_POINT('',#4299);
#2046=VERTEX_POINT('',#4302);
#2047=VERTEX_POINT('',#4303);
#2048=VERTEX_POINT('',#4305);
#2049=VERTEX_POINT('',#4307);
#2050=VERTEX_POINT('',#4309);
#2051=VERTEX_POINT('',#4311);
#2052=VERTEX_POINT('',#4313);
#2053=VERTEX_POINT('',#4316);
#2054=VERTEX_POINT('',#4317);
#2055=VERTEX_POINT('',#4319);
#2056=VERTEX_POINT('',#4321);
#2057=VERTEX_POINT('',#4323);
#2058=VERTEX_POINT('',#4326);
#2059=VERTEX_POINT('',#4329);
#2060=VERTEX_POINT('',#4330);
#2061=VERTEX_POINT('',#4332);
#2062=VERTEX_POINT('',#4334);
#2063=VERTEX_POINT('',#4336);
#2064=VERTEX_POINT('',#4339);
#2065=VERTEX_POINT('',#4343);
#2066=VERTEX_POINT('',#4344);
#2067=VERTEX_POINT('',#4346);
#2068=VERTEX_POINT('',#4349);
#2069=VERTEX_POINT('',#4351);
#2070=VERTEX_POINT('',#4354);
#2071=VERTEX_POINT('',#4356);
#2072=VERTEX_POINT('',#4358);
#2073=VERTEX_POINT('',#4360);
#2074=VERTEX_POINT('',#4362);
#2075=VERTEX_POINT('',#4366);
#2076=VERTEX_POINT('',#4367);
#2077=VERTEX_POINT('',#4369);
#2078=VERTEX_POINT('',#4371);
#2079=VERTEX_POINT('',#4373);
#2080=VERTEX_POINT('',#4375);
#2081=VERTEX_POINT('',#4377);
#2082=VERTEX_POINT('',#4379);
#2083=VERTEX_POINT('',#4381);
#2084=VERTEX_POINT('',#4384);
#2085=VERTEX_POINT('',#4386);
#2086=VERTEX_POINT('',#4388);
#2087=VERTEX_POINT('',#4390);
#2088=VERTEX_POINT('',#4392);
#2089=VERTEX_POINT('',#4394);
#2090=VERTEX_POINT('',#4396);
#2091=VERTEX_POINT('',#4398);
#2092=VERTEX_POINT('',#4400);
#2093=VERTEX_POINT('',#4402);
#2094=VERTEX_POINT('',#4404);
#2095=VERTEX_POINT('',#4408);
#2096=VERTEX_POINT('',#4409);
#2097=VERTEX_POINT('',#4411);
#2098=VERTEX_POINT('',#4413);
#2099=VERTEX_POINT('',#4415);
#2100=VERTEX_POINT('',#4417);
#2101=VERTEX_POINT('',#4419);
#2102=VERTEX_POINT('',#4422);
#2103=VERTEX_POINT('',#4423);
#2104=VERTEX_POINT('',#4425);
#2105=VERTEX_POINT('',#4428);
#2106=VERTEX_POINT('',#4432);
#2107=VERTEX_POINT('',#4434);
#2108=VERTEX_POINT('',#4437);
#2109=VERTEX_POINT('',#4439);
#2110=VERTEX_POINT('',#4443);
#2111=VERTEX_POINT('',#4445);
#2112=VERTEX_POINT('',#4447);
#2113=VERTEX_POINT('',#4449);
#2114=VERTEX_POINT('',#4451);
#2115=VERTEX_POINT('',#4452);
#2116=VERTEX_POINT('',#4454);
#2117=VERTEX_POINT('',#4456);
#2118=VERTEX_POINT('',#4459);
#2119=VERTEX_POINT('',#4461);
#2120=VERTEX_POINT('',#4463);
#2121=VERTEX_POINT('',#4466);
#2122=VERTEX_POINT('',#4469);
#2123=VERTEX_POINT('',#4471);
#2124=VERTEX_POINT('',#4473);
#2125=VERTEX_POINT('',#4475);
#2126=VERTEX_POINT('',#4477);
#2127=VERTEX_POINT('',#4479);
#2128=VERTEX_POINT('',#4481);
#2129=VERTEX_POINT('',#4483);
#2130=VERTEX_POINT('',#4485);
#2131=VERTEX_POINT('',#4487);
#2132=VERTEX_POINT('',#4489);
#2133=VERTEX_POINT('',#4491);
#2134=VERTEX_POINT('',#4493);
#2135=VERTEX_POINT('',#4495);
#2136=VERTEX_POINT('',#4497);
#2137=VERTEX_POINT('',#4499);
#2138=VERTEX_POINT('',#4501);
#2139=VERTEX_POINT('',#4503);
#2140=VERTEX_POINT('',#4505);
#2141=VERTEX_POINT('',#4507);
#2142=VERTEX_POINT('',#4509);
#2143=VERTEX_POINT('',#4514);
#2144=VERTEX_POINT('',#4518);
#2145=VERTEX_POINT('',#4519);
#2146=VERTEX_POINT('',#4521);
#2147=VERTEX_POINT('',#4523);
#2148=VERTEX_POINT('',#4525);
#2149=VERTEX_POINT('',#4527);
#2150=VERTEX_POINT('',#4529);
#2151=VERTEX_POINT('',#4531);
#2152=VERTEX_POINT('',#4533);
#2153=VERTEX_POINT('',#4535);
#2154=VERTEX_POINT('',#4537);
#2155=VERTEX_POINT('',#4539);
#2156=VERTEX_POINT('',#4541);
#2157=VERTEX_POINT('',#4545);
#2158=VERTEX_POINT('',#4546);
#2159=VERTEX_POINT('',#4548);
#2160=VERTEX_POINT('',#4550);
#2161=VERTEX_POINT('',#4552);
#2162=VERTEX_POINT('',#4554);
#2163=VERTEX_POINT('',#4556);
#2164=VERTEX_POINT('',#4558);
#2165=VERTEX_POINT('',#4560);
#2166=VERTEX_POINT('',#4563);
#2167=VERTEX_POINT('',#4565);
#2168=VERTEX_POINT('',#4567);
#2169=VERTEX_POINT('',#4569);
#2170=VERTEX_POINT('',#4571);
#2171=VERTEX_POINT('',#4572);
#2172=VERTEX_POINT('',#4574);
#2173=VERTEX_POINT('',#4576);
#2174=VERTEX_POINT('',#4580);
#2175=VERTEX_POINT('',#4584);
#2176=VERTEX_POINT('',#4588);
#2177=VERTEX_POINT('',#4592);
#2178=VERTEX_POINT('',#4596);
#2179=VERTEX_POINT('',#4600);
#2180=VERTEX_POINT('',#4604);
#2181=VERTEX_POINT('',#4606);
#2182=VERTEX_POINT('',#4611);
#2183=VERTEX_POINT('',#4616);
#2184=VERTEX_POINT('',#4627);
#2185=VERTEX_POINT('',#4631);
#2186=VERTEX_POINT('',#4635);
#2187=VERTEX_POINT('',#4639);
#2188=VERTEX_POINT('',#4643);
#2189=VERTEX_POINT('',#4647);
#2190=VERTEX_POINT('',#4651);
#2191=VERTEX_POINT('',#4655);
#2192=VERTEX_POINT('',#4659);
#2193=VERTEX_POINT('',#4663);
#2194=VERTEX_POINT('',#4674);
#2195=VERTEX_POINT('',#4676);
#2196=VERTEX_POINT('',#4678);
#2197=VERTEX_POINT('',#4681);
#2198=VERTEX_POINT('',#4683);
#2199=VERTEX_POINT('',#4685);
#2200=VERTEX_POINT('',#4688);
#2201=VERTEX_POINT('',#4690);
#2202=VERTEX_POINT('',#4693);
#2203=VERTEX_POINT('',#4695);
#2204=VERTEX_POINT('',#4699);
#2205=VERTEX_POINT('',#4701);
#2206=VERTEX_POINT('',#4706);
#2207=VERTEX_POINT('',#4710);
#2208=VERTEX_POINT('',#4714);
#2209=VERTEX_POINT('',#4718);
#2210=VERTEX_POINT('',#4722);
#2211=VERTEX_POINT('',#4731);
#2212=VERTEX_POINT('',#4734);
#2213=VERTEX_POINT('',#4738);
#2214=VERTEX_POINT('',#4741);
#2215=VERTEX_POINT('',#4745);
#2216=VERTEX_POINT('',#4748);
#2217=VERTEX_POINT('',#4752);
#2218=VERTEX_POINT('',#4755);
#2219=VERTEX_POINT('',#4767);
#2220=VERTEX_POINT('',#4771);
#2221=VERTEX_POINT('',#4775);
#2222=VERTEX_POINT('',#4779);
#2223=VERTEX_POINT('',#4783);
#2224=VERTEX_POINT('',#4787);
#2225=VERTEX_POINT('',#4791);
#2226=VERTEX_POINT('',#4795);
#2227=VERTEX_POINT('',#4799);
#2228=VERTEX_POINT('',#4803);
#2229=VERTEX_POINT('',#4807);
#2230=VERTEX_POINT('',#4811);
#2231=VERTEX_POINT('',#4815);
#2232=VERTEX_POINT('',#4819);
#2233=VERTEX_POINT('',#4823);
#2234=VERTEX_POINT('',#4827);
#2235=VERTEX_POINT('',#4831);
#2236=VERTEX_POINT('',#4835);
#2237=VERTEX_POINT('',#4839);
#2238=VERTEX_POINT('',#4843);
#2239=VERTEX_POINT('',#4847);
#2240=VERTEX_POINT('',#4853);
#2241=VERTEX_POINT('',#4857);
#2242=VERTEX_POINT('',#4861);
#2243=VERTEX_POINT('',#4889);
#2244=VERTEX_POINT('',#4891);
#2245=VERTEX_POINT('',#4942);
#2246=VERTEX_POINT('',#4951);
#2247=VERTEX_POINT('',#4959);
#2248=VERTEX_POINT('',#4965);
#2249=VERTEX_POINT('',#4967);
#2250=VERTEX_POINT('',#4983);
#2251=VERTEX_POINT('',#4991);
#2252=VERTEX_POINT('',#4995);
#2253=VERTEX_POINT('',#5003);
#2254=VERTEX_POINT('',#5007);
#2255=VERTEX_POINT('',#5013);
#2256=VERTEX_POINT('',#5039);
#2257=VERTEX_POINT('',#5046);
#2258=VERTEX_POINT('',#5050);
#2259=VERTEX_POINT('',#5052);
#2260=CIRCLE('',#3122,0.0195);
#2261=CIRCLE('',#3123,0.0195);
#2262=CIRCLE('',#3125,0.001);
#2263=CIRCLE('',#3126,0.001);
#2264=CIRCLE('',#3127,0.0175);
#2265=CIRCLE('',#3134,0.001);
#2266=CIRCLE('',#3135,0.001);
#2267=CIRCLE('',#3137,0.001);
#2268=CIRCLE('',#3138,0.001);
#2269=CIRCLE('',#3140,0.0195);
#2270=CIRCLE('',#3141,0.001);
#2271=CIRCLE('',#3142,0.0175);
#2272=CIRCLE('',#3147,0.001);
#2273=CIRCLE('',#3148,0.0131556691028715);
#2274=CIRCLE('',#3149,0.0134060065459607);
#2275=CIRCLE('',#3150,0.0134103720142961);
#2276=CIRCLE('',#3151,0.0119476510172529);
#2277=CIRCLE('',#3152,0.013735839402617);
#2278=CIRCLE('',#3153,0.0155906260083248);
#2279=CIRCLE('',#3154,0.001);
#2280=CIRCLE('',#3155,0.0135906260083247);
#2281=CIRCLE('',#3156,0.011735839402617);
#2282=CIRCLE('',#3157,0.00994765101725287);
#2283=CIRCLE('',#3158,0.0114103720142961);
#2284=CIRCLE('',#3159,0.0114060065459607);
#2285=CIRCLE('',#3160,0.0111556691028715);
#2286=CIRCLE('',#3165,0.00225);
#2287=CIRCLE('',#3166,0.00225);
#2288=CIRCLE('',#3167,0.0017);
#2289=CIRCLE('',#3168,0.0017);
#2290=CIRCLE('',#3169,0.001500002540005);
#2291=CIRCLE('',#3170,0.001500002540005);
#2292=CIRCLE('',#3171,0.016);
#2293=CIRCLE('',#3172,0.016);
#2294=CIRCLE('',#3174,0.016);
#2295=CIRCLE('',#3176,0.00959680726917637);
#2296=CIRCLE('',#3177,0.00980600654596072);
#2297=CIRCLE('',#3178,0.00981037201429613);
#2298=CIRCLE('',#3179,0.00844765101725286);
#2299=CIRCLE('',#3180,0.010235839402617);
#2300=CIRCLE('',#3181,0.0120906260083247);
#2301=CIRCLE('',#3183,0.0104103720142961);
#2302=CIRCLE('',#3184,0.0104060065459607);
#2303=CIRCLE('',#3185,0.0101556691028714);
#2304=CIRCLE('',#3186,0.0165);
#2305=CIRCLE('',#3187,0.0125906260083247);
#2306=CIRCLE('',#3188,0.010735839402617);
#2307=CIRCLE('',#3189,0.00894765101725287);
#2308=CIRCLE('',#3190,0.00325);
#2309=CIRCLE('',#3191,0.00325);
#2310=CIRCLE('',#3192,0.00425);
#2311=CIRCLE('',#3193,0.00425);
#2312=CIRCLE('',#3194,0.001500002540005);
#2313=CIRCLE('',#3195,0.001500002540005);
#2314=CIRCLE('',#3197,0.0155906260083248);
#2315=CIRCLE('',#3199,0.013735839402617);
#2316=CIRCLE('',#3201,0.0119476510172529);
#2317=CIRCLE('',#3203,0.0134103720142961);
#2318=CIRCLE('',#3205,0.0134060065459607);
#2319=CIRCLE('',#3207,0.0131556691028715);
#2320=CIRCLE('',#3210,0.0195);
#2321=CIRCLE('',#3212,0.016);
#2322=CIRCLE('',#3215,0.0120906260083247);
#2323=CIRCLE('',#3217,0.010235839402617);
#2324=CIRCLE('',#3220,0.00844765101725286);
#2325=CIRCLE('',#3223,0.00981037201429613);
#2326=CIRCLE('',#3227,0.00980600654596072);
#2327=CIRCLE('',#3230,0.00959680726917637);
#2328=CIRCLE('',#3233,0.0175);
#2329=CIRCLE('',#3234,0.0175);
#2330=CIRCLE('',#3236,0.0111556691028715);
#2331=CIRCLE('',#3238,0.0114060065459607);
#2332=CIRCLE('',#3240,0.0114103720142961);
#2333=CIRCLE('',#3242,0.00994765101725287);
#2334=CIRCLE('',#3244,0.011735839402617);
#2335=CIRCLE('',#3246,0.0135906260083247);
#2336=CIRCLE('',#3250,0.0017);
#2337=CIRCLE('',#3252,0.00325);
#2338=CIRCLE('',#3255,0.0017);
#2339=CIRCLE('',#3257,0.00325);
#2340=CIRCLE('',#3260,0.00225);
#2341=CIRCLE('',#3262,0.00425);
#2342=CIRCLE('',#3265,0.00225);
#2343=CIRCLE('',#3267,0.00425);
#2344=CIRCLE('',#3302,0.0194981706690539);
#2345=CIRCLE('',#3319,0.001);
#2346=CIRCLE('',#3322,0.001);
#2347=CIRCLE('',#3341,0.001);
#2348=CIRCLE('',#3365,0.001);
#2349=CIRCLE('',#3366,0.0185);
#2350=CIRCLE('',#3367,0.001);
#2351=EDGE_LOOP('',(#755,#756,#757,#758));
#2352=EDGE_LOOP('',(#759,#760,#761,#762,#763,#764,#765,#766));
#2353=EDGE_LOOP('',(#767,#768,#769,#770,#771,#772,#773,#774));
#2354=EDGE_LOOP('',(#775,#776,#777,#778));
#2355=EDGE_LOOP('',(#779,#780,#781,#782));
#2356=EDGE_LOOP('',(#783,#784,#785,#786));
#2357=EDGE_LOOP('',(#787,#788,#789,#790,#791,#792,#793,#794));
#2358=EDGE_LOOP('',(#795,#796,#797,#798,#799,#800,#801,#802,#803,#804));
#2359=EDGE_LOOP('',(#805,#806,#807,#808,#809,#810,#811,#812));
#2360=EDGE_LOOP('',(#813,#814,#815,#816,#817,#818));
#2361=EDGE_LOOP('',(#819,#820,#821,#822,#823,#824));
#2362=EDGE_LOOP('',(#825,#826,#827,#828,#829,#830,#831));
#2363=EDGE_LOOP('',(#832,#833,#834,#835,#836,#837,#838,#839));
#2364=EDGE_LOOP('',(#840,#841,#842,#843,#844,#845,#846,#847));
#2365=EDGE_LOOP('',(#848,#849,#850,#851,#852,#853,#854,#855,#856,#857,#858,
#859,#860,#861));
#2366=EDGE_LOOP('',(#862,#863,#864,#865,#866,#867,#868,#869,#870,#871,#872,
#873,#874,#875,#876,#877,#878,#879,#880,#881,#882,#883));
#2367=EDGE_LOOP('',(#884,#885,#886,#887,#888,#889,#890));
#2368=EDGE_LOOP('',(#891,#892,#893,#894,#895,#896));
#2369=EDGE_LOOP('',(#897,#898,#899,#900,#901,#902,#903,#904));
#2370=EDGE_LOOP('',(#905));
#2371=EDGE_LOOP('',(#906));
#2372=EDGE_LOOP('',(#907));
#2373=EDGE_LOOP('',(#908));
#2374=EDGE_LOOP('',(#909,#910,#911,#912));
#2375=EDGE_LOOP('',(#913,#914,#915,#916,#917,#918,#919,#920,#921,#922,#923,
#924,#925,#926,#927,#928,#929,#930,#931,#932,#933,#934,#935,#936,#937,#938,
#939,#940,#941,#942,#943,#944,#945));
#2376=EDGE_LOOP('',(#946,#947,#948,#949));
#2377=EDGE_LOOP('',(#950,#951,#952,#953,#954,#955,#956,#957,#958,#959,#960,
#961,#962));
#2378=EDGE_LOOP('',(#963,#964,#965,#966,#967,#968,#969,#970,#971));
#2379=EDGE_LOOP('',(#972));
#2380=EDGE_LOOP('',(#973));
#2381=EDGE_LOOP('',(#974));
#2382=EDGE_LOOP('',(#975));
#2383=EDGE_LOOP('',(#976,#977,#978,#979));
#2384=EDGE_LOOP('',(#980,#981,#982,#983));
#2385=EDGE_LOOP('',(#984,#985,#986,#987));
#2386=EDGE_LOOP('',(#988,#989,#990,#991));
#2387=EDGE_LOOP('',(#992,#993,#994,#995));
#2388=EDGE_LOOP('',(#996,#997,#998,#999));
#2389=EDGE_LOOP('',(#1000,#1001,#1002,#1003));
#2390=EDGE_LOOP('',(#1004,#1005,#1006,#1007,#1008,#1009,#1010,#1011));
#2391=EDGE_LOOP('',(#1012,#1013,#1014,#1015,#1016));
#2392=EDGE_LOOP('',(#1017,#1018,#1019,#1020));
#2393=EDGE_LOOP('',(#1021,#1022,#1023,#1024));
#2394=EDGE_LOOP('',(#1025,#1026,#1027,#1028,#1029));
#2395=EDGE_LOOP('',(#1030,#1031,#1032,#1033));
#2396=EDGE_LOOP('',(#1034,#1035,#1036,#1037));
#2397=EDGE_LOOP('',(#1038,#1039,#1040,#1041));
#2398=EDGE_LOOP('',(#1042,#1043,#1044,#1045));
#2399=EDGE_LOOP('',(#1046,#1047,#1048,#1049));
#2400=EDGE_LOOP('',(#1050,#1051,#1052,#1053));
#2401=EDGE_LOOP('',(#1054,#1055,#1056,#1057));
#2402=EDGE_LOOP('',(#1058,#1059,#1060,#1061));
#2403=EDGE_LOOP('',(#1062,#1063,#1064,#1065));
#2404=EDGE_LOOP('',(#1066,#1067,#1068,#1069,#1070));
#2405=EDGE_LOOP('',(#1071,#1072,#1073,#1074,#1075,#1076,#1077,#1078,#1079,
#1080,#1081,#1082,#1083,#1084,#1085,#1086,#1087,#1088));
#2406=EDGE_LOOP('',(#1089,#1090,#1091,#1092,#1093,#1094,#1095,#1096));
#2407=EDGE_LOOP('',(#1097,#1098,#1099,#1100));
#2408=EDGE_LOOP('',(#1101,#1102,#1103,#1104));
#2409=EDGE_LOOP('',(#1105,#1106,#1107,#1108));
#2410=EDGE_LOOP('',(#1109,#1110,#1111,#1112));
#2411=EDGE_LOOP('',(#1113,#1114,#1115,#1116));
#2412=EDGE_LOOP('',(#1117,#1118,#1119,#1120));
#2413=EDGE_LOOP('',(#1121,#1122,#1123,#1124));
#2414=EDGE_LOOP('',(#1125,#1126,#1127,#1128,#1129,#1130,#1131,#1132,#1133,
#1134,#1135,#1136,#1137,#1138,#1139,#1140,#1141,#1142,#1143,#1144,#1145,
#1146));
#2415=EDGE_LOOP('',(#1147,#1148,#1149,#1150,#1151,#1152,#1153,#1154,#1155));
#2416=EDGE_LOOP('',(#1156));
#2417=EDGE_LOOP('',(#1157));
#2418=EDGE_LOOP('',(#1158));
#2419=EDGE_LOOP('',(#1159));
#2420=EDGE_LOOP('',(#1160));
#2421=EDGE_LOOP('',(#1161));
#2422=EDGE_LOOP('',(#1162));
#2423=EDGE_LOOP('',(#1163));
#2424=EDGE_LOOP('',(#1164));
#2425=EDGE_LOOP('',(#1165));
#2426=EDGE_LOOP('',(#1166));
#2427=EDGE_LOOP('',(#1167));
#2428=EDGE_LOOP('',(#1168));
#2429=EDGE_LOOP('',(#1169));
#2430=EDGE_LOOP('',(#1170));
#2431=EDGE_LOOP('',(#1171));
#2432=EDGE_LOOP('',(#1172));
#2433=EDGE_LOOP('',(#1173));
#2434=EDGE_LOOP('',(#1174));
#2435=EDGE_LOOP('',(#1175));
#2436=EDGE_LOOP('',(#1176));
#2437=EDGE_LOOP('',(#1177));
#2438=EDGE_LOOP('',(#1178));
#2439=EDGE_LOOP('',(#1179));
#2440=EDGE_LOOP('',(#1180,#1181,#1182,#1183));
#2441=EDGE_LOOP('',(#1184,#1185,#1186,#1187));
#2442=EDGE_LOOP('',(#1188,#1189,#1190,#1191));
#2443=EDGE_LOOP('',(#1192,#1193,#1194,#1195));
#2444=EDGE_LOOP('',(#1196,#1197,#1198,#1199));
#2445=EDGE_LOOP('',(#1200,#1201,#1202,#1203));
#2446=EDGE_LOOP('',(#1204,#1205,#1206,#1207));
#2447=EDGE_LOOP('',(#1208,#1209,#1210,#1211));
#2448=EDGE_LOOP('',(#1212,#1213,#1214,#1215));
#2449=EDGE_LOOP('',(#1216,#1217,#1218,#1219));
#2450=EDGE_LOOP('',(#1220,#1221,#1222,#1223));
#2451=EDGE_LOOP('',(#1224,#1225,#1226,#1227));
#2452=EDGE_LOOP('',(#1228,#1229,#1230,#1231));
#2453=EDGE_LOOP('',(#1232,#1233,#1234,#1235));
#2454=EDGE_LOOP('',(#1236,#1237,#1238,#1239));
#2455=EDGE_LOOP('',(#1240,#1241,#1242,#1243));
#2456=EDGE_LOOP('',(#1244,#1245,#1246,#1247));
#2457=EDGE_LOOP('',(#1248,#1249,#1250,#1251));
#2458=EDGE_LOOP('',(#1252,#1253,#1254,#1255));
#2459=EDGE_LOOP('',(#1256,#1257,#1258,#1259));
#2460=EDGE_LOOP('',(#1260,#1261,#1262,#1263));
#2461=EDGE_LOOP('',(#1264,#1265,#1266,#1267));
#2462=EDGE_LOOP('',(#1268,#1269,#1270,#1271));
#2463=EDGE_LOOP('',(#1272,#1273,#1274,#1275));
#2464=EDGE_LOOP('',(#1276,#1277,#1278,#1279));
#2465=EDGE_LOOP('',(#1280,#1281,#1282,#1283));
#2466=EDGE_LOOP('',(#1284,#1285,#1286,#1287,#1288,#1289,#1290,#1291,#1292,
#1293,#1294,#1295,#1296,#1297,#1298,#1299,#1300,#1301,#1302,#1303,#1304,
#1305,#1306,#1307,#1308,#1309));
#2467=EDGE_LOOP('',(#1310,#1311,#1312,#1313));
#2468=EDGE_LOOP('',(#1314,#1315,#1316,#1317));
#2469=EDGE_LOOP('',(#1318,#1319,#1320,#1321));
#2470=EDGE_LOOP('',(#1322,#1323,#1324,#1325));
#2471=EDGE_LOOP('',(#1326,#1327,#1328,#1329));
#2472=EDGE_LOOP('',(#1330,#1331,#1332,#1333,#1334,#1335,#1336,#1337));
#2473=EDGE_LOOP('',(#1338,#1339,#1340,#1341));
#2474=EDGE_LOOP('',(#1342,#1343,#1344,#1345));
#2475=EDGE_LOOP('',(#1346,#1347,#1348,#1349));
#2476=EDGE_LOOP('',(#1350,#1351,#1352,#1353));
#2477=EDGE_LOOP('',(#1354,#1355,#1356,#1357));
#2478=EDGE_LOOP('',(#1358,#1359,#1360,#1361));
#2479=EDGE_LOOP('',(#1362,#1363,#1364,#1365));
#2480=EDGE_LOOP('',(#1366,#1367,#1368,#1369));
#2481=EDGE_LOOP('',(#1370,#1371,#1372,#1373));
#2482=EDGE_LOOP('',(#1374,#1375,#1376,#1377));
#2483=EDGE_LOOP('',(#1378,#1379,#1380,#1381,#1382,#1383));
#2484=EDGE_LOOP('',(#1384,#1385,#1386,#1387));
#2485=EDGE_LOOP('',(#1388,#1389,#1390,#1391));
#2486=EDGE_LOOP('',(#1392,#1393,#1394,#1395,#1396));
#2487=EDGE_LOOP('',(#1397,#1398,#1399,#1400));
#2488=EDGE_LOOP('',(#1401,#1402,#1403,#1404,#1405,#1406,#1407));
#2489=EDGE_LOOP('',(#1408,#1409,#1410,#1411));
#2490=EDGE_LOOP('',(#1412,#1413,#1414,#1415));
#2491=EDGE_LOOP('',(#1416,#1417,#1418,#1419));
#2492=EDGE_LOOP('',(#1420,#1421,#1422,#1423));
#2493=EDGE_LOOP('',(#1424,#1425,#1426,#1427));
#2494=EDGE_LOOP('',(#1428,#1429,#1430,#1431));
#2495=EDGE_LOOP('',(#1432,#1433,#1434,#1435));
#2496=EDGE_LOOP('',(#1436,#1437,#1438,#1439));
#2497=EDGE_LOOP('',(#1440,#1441,#1442,#1443));
#2498=EDGE_LOOP('',(#1444,#1445,#1446,#1447,#1448));
#2499=EDGE_LOOP('',(#1449,#1450,#1451,#1452));
#2500=EDGE_LOOP('',(#1453,#1454,#1455,#1456));
#2501=EDGE_LOOP('',(#1457,#1458,#1459,#1460));
#2502=EDGE_LOOP('',(#1461,#1462,#1463,#1464));
#2503=EDGE_LOOP('',(#1465,#1466,#1467,#1468));
#2504=EDGE_LOOP('',(#1469,#1470,#1471,#1472,#1473));
#2505=EDGE_LOOP('',(#1474,#1475,#1476,#1477));
#2506=EDGE_LOOP('',(#1478,#1479,#1480,#1481,#1482));
#2507=EDGE_LOOP('',(#1483,#1484,#1485,#1486));
#2508=EDGE_LOOP('',(#1487,#1488,#1489,#1490));
#2509=EDGE_LOOP('',(#1491,#1492,#1493,#1494));
#2510=EDGE_LOOP('',(#1495,#1496,#1497,#1498));
#2511=EDGE_LOOP('',(#1499,#1500,#1501,#1502));
#2512=EDGE_LOOP('',(#1503,#1504,#1505,#1506));
#2513=EDGE_LOOP('',(#1507,#1508,#1509,#1510));
#2514=EDGE_LOOP('',(#1511,#1512,#1513,#1514));
#2515=EDGE_LOOP('',(#1515,#1516,#1517,#1518));
#2516=EDGE_LOOP('',(#1519,#1520,#1521,#1522));
#2517=EDGE_LOOP('',(#1523,#1524,#1525,#1526));
#2518=EDGE_LOOP('',(#1527,#1528,#1529,#1530));
#2519=EDGE_LOOP('',(#1531,#1532,#1533,#1534,#1535,#1536));
#2520=EDGE_LOOP('',(#1537,#1538,#1539,#1540,#1541,#1542,#1543,#1544));
#2521=EDGE_LOOP('',(#1545,#1546,#1547,#1548,#1549,#1550));
#2522=EDGE_LOOP('',(#1551,#1552,#1553,#1554,#1555,#1556,#1557,#1558,#1559,
#1560));
#2523=EDGE_LOOP('',(#1561,#1562,#1563,#1564,#1565,#1566));
#2524=EDGE_LOOP('',(#1567,#1568,#1569,#1570));
#2525=EDGE_LOOP('',(#1571,#1572,#1573,#1574,#1575,#1576));
#2526=FACE_BOUND('',#2351,.T.);
#2527=FACE_BOUND('',#2352,.T.);
#2528=FACE_BOUND('',#2353,.T.);
#2529=FACE_BOUND('',#2354,.T.);
#2530=FACE_BOUND('',#2355,.T.);
#2531=FACE_BOUND('',#2356,.T.);
#2532=FACE_BOUND('',#2357,.T.);
#2533=FACE_BOUND('',#2358,.T.);
#2534=FACE_BOUND('',#2359,.T.);
#2535=FACE_BOUND('',#2360,.T.);
#2536=FACE_BOUND('',#2361,.T.);
#2537=FACE_BOUND('',#2362,.T.);
#2538=FACE_BOUND('',#2363,.T.);
#2539=FACE_BOUND('',#2364,.T.);
#2540=FACE_BOUND('',#2365,.T.);
#2541=FACE_BOUND('',#2366,.T.);
#2542=FACE_BOUND('',#2367,.T.);
#2543=FACE_BOUND('',#2368,.T.);
#2544=FACE_BOUND('',#2369,.T.);
#2545=FACE_BOUND('',#2370,.T.);
#2546=FACE_BOUND('',#2371,.T.);
#2547=FACE_BOUND('',#2372,.T.);
#2548=FACE_BOUND('',#2373,.T.);
#2549=FACE_BOUND('',#2374,.T.);
#2550=FACE_BOUND('',#2375,.T.);
#2551=FACE_BOUND('',#2376,.T.);
#2552=FACE_BOUND('',#2377,.T.);
#2553=FACE_BOUND('',#2378,.T.);
#2554=FACE_BOUND('',#2379,.T.);
#2555=FACE_BOUND('',#2380,.T.);
#2556=FACE_BOUND('',#2381,.T.);
#2557=FACE_BOUND('',#2382,.T.);
#2558=FACE_BOUND('',#2383,.T.);
#2559=FACE_BOUND('',#2384,.T.);
#2560=FACE_BOUND('',#2385,.T.);
#2561=FACE_BOUND('',#2386,.T.);
#2562=FACE_BOUND('',#2387,.T.);
#2563=FACE_BOUND('',#2388,.T.);
#2564=FACE_BOUND('',#2389,.T.);
#2565=FACE_BOUND('',#2390,.T.);
#2566=FACE_BOUND('',#2391,.T.);
#2567=FACE_BOUND('',#2392,.T.);
#2568=FACE_BOUND('',#2393,.T.);
#2569=FACE_BOUND('',#2394,.T.);
#2570=FACE_BOUND('',#2395,.T.);
#2571=FACE_BOUND('',#2396,.T.);
#2572=FACE_BOUND('',#2397,.T.);
#2573=FACE_BOUND('',#2398,.T.);
#2574=FACE_BOUND('',#2399,.T.);
#2575=FACE_BOUND('',#2400,.T.);
#2576=FACE_BOUND('',#2401,.T.);
#2577=FACE_BOUND('',#2402,.T.);
#2578=FACE_BOUND('',#2403,.T.);
#2579=FACE_BOUND('',#2404,.T.);
#2580=FACE_BOUND('',#2405,.T.);
#2581=FACE_BOUND('',#2406,.T.);
#2582=FACE_BOUND('',#2407,.T.);
#2583=FACE_BOUND('',#2408,.T.);
#2584=FACE_BOUND('',#2409,.T.);
#2585=FACE_BOUND('',#2410,.T.);
#2586=FACE_BOUND('',#2411,.T.);
#2587=FACE_BOUND('',#2412,.T.);
#2588=FACE_BOUND('',#2413,.T.);
#2589=FACE_BOUND('',#2414,.T.);
#2590=FACE_BOUND('',#2415,.T.);
#2591=FACE_BOUND('',#2416,.T.);
#2592=FACE_BOUND('',#2417,.T.);
#2593=FACE_BOUND('',#2418,.T.);
#2594=FACE_BOUND('',#2419,.T.);
#2595=FACE_BOUND('',#2420,.T.);
#2596=FACE_BOUND('',#2421,.T.);
#2597=FACE_BOUND('',#2422,.T.);
#2598=FACE_BOUND('',#2423,.T.);
#2599=FACE_BOUND('',#2424,.T.);
#2600=FACE_BOUND('',#2425,.T.);
#2601=FACE_BOUND('',#2426,.T.);
#2602=FACE_BOUND('',#2427,.T.);
#2603=FACE_BOUND('',#2428,.T.);
#2604=FACE_BOUND('',#2429,.T.);
#2605=FACE_BOUND('',#2430,.T.);
#2606=FACE_BOUND('',#2431,.T.);
#2607=FACE_BOUND('',#2432,.T.);
#2608=FACE_BOUND('',#2433,.T.);
#2609=FACE_BOUND('',#2434,.T.);
#2610=FACE_BOUND('',#2435,.T.);
#2611=FACE_BOUND('',#2436,.T.);
#2612=FACE_BOUND('',#2437,.T.);
#2613=FACE_BOUND('',#2438,.T.);
#2614=FACE_BOUND('',#2439,.T.);
#2615=FACE_BOUND('',#2440,.T.);
#2616=FACE_BOUND('',#2441,.T.);
#2617=FACE_BOUND('',#2442,.T.);
#2618=FACE_BOUND('',#2443,.T.);
#2619=FACE_BOUND('',#2444,.T.);
#2620=FACE_BOUND('',#2445,.T.);
#2621=FACE_BOUND('',#2446,.T.);
#2622=FACE_BOUND('',#2447,.T.);
#2623=FACE_BOUND('',#2448,.T.);
#2624=FACE_BOUND('',#2449,.T.);
#2625=FACE_BOUND('',#2450,.T.);
#2626=FACE_BOUND('',#2451,.T.);
#2627=FACE_BOUND('',#2452,.T.);
#2628=FACE_BOUND('',#2453,.T.);
#2629=FACE_BOUND('',#2454,.T.);
#2630=FACE_BOUND('',#2455,.T.);
#2631=FACE_BOUND('',#2456,.T.);
#2632=FACE_BOUND('',#2457,.T.);
#2633=FACE_BOUND('',#2458,.T.);
#2634=FACE_BOUND('',#2459,.T.);
#2635=FACE_BOUND('',#2460,.T.);
#2636=FACE_BOUND('',#2461,.T.);
#2637=FACE_BOUND('',#2462,.T.);
#2638=FACE_BOUND('',#2463,.T.);
#2639=FACE_BOUND('',#2464,.T.);
#2640=FACE_BOUND('',#2465,.T.);
#2641=FACE_BOUND('',#2466,.T.);
#2642=FACE_BOUND('',#2467,.T.);
#2643=FACE_BOUND('',#2468,.T.);
#2644=FACE_BOUND('',#2469,.T.);
#2645=FACE_BOUND('',#2470,.T.);
#2646=FACE_BOUND('',#2471,.T.);
#2647=FACE_BOUND('',#2472,.T.);
#2648=FACE_BOUND('',#2473,.T.);
#2649=FACE_BOUND('',#2474,.T.);
#2650=FACE_BOUND('',#2475,.T.);
#2651=FACE_BOUND('',#2476,.T.);
#2652=FACE_BOUND('',#2477,.T.);
#2653=FACE_BOUND('',#2478,.T.);
#2654=FACE_BOUND('',#2479,.T.);
#2655=FACE_BOUND('',#2480,.T.);
#2656=FACE_BOUND('',#2481,.T.);
#2657=FACE_BOUND('',#2482,.T.);
#2658=FACE_BOUND('',#2483,.T.);
#2659=FACE_BOUND('',#2484,.T.);
#2660=FACE_BOUND('',#2485,.T.);
#2661=FACE_BOUND('',#2486,.T.);
#2662=FACE_BOUND('',#2487,.T.);
#2663=FACE_BOUND('',#2488,.T.);
#2664=FACE_BOUND('',#2489,.T.);
#2665=FACE_BOUND('',#2490,.T.);
#2666=FACE_BOUND('',#2491,.T.);
#2667=FACE_BOUND('',#2492,.T.);
#2668=FACE_BOUND('',#2493,.T.);
#2669=FACE_BOUND('',#2494,.T.);
#2670=FACE_BOUND('',#2495,.T.);
#2671=FACE_BOUND('',#2496,.T.);
#2672=FACE_BOUND('',#2497,.T.);
#2673=FACE_BOUND('',#2498,.T.);
#2674=FACE_BOUND('',#2499,.T.);
#2675=FACE_BOUND('',#2500,.T.);
#2676=FACE_BOUND('',#2501,.T.);
#2677=FACE_BOUND('',#2502,.T.);
#2678=FACE_BOUND('',#2503,.T.);
#2679=FACE_BOUND('',#2504,.T.);
#2680=FACE_BOUND('',#2505,.T.);
#2681=FACE_BOUND('',#2506,.T.);
#2682=FACE_BOUND('',#2507,.T.);
#2683=FACE_BOUND('',#2508,.T.);
#2684=FACE_BOUND('',#2509,.T.);
#2685=FACE_BOUND('',#2510,.T.);
#2686=FACE_BOUND('',#2511,.T.);
#2687=FACE_BOUND('',#2512,.T.);
#2688=FACE_BOUND('',#2513,.T.);
#2689=FACE_BOUND('',#2514,.T.);
#2690=FACE_BOUND('',#2515,.T.);
#2691=FACE_BOUND('',#2516,.T.);
#2692=FACE_BOUND('',#2517,.T.);
#2693=FACE_BOUND('',#2518,.T.);
#2694=FACE_BOUND('',#2519,.T.);
#2695=FACE_BOUND('',#2520,.T.);
#2696=FACE_BOUND('',#2521,.T.);
#2697=FACE_BOUND('',#2522,.T.);
#2698=FACE_BOUND('',#2523,.T.);
#2699=FACE_BOUND('',#2524,.T.);
#2700=FACE_BOUND('',#2525,.T.);
#2701=CYLINDRICAL_SURFACE('',#3121,0.0195);
#2702=CYLINDRICAL_SURFACE('',#3173,0.016);
#2703=CYLINDRICAL_SURFACE('',#3196,0.0155906260083248);
#2704=CYLINDRICAL_SURFACE('',#3198,0.013735839402617);
#2705=CYLINDRICAL_SURFACE('',#3200,0.0119476510172529);
#2706=CYLINDRICAL_SURFACE('',#3202,0.0134103720142961);
#2707=CYLINDRICAL_SURFACE('',#3204,0.0134060065459607);
#2708=CYLINDRICAL_SURFACE('',#3206,0.0131556691028715);
#2709=CYLINDRICAL_SURFACE('',#3209,0.0195);
#2710=CYLINDRICAL_SURFACE('',#3211,0.016);
#2711=CYLINDRICAL_SURFACE('',#3214,0.0120906260083247);
#2712=CYLINDRICAL_SURFACE('',#3216,0.010235839402617);
#2713=CYLINDRICAL_SURFACE('',#3219,0.00844765101725286);
#2714=CYLINDRICAL_SURFACE('',#3222,0.00981037201429613);
#2715=CYLINDRICAL_SURFACE('',#3226,0.00980600654596072);
#2716=CYLINDRICAL_SURFACE('',#3229,0.00959680726917637);
#2717=CYLINDRICAL_SURFACE('',#3232,0.0175);
#2718=CYLINDRICAL_SURFACE('',#3235,0.0111556691028715);
#2719=CYLINDRICAL_SURFACE('',#3237,0.0114060065459607);
#2720=CYLINDRICAL_SURFACE('',#3239,0.0114103720142961);
#2721=CYLINDRICAL_SURFACE('',#3241,0.00994765101725287);
#2722=CYLINDRICAL_SURFACE('',#3243,0.011735839402617);
#2723=CYLINDRICAL_SURFACE('',#3245,0.0135906260083247);
#2724=CYLINDRICAL_SURFACE('',#3249,0.0017);
#2725=CYLINDRICAL_SURFACE('',#3253,0.00325);
#2726=CYLINDRICAL_SURFACE('',#3254,0.0017);
#2727=CYLINDRICAL_SURFACE('',#3258,0.00325);
#2728=CYLINDRICAL_SURFACE('',#3259,0.00225);
#2729=CYLINDRICAL_SURFACE('',#3263,0.00425);
#2730=CYLINDRICAL_SURFACE('',#3264,0.00225);
#2731=CYLINDRICAL_SURFACE('',#3268,0.00425);
#2732=CYLINDRICAL_SURFACE('',#3270,0.001500002540005);
#2733=CYLINDRICAL_SURFACE('',#3272,0.001500002540005);
#2734=CYLINDRICAL_SURFACE('',#3299,0.003);
#2735=CYLINDRICAL_SURFACE('',#3304,0.003);
#2736=CYLINDRICAL_SURFACE('',#3309,0.003);
#2737=CYLINDRICAL_SURFACE('',#3311,0.003);
#2738=CYLINDRICAL_SURFACE('',#3312,0.003);
#2739=CYLINDRICAL_SURFACE('',#3314,0.003);
#2740=CYLINDRICAL_SURFACE('',#3342,0.001);
#2741=CYLINDRICAL_SURFACE('',#3344,0.001);
#2742=CYLINDRICAL_SURFACE('',#3346,0.001);
#2743=CYLINDRICAL_SURFACE('',#3347,0.001);
#2744=CYLINDRICAL_SURFACE('',#3348,0.001);
#2745=CYLINDRICAL_SURFACE('',#3350,0.001);
#2746=CYLINDRICAL_SURFACE('',#3351,0.001);
#2747=CYLINDRICAL_SURFACE('',#3353,0.001);
#2748=CYLINDRICAL_SURFACE('',#3355,0.001);
#2749=CYLINDRICAL_SURFACE('',#3356,0.001);
#2750=CYLINDRICAL_SURFACE('',#3358,0.001);
#2751=CYLINDRICAL_SURFACE('',#3360,0.001);
#2752=CYLINDRICAL_SURFACE('',#3368,0.001);
#2753=CYLINDRICAL_SURFACE('',#3370,0.001);
#2754=ADVANCED_FACE('',(#2526),#2701,.T.);
#2755=ADVANCED_FACE('',(#2527),#80,.T.);
#2756=ADVANCED_FACE('',(#2528),#81,.T.);
#2757=ADVANCED_FACE('',(#2529),#82,.T.);
#2758=ADVANCED_FACE('',(#2530),#83,.T.);
#2759=ADVANCED_FACE('',(#2531),#84,.T.);
#2760=ADVANCED_FACE('',(#2532),#85,.T.);
#2761=ADVANCED_FACE('',(#2533),#86,.T.);
#2762=ADVANCED_FACE('',(#2534),#87,.T.);
#2763=ADVANCED_FACE('',(#2535),#88,.T.);
#2764=ADVANCED_FACE('Face appearance 1',(#2536,#2537,#2538,#2539),#89,.T.);
#2765=ADVANCED_FACE('',(#2540),#90,.F.);
#2766=ADVANCED_FACE('',(#2541),#91,.T.);
#2767=ADVANCED_FACE('Face appearance 6',(#2542,#2543),#92,.F.);
#2768=ADVANCED_FACE('Face appearance 6',(#2544),#93,.T.);
#2769=ADVANCED_FACE('Face appearance 7',(#2545,#2546,#2547,#2548,#2549,
#2550),#94,.T.);
#2770=ADVANCED_FACE('Face appearance 1',(#2551),#2702,.F.);
#2771=ADVANCED_FACE('Face appearance 6',(#2552),#95,.T.);
#2772=ADVANCED_FACE('',(#2553,#2554,#2555,#2556,#2557,#2558),#96,.F.);
#2773=ADVANCED_FACE('',(#2559),#2703,.T.);
#2774=ADVANCED_FACE('',(#2560),#2704,.T.);
#2775=ADVANCED_FACE('',(#2561),#2705,.T.);
#2776=ADVANCED_FACE('',(#2562),#2706,.T.);
#2777=ADVANCED_FACE('',(#2563),#2707,.T.);
#2778=ADVANCED_FACE('',(#2564),#2708,.T.);
#2779=ADVANCED_FACE('',(#2565),#97,.T.);
#2780=ADVANCED_FACE('',(#2566),#2709,.T.);
#2781=ADVANCED_FACE('Face appearance 1',(#2567),#2710,.F.);
#2782=ADVANCED_FACE('Face appearance 1',(#2568),#98,.T.);
#2783=ADVANCED_FACE('Face appearance 6',(#2569),#2711,.F.);
#2784=ADVANCED_FACE('Face appearance 6',(#2570),#2712,.F.);
#2785=ADVANCED_FACE('Face appearance 1',(#2571),#99,.T.);
#2786=ADVANCED_FACE('Face appearance 6',(#2572),#2713,.F.);
#2787=ADVANCED_FACE('Face appearance 1',(#2573),#100,.F.);
#2788=ADVANCED_FACE('Face appearance 6',(#2574),#2714,.F.);
#2789=ADVANCED_FACE('Face appearance 1',(#2575),#101,.T.);
#2790=ADVANCED_FACE('Face appearance 1',(#2576),#102,.T.);
#2791=ADVANCED_FACE('Face appearance 6',(#2577),#2715,.F.);
#2792=ADVANCED_FACE('Face appearance 1',(#2578),#103,.F.);
#2793=ADVANCED_FACE('Face appearance 6',(#2579),#2716,.F.);
#2794=ADVANCED_FACE('Face appearance 1',(#2580),#104,.F.);
#2795=ADVANCED_FACE('Face appearance 6',(#2581),#2717,.T.);
#2796=ADVANCED_FACE('Face appearance 6',(#2582),#2718,.T.);
#2797=ADVANCED_FACE('Face appearance 6',(#2583),#2719,.T.);
#2798=ADVANCED_FACE('Face appearance 6',(#2584),#2720,.T.);
#2799=ADVANCED_FACE('Face appearance 6',(#2585),#2721,.T.);
#2800=ADVANCED_FACE('Face appearance 6',(#2586),#2722,.T.);
#2801=ADVANCED_FACE('Face appearance 6',(#2587),#2723,.T.);
#2802=ADVANCED_FACE('Face appearance 1',(#2588),#105,.F.);
#2803=ADVANCED_FACE('Face appearance 6',(#2589,#2590),#106,.T.);
#2804=ADVANCED_FACE('',(#2591,#2592),#2724,.F.);
#2805=ADVANCED_FACE('',(#2593,#2594),#107,.T.);
#2806=ADVANCED_FACE('',(#2595,#2596),#2725,.F.);
#2807=ADVANCED_FACE('',(#2597,#2598),#2726,.F.);
#2808=ADVANCED_FACE('',(#2599,#2600),#108,.T.);
#2809=ADVANCED_FACE('',(#2601,#2602),#2727,.F.);
#2810=ADVANCED_FACE('',(#2603,#2604),#2728,.F.);
#2811=ADVANCED_FACE('',(#2605,#2606),#109,.T.);
#2812=ADVANCED_FACE('',(#2607,#2608),#2729,.F.);
#2813=ADVANCED_FACE('',(#2609,#2610),#2730,.F.);
#2814=ADVANCED_FACE('',(#2611,#2612),#110,.T.);
#2815=ADVANCED_FACE('',(#2613,#2614),#2731,.F.);
#2816=ADVANCED_FACE('',(#2615),#111,.T.);
#2817=ADVANCED_FACE('',(#2616),#2732,.F.);
#2818=ADVANCED_FACE('',(#2617),#112,.T.);
#2819=ADVANCED_FACE('',(#2618),#2733,.F.);
#2820=ADVANCED_FACE('',(#2619),#113,.T.);
#2821=ADVANCED_FACE('',(#2620),#114,.T.);
#2822=ADVANCED_FACE('',(#2621),#115,.T.);
#2823=ADVANCED_FACE('',(#2622),#116,.T.);
#2824=ADVANCED_FACE('',(#2623),#117,.T.);
#2825=ADVANCED_FACE('',(#2624),#118,.T.);
#2826=ADVANCED_FACE('',(#2625),#119,.T.);
#2827=ADVANCED_FACE('',(#2626),#120,.T.);
#2828=ADVANCED_FACE('',(#2627),#121,.T.);
#2829=ADVANCED_FACE('',(#2628),#122,.T.);
#2830=ADVANCED_FACE('',(#2629),#123,.T.);
#2831=ADVANCED_FACE('',(#2630),#124,.T.);
#2832=ADVANCED_FACE('',(#2631),#125,.T.);
#2833=ADVANCED_FACE('',(#2632),#126,.T.);
#2834=ADVANCED_FACE('',(#2633),#127,.T.);
#2835=ADVANCED_FACE('',(#2634),#128,.T.);
#2836=ADVANCED_FACE('',(#2635),#129,.T.);
#2837=ADVANCED_FACE('',(#2636),#130,.T.);
#2838=ADVANCED_FACE('',(#2637),#131,.T.);
#2839=ADVANCED_FACE('',(#2638),#132,.T.);
#2840=ADVANCED_FACE('',(#2639),#133,.T.);
#2841=ADVANCED_FACE('',(#2640),#134,.T.);
#2842=ADVANCED_FACE('Face appearance 6',(#2641),#135,.T.);
#2843=ADVANCED_FACE('',(#2642),#136,.T.);
#2844=ADVANCED_FACE('',(#2643),#137,.T.);
#2845=ADVANCED_FACE('',(#2644),#138,.T.);
#2846=ADVANCED_FACE('',(#2645),#2734,.T.);
#2847=ADVANCED_FACE('',(#2646),#12,.T.);
#2848=ADVANCED_FACE('',(#2647),#13,.T.);
#2849=ADVANCED_FACE('',(#2648),#14,.T.);
#2850=ADVANCED_FACE('',(#2649),#2735,.T.);
#2851=ADVANCED_FACE('',(#2650),#15,.T.);
#2852=ADVANCED_FACE('',(#2651),#16,.T.);
#2853=ADVANCED_FACE('',(#2652),#17,.T.);
#2854=ADVANCED_FACE('',(#2653),#18,.T.);
#2855=ADVANCED_FACE('Face appearance 6',(#2654),#2736,.T.);
#2856=ADVANCED_FACE('Face appearance 6',(#2655),#2737,.T.);
#2857=ADVANCED_FACE('Face appearance 6',(#2656),#2738,.F.);
#2858=ADVANCED_FACE('Face appearance 6',(#2657),#2739,.F.);
#2859=ADVANCED_FACE('',(#2658),#139,.T.);
#2860=ADVANCED_FACE('',(#2659),#140,.F.);
#2861=ADVANCED_FACE('',(#2660),#141,.T.);
#2862=ADVANCED_FACE('',(#2661),#142,.T.);
#2863=ADVANCED_FACE('',(#2662),#143,.F.);
#2864=ADVANCED_FACE('',(#2663),#144,.T.);
#2865=ADVANCED_FACE('',(#2664),#145,.T.);
#2866=ADVANCED_FACE('',(#2665),#146,.F.);
#2867=ADVANCED_FACE('',(#2666),#147,.T.);
#2868=ADVANCED_FACE('',(#2667),#148,.T.);
#2869=ADVANCED_FACE('',(#2668),#149,.F.);
#2870=ADVANCED_FACE('',(#2669),#150,.T.);
#2871=ADVANCED_FACE('',(#2670),#151,.T.);
#2872=ADVANCED_FACE('',(#2671),#152,.F.);
#2873=ADVANCED_FACE('',(#2672),#153,.T.);
#2874=ADVANCED_FACE('',(#2673),#154,.F.);
#2875=ADVANCED_FACE('',(#2674),#155,.F.);
#2876=ADVANCED_FACE('',(#2675),#156,.T.);
#2877=ADVANCED_FACE('',(#2676),#157,.T.);
#2878=ADVANCED_FACE('',(#2677),#158,.F.);
#2879=ADVANCED_FACE('',(#2678),#159,.F.);
#2880=ADVANCED_FACE('',(#2679),#160,.T.);
#2881=ADVANCED_FACE('',(#2680),#161,.F.);
#2882=ADVANCED_FACE('',(#2681),#162,.F.);
#2883=ADVANCED_FACE('',(#2682),#2740,.T.);
#2884=ADVANCED_FACE('',(#2683),#2741,.T.);
#2885=ADVANCED_FACE('',(#2684),#2742,.T.);
#2886=ADVANCED_FACE('',(#2685),#2743,.T.);
#2887=ADVANCED_FACE('',(#2686),#2744,.T.);
#2888=ADVANCED_FACE('',(#2687),#2745,.T.);
#2889=ADVANCED_FACE('',(#2688),#2746,.T.);
#2890=ADVANCED_FACE('',(#2689),#2747,.T.);
#2891=ADVANCED_FACE('',(#2690),#2748,.T.);
#2892=ADVANCED_FACE('',(#2691),#2749,.T.);
#2893=ADVANCED_FACE('',(#2692),#2750,.T.);
#2894=ADVANCED_FACE('',(#2693),#2751,.T.);
#2895=ADVANCED_FACE('',(#2694),#163,.T.);
#2896=ADVANCED_FACE('',(#2695),#164,.T.);
#2897=ADVANCED_FACE('',(#2696),#165,.F.);
#2898=ADVANCED_FACE('',(#2697),#166,.F.);
#2899=ADVANCED_FACE('',(#2698),#2752,.T.);
#2900=ADVANCED_FACE('',(#2699),#19,.T.);
#2901=ADVANCED_FACE('',(#2700),#2753,.T.);
#2902=CLOSED_SHELL('',(#2754,#2755,#2756,#2757,#2758,#2759,#2760,#2761,
#2762,#2763,#2764,#2765,#2766,#2767,#2768,#2769,#2770,#2771,#2772,#2773,
#2774,#2775,#2776,#2777,#2778,#2779,#2780,#2781,#2782,#2783,#2784,#2785,
#2786,#2787,#2788,#2789,#2790,#2791,#2792,#2793,#2794,#2795,#2796,#2797,
#2798,#2799,#2800,#2801,#2802,#2803,#2804,#2805,#2806,#2807,#2808,#2809,
#2810,#2811,#2812,#2813,#2814,#2815,#2816,#2817,#2818,#2819,#2820,#2821,
#2822,#2823,#2824,#2825,#2826,#2827,#2828,#2829,#2830,#2831,#2832,#2833,
#2834,#2835,#2836,#2837,#2838,#2839,#2840,#2841,#2842,#2843,#2844,#2845,
#2846,#2847,#2848,#2849,#2850,#2851,#2852,#2853,#2854,#2855,#2856,#2857,
#2858,#2859,#2860,#2861,#2862,#2863,#2864,#2865,#2866,#2867,#2868,#2869,
#2870,#2871,#2872,#2873,#2874,#2875,#2876,#2877,#2878,#2879,#2880,#2881,
#2882,#2883,#2884,#2885,#2886,#2887,#2888,#2889,#2890,#2891,#2892,#2893,
#2894,#2895,#2896,#2897,#2898,#2899,#2900,#2901));
#2903=STYLED_ITEM('',(#2904),#3117);
#2904=PRESENTATION_STYLE_ASSIGNMENT((#2939));
#2905=PRESENTATION_STYLE_ASSIGNMENT((#2940));
#2906=PRESENTATION_STYLE_ASSIGNMENT((#2941));
#2907=PRESENTATION_STYLE_ASSIGNMENT((#2942));
#2908=PRESENTATION_STYLE_ASSIGNMENT((#2943));
#2909=PRESENTATION_STYLE_ASSIGNMENT((#2944));
#2910=PRESENTATION_STYLE_ASSIGNMENT((#2945));
#2911=PRESENTATION_STYLE_ASSIGNMENT((#2946));
#2912=PRESENTATION_STYLE_ASSIGNMENT((#2947));
#2913=PRESENTATION_STYLE_ASSIGNMENT((#2948));
#2914=PRESENTATION_STYLE_ASSIGNMENT((#2949));
#2915=PRESENTATION_STYLE_ASSIGNMENT((#2950));
#2916=PRESENTATION_STYLE_ASSIGNMENT((#2951));
#2917=PRESENTATION_STYLE_ASSIGNMENT((#2952));
#2918=PRESENTATION_STYLE_ASSIGNMENT((#2953));
#2919=PRESENTATION_STYLE_ASSIGNMENT((#2954));
#2920=PRESENTATION_STYLE_ASSIGNMENT((#2955));
#2921=PRESENTATION_STYLE_ASSIGNMENT((#2956));
#2922=PRESENTATION_STYLE_ASSIGNMENT((#2957));
#2923=PRESENTATION_STYLE_ASSIGNMENT((#2958));
#2924=PRESENTATION_STYLE_ASSIGNMENT((#2959));
#2925=PRESENTATION_STYLE_ASSIGNMENT((#2960));
#2926=PRESENTATION_STYLE_ASSIGNMENT((#2961));
#2927=PRESENTATION_STYLE_ASSIGNMENT((#2962));
#2928=PRESENTATION_STYLE_ASSIGNMENT((#2963));
#2929=PRESENTATION_STYLE_ASSIGNMENT((#2964));
#2930=PRESENTATION_STYLE_ASSIGNMENT((#2965));
#2931=PRESENTATION_STYLE_ASSIGNMENT((#2966));
#2932=PRESENTATION_STYLE_ASSIGNMENT((#2967));
#2933=PRESENTATION_STYLE_ASSIGNMENT((#2968));
#2934=PRESENTATION_STYLE_ASSIGNMENT((#2969));
#2935=PRESENTATION_STYLE_ASSIGNMENT((#2970));
#2936=PRESENTATION_STYLE_ASSIGNMENT((#2971));
#2937=PRESENTATION_STYLE_ASSIGNMENT((#2972));
#2938=PRESENTATION_STYLE_ASSIGNMENT((#2973));
#2939=SURFACE_STYLE_USAGE(.BOTH.,#2974);
#2940=SURFACE_STYLE_USAGE(.BOTH.,#2975);
#2941=SURFACE_STYLE_USAGE(.BOTH.,#2976);
#2942=SURFACE_STYLE_USAGE(.BOTH.,#2977);
#2943=SURFACE_STYLE_USAGE(.BOTH.,#2978);
#2944=SURFACE_STYLE_USAGE(.BOTH.,#2979);
#2945=SURFACE_STYLE_USAGE(.BOTH.,#2980);
#2946=SURFACE_STYLE_USAGE(.BOTH.,#2981);
#2947=SURFACE_STYLE_USAGE(.BOTH.,#2982);
#2948=SURFACE_STYLE_USAGE(.BOTH.,#2983);
#2949=SURFACE_STYLE_USAGE(.BOTH.,#2984);
#2950=SURFACE_STYLE_USAGE(.BOTH.,#2985);
#2951=SURFACE_STYLE_USAGE(.BOTH.,#2986);
#2952=SURFACE_STYLE_USAGE(.BOTH.,#2987);
#2953=SURFACE_STYLE_USAGE(.BOTH.,#2988);
#2954=SURFACE_STYLE_USAGE(.BOTH.,#2989);
#2955=SURFACE_STYLE_USAGE(.BOTH.,#2990);
#2956=SURFACE_STYLE_USAGE(.BOTH.,#2991);
#2957=SURFACE_STYLE_USAGE(.BOTH.,#2992);
#2958=SURFACE_STYLE_USAGE(.BOTH.,#2993);
#2959=SURFACE_STYLE_USAGE(.BOTH.,#2994);
#2960=SURFACE_STYLE_USAGE(.BOTH.,#2995);
#2961=SURFACE_STYLE_USAGE(.BOTH.,#2996);
#2962=SURFACE_STYLE_USAGE(.BOTH.,#2997);
#2963=SURFACE_STYLE_USAGE(.BOTH.,#2998);
#2964=SURFACE_STYLE_USAGE(.BOTH.,#2999);
#2965=SURFACE_STYLE_USAGE(.BOTH.,#3000);
#2966=SURFACE_STYLE_USAGE(.BOTH.,#3001);
#2967=SURFACE_STYLE_USAGE(.BOTH.,#3002);
#2968=SURFACE_STYLE_USAGE(.BOTH.,#3003);
#2969=SURFACE_STYLE_USAGE(.BOTH.,#3004);
#2970=SURFACE_STYLE_USAGE(.BOTH.,#3005);
#2971=SURFACE_STYLE_USAGE(.BOTH.,#3006);
#2972=SURFACE_STYLE_USAGE(.BOTH.,#3007);
#2973=SURFACE_STYLE_USAGE(.BOTH.,#3008);
#2974=SURFACE_SIDE_STYLE('',(#3009));
#2975=SURFACE_SIDE_STYLE('',(#3010));
#2976=SURFACE_SIDE_STYLE('',(#3011));
#2977=SURFACE_SIDE_STYLE('',(#3012));
#2978=SURFACE_SIDE_STYLE('',(#3013));
#2979=SURFACE_SIDE_STYLE('',(#3014));
#2980=SURFACE_SIDE_STYLE('',(#3015));
#2981=SURFACE_SIDE_STYLE('',(#3016));
#2982=SURFACE_SIDE_STYLE('',(#3017));
#2983=SURFACE_SIDE_STYLE('',(#3018));
#2984=SURFACE_SIDE_STYLE('',(#3019));
#2985=SURFACE_SIDE_STYLE('',(#3020));
#2986=SURFACE_SIDE_STYLE('',(#3021));
#2987=SURFACE_SIDE_STYLE('',(#3022));
#2988=SURFACE_SIDE_STYLE('',(#3023));
#2989=SURFACE_SIDE_STYLE('',(#3024));
#2990=SURFACE_SIDE_STYLE('',(#3025));
#2991=SURFACE_SIDE_STYLE('',(#3026));
#2992=SURFACE_SIDE_STYLE('',(#3027));
#2993=SURFACE_SIDE_STYLE('',(#3028));
#2994=SURFACE_SIDE_STYLE('',(#3029));
#2995=SURFACE_SIDE_STYLE('',(#3030));
#2996=SURFACE_SIDE_STYLE('',(#3031));
#2997=SURFACE_SIDE_STYLE('',(#3032));
#2998=SURFACE_SIDE_STYLE('',(#3033));
#2999=SURFACE_SIDE_STYLE('',(#3034));
#3000=SURFACE_SIDE_STYLE('',(#3035));
#3001=SURFACE_SIDE_STYLE('',(#3036));
#3002=SURFACE_SIDE_STYLE('',(#3037));
#3003=SURFACE_SIDE_STYLE('',(#3038));
#3004=SURFACE_SIDE_STYLE('',(#3039));
#3005=SURFACE_SIDE_STYLE('',(#3040));
#3006=SURFACE_SIDE_STYLE('',(#3041));
#3007=SURFACE_SIDE_STYLE('',(#3042));
#3008=SURFACE_SIDE_STYLE('',(#3043));
#3009=SURFACE_STYLE_FILL_AREA(#3044);
#3010=SURFACE_STYLE_FILL_AREA(#3045);
#3011=SURFACE_STYLE_FILL_AREA(#3046);
#3012=SURFACE_STYLE_FILL_AREA(#3047);
#3013=SURFACE_STYLE_FILL_AREA(#3048);
#3014=SURFACE_STYLE_FILL_AREA(#3049);
#3015=SURFACE_STYLE_FILL_AREA(#3050);
#3016=SURFACE_STYLE_FILL_AREA(#3051);
#3017=SURFACE_STYLE_FILL_AREA(#3052);
#3018=SURFACE_STYLE_FILL_AREA(#3053);
#3019=SURFACE_STYLE_FILL_AREA(#3054);
#3020=SURFACE_STYLE_FILL_AREA(#3055);
#3021=SURFACE_STYLE_FILL_AREA(#3056);
#3022=SURFACE_STYLE_FILL_AREA(#3057);
#3023=SURFACE_STYLE_FILL_AREA(#3058);
#3024=SURFACE_STYLE_FILL_AREA(#3059);
#3025=SURFACE_STYLE_FILL_AREA(#3060);
#3026=SURFACE_STYLE_FILL_AREA(#3061);
#3027=SURFACE_STYLE_FILL_AREA(#3062);
#3028=SURFACE_STYLE_FILL_AREA(#3063);
#3029=SURFACE_STYLE_FILL_AREA(#3064);
#3030=SURFACE_STYLE_FILL_AREA(#3065);
#3031=SURFACE_STYLE_FILL_AREA(#3066);
#3032=SURFACE_STYLE_FILL_AREA(#3067);
#3033=SURFACE_STYLE_FILL_AREA(#3068);
#3034=SURFACE_STYLE_FILL_AREA(#3069);
#3035=SURFACE_STYLE_FILL_AREA(#3070);
#3036=SURFACE_STYLE_FILL_AREA(#3071);
#3037=SURFACE_STYLE_FILL_AREA(#3072);
#3038=SURFACE_STYLE_FILL_AREA(#3073);
#3039=SURFACE_STYLE_FILL_AREA(#3074);
#3040=SURFACE_STYLE_FILL_AREA(#3075);
#3041=SURFACE_STYLE_FILL_AREA(#3076);
#3042=SURFACE_STYLE_FILL_AREA(#3077);
#3043=SURFACE_STYLE_FILL_AREA(#3078);
#3044=FILL_AREA_STYLE('',(#3079));
#3045=FILL_AREA_STYLE('',(#3080));
#3046=FILL_AREA_STYLE('',(#3081));
#3047=FILL_AREA_STYLE('',(#3082));
#3048=FILL_AREA_STYLE('',(#3083));
#3049=FILL_AREA_STYLE('',(#3084));
#3050=FILL_AREA_STYLE('',(#3085));
#3051=FILL_AREA_STYLE('',(#3086));
#3052=FILL_AREA_STYLE('',(#3087));
#3053=FILL_AREA_STYLE('',(#3088));
#3054=FILL_AREA_STYLE('',(#3089));
#3055=FILL_AREA_STYLE('',(#3090));
#3056=FILL_AREA_STYLE('',(#3091));
#3057=FILL_AREA_STYLE('',(#3092));
#3058=FILL_AREA_STYLE('',(#3093));
#3059=FILL_AREA_STYLE('',(#3094));
#3060=FILL_AREA_STYLE('',(#3095));
#3061=FILL_AREA_STYLE('',(#3096));
#3062=FILL_AREA_STYLE('',(#3097));
#3063=FILL_AREA_STYLE('',(#3098));
#3064=FILL_AREA_STYLE('',(#3099));
#3065=FILL_AREA_STYLE('',(#3100));
#3066=FILL_AREA_STYLE('',(#3101));
#3067=FILL_AREA_STYLE('',(#3102));
#3068=FILL_AREA_STYLE('',(#3103));
#3069=FILL_AREA_STYLE('',(#3104));
#3070=FILL_AREA_STYLE('',(#3105));
#3071=FILL_AREA_STYLE('',(#3106));
#3072=FILL_AREA_STYLE('',(#3107));
#3073=FILL_AREA_STYLE('',(#3108));
#3074=FILL_AREA_STYLE('',(#3109));
#3075=FILL_AREA_STYLE('',(#3110));
#3076=FILL_AREA_STYLE('',(#3111));
#3077=FILL_AREA_STYLE('',(#3112));
#3078=FILL_AREA_STYLE('',(#3113));
#3079=FILL_AREA_STYLE_COLOUR('',#3114);
#3080=FILL_AREA_STYLE_COLOUR('',#3115);
#3081=FILL_AREA_STYLE_COLOUR('',#3116);
#3082=FILL_AREA_STYLE_COLOUR('',#3116);
#3083=FILL_AREA_STYLE_COLOUR('',#3116);
#3084=FILL_AREA_STYLE_COLOUR('',#3115);
#3085=FILL_AREA_STYLE_COLOUR('',#3116);
#3086=FILL_AREA_STYLE_COLOUR('',#3115);
#3087=FILL_AREA_STYLE_COLOUR('',#3115);
#3088=FILL_AREA_STYLE_COLOUR('',#3116);
#3089=FILL_AREA_STYLE_COLOUR('',#3116);
#3090=FILL_AREA_STYLE_COLOUR('',#3115);
#3091=FILL_AREA_STYLE_COLOUR('',#3116);
#3092=FILL_AREA_STYLE_COLOUR('',#3115);
#3093=FILL_AREA_STYLE_COLOUR('',#3116);
#3094=FILL_AREA_STYLE_COLOUR('',#3115);
#3095=FILL_AREA_STYLE_COLOUR('',#3115);
#3096=FILL_AREA_STYLE_COLOUR('',#3116);
#3097=FILL_AREA_STYLE_COLOUR('',#3115);
#3098=FILL_AREA_STYLE_COLOUR('',#3116);
#3099=FILL_AREA_STYLE_COLOUR('',#3115);
#3100=FILL_AREA_STYLE_COLOUR('',#3116);
#3101=FILL_AREA_STYLE_COLOUR('',#3116);
#3102=FILL_AREA_STYLE_COLOUR('',#3116);
#3103=FILL_AREA_STYLE_COLOUR('',#3116);
#3104=FILL_AREA_STYLE_COLOUR('',#3116);
#3105=FILL_AREA_STYLE_COLOUR('',#3116);
#3106=FILL_AREA_STYLE_COLOUR('',#3116);
#3107=FILL_AREA_STYLE_COLOUR('',#3115);
#3108=FILL_AREA_STYLE_COLOUR('',#3116);
#3109=FILL_AREA_STYLE_COLOUR('',#3116);
#3110=FILL_AREA_STYLE_COLOUR('',#3116);
#3111=FILL_AREA_STYLE_COLOUR('',#3116);
#3112=FILL_AREA_STYLE_COLOUR('',#3116);
#3113=FILL_AREA_STYLE_COLOUR('',#3116);
#3114=COLOUR_RGB('',0.403921568627451,0.0745098039215686,0.447058823529412);
#3115=COLOUR_RGB('',0.901960784313726,0.901960784313726,0.901960784313726);
#3116=COLOUR_RGB('',0.917647058823529,0.917647058823529,0.917647058823529);
#3117=MANIFOLD_SOLID_BREP('BottomCase',#2902);
#3118=SHAPE_DEFINITION_REPRESENTATION(#5073,#3119);
#3119=SHAPE_REPRESENTATION('BottomCase',(#3120),#5068);
#3120=AXIS2_PLACEMENT_3D('',#4167,#3371,#3372);
#3121=AXIS2_PLACEMENT_3D('',#4168,#3373,#3374);
#3122=AXIS2_PLACEMENT_3D('',#4169,#3375,#3376);
#3123=AXIS2_PLACEMENT_3D('',#4174,#3378,#3379);
#3124=AXIS2_PLACEMENT_3D('',#4177,#3381,#3382);
#3125=AXIS2_PLACEMENT_3D('',#4181,#3384,#3385);
#3126=AXIS2_PLACEMENT_3D('',#4184,#3387,#3388);
#3127=AXIS2_PLACEMENT_3D('',#4190,#3391,#3392);
#3128=AXIS2_PLACEMENT_3D('',#4191,#3393,#3394);
#3129=AXIS2_PLACEMENT_3D('',#4208,#3403,#3404);
#3130=AXIS2_PLACEMENT_3D('',#4214,#3408,#3409);
#3131=AXIS2_PLACEMENT_3D('',#4220,#3413,#3414);
#3132=AXIS2_PLACEMENT_3D('',#4226,#3418,#3419);
#3133=AXIS2_PLACEMENT_3D('',#4240,#3427,#3428);
#3134=AXIS2_PLACEMENT_3D('',#4244,#3430,#3431);
#3135=AXIS2_PLACEMENT_3D('',#4260,#3439,#3440);
#3136=AXIS2_PLACEMENT_3D('',#4261,#3441,#3442);
#3137=AXIS2_PLACEMENT_3D('',#4265,#3444,#3445);
#3138=AXIS2_PLACEMENT_3D('',#4277,#3451,#3452);
#3139=AXIS2_PLACEMENT_3D('',#4278,#3453,#3454);
#3140=AXIS2_PLACEMENT_3D('',#4279,#3455,#3456);
#3141=AXIS2_PLACEMENT_3D('',#4282,#3457,#3458);
#3142=AXIS2_PLACEMENT_3D('',#4286,#3460,#3461);
#3143=AXIS2_PLACEMENT_3D('',#4291,#3464,#3465);
#3144=AXIS2_PLACEMENT_3D('',#4306,#3473,#3474);
#3145=AXIS2_PLACEMENT_3D('',#4341,#3493,#3494);
#3146=AXIS2_PLACEMENT_3D('',#4364,#3507,#3508);
#3147=AXIS2_PLACEMENT_3D('',#4368,#3510,#3511);
#3148=AXIS2_PLACEMENT_3D('',#4372,#3513,#3514);
#3149=AXIS2_PLACEMENT_3D('',#4374,#3515,#3516);
#3150=AXIS2_PLACEMENT_3D('',#4376,#3517,#3518);
#3151=AXIS2_PLACEMENT_3D('',#4378,#3519,#3520);
#3152=AXIS2_PLACEMENT_3D('',#4380,#3521,#3522);
#3153=AXIS2_PLACEMENT_3D('',#4382,#3523,#3524);
#3154=AXIS2_PLACEMENT_3D('',#4383,#3525,#3526);
#3155=AXIS2_PLACEMENT_3D('',#4389,#3529,#3530);
#3156=AXIS2_PLACEMENT_3D('',#4391,#3531,#3532);
#3157=AXIS2_PLACEMENT_3D('',#4393,#3533,#3534);
#3158=AXIS2_PLACEMENT_3D('',#4395,#3535,#3536);
#3159=AXIS2_PLACEMENT_3D('',#4397,#3537,#3538);
#3160=AXIS2_PLACEMENT_3D('',#4399,#3539,#3540);
#3161=AXIS2_PLACEMENT_3D('',#4406,#3544,#3545);
#3162=AXIS2_PLACEMENT_3D('',#4410,#3547,#3548);
#3163=AXIS2_PLACEMENT_3D('',#4430,#3559,#3560);
#3164=AXIS2_PLACEMENT_3D('',#4441,#3567,#3568);
#3165=AXIS2_PLACEMENT_3D('',#4442,#3569,#3570);
#3166=AXIS2_PLACEMENT_3D('',#4444,#3571,#3572);
#3167=AXIS2_PLACEMENT_3D('',#4446,#3573,#3574);
#3168=AXIS2_PLACEMENT_3D('',#4448,#3575,#3576);
#3169=AXIS2_PLACEMENT_3D('',#4450,#3577,#3578);
#3170=AXIS2_PLACEMENT_3D('',#4455,#3580,#3581);
#3171=AXIS2_PLACEMENT_3D('',#4458,#3583,#3584);
#3172=AXIS2_PLACEMENT_3D('',#4465,#3588,#3589);
#3173=AXIS2_PLACEMENT_3D('',#4512,#3614,#3615);
#3174=AXIS2_PLACEMENT_3D('',#4513,#3616,#3617);
#3175=AXIS2_PLACEMENT_3D('',#4516,#3619,#3620);
#3176=AXIS2_PLACEMENT_3D('',#4522,#3623,#3624);
#3177=AXIS2_PLACEMENT_3D('',#4526,#3626,#3627);
#3178=AXIS2_PLACEMENT_3D('',#4532,#3630,#3631);
#3179=AXIS2_PLACEMENT_3D('',#4536,#3633,#3634);
#3180=AXIS2_PLACEMENT_3D('',#4540,#3636,#3637);
#3181=AXIS2_PLACEMENT_3D('',#4542,#3638,#3639);
#3182=AXIS2_PLACEMENT_3D('',#4543,#3640,#3641);
#3183=AXIS2_PLACEMENT_3D('',#4544,#3642,#3643);
#3184=AXIS2_PLACEMENT_3D('',#4547,#3644,#3645);
#3185=AXIS2_PLACEMENT_3D('',#4549,#3646,#3647);
#3186=AXIS2_PLACEMENT_3D('',#4553,#3649,#3650);
#3187=AXIS2_PLACEMENT_3D('',#4557,#3652,#3653);
#3188=AXIS2_PLACEMENT_3D('',#4559,#3654,#3655);
#3189=AXIS2_PLACEMENT_3D('',#4561,#3656,#3657);
#3190=AXIS2_PLACEMENT_3D('',#4562,#3658,#3659);
#3191=AXIS2_PLACEMENT_3D('',#4564,#3660,#3661);
#3192=AXIS2_PLACEMENT_3D('',#4566,#3662,#3663);
#3193=AXIS2_PLACEMENT_3D('',#4568,#3664,#3665);
#3194=AXIS2_PLACEMENT_3D('',#4573,#3667,#3668);
#3195=AXIS2_PLACEMENT_3D('',#4577,#3670,#3671);
#3196=AXIS2_PLACEMENT_3D('',#4578,#3672,#3673);
#3197=AXIS2_PLACEMENT_3D('',#4581,#3675,#3676);
#3198=AXIS2_PLACEMENT_3D('',#4582,#3677,#3678);
#3199=AXIS2_PLACEMENT_3D('',#4585,#3680,#3681);
#3200=AXIS2_PLACEMENT_3D('',#4586,#3682,#3683);
#3201=AXIS2_PLACEMENT_3D('',#4589,#3685,#3686);
#3202=AXIS2_PLACEMENT_3D('',#4590,#3687,#3688);
#3203=AXIS2_PLACEMENT_3D('',#4593,#3690,#3691);
#3204=AXIS2_PLACEMENT_3D('',#4594,#3692,#3693);
#3205=AXIS2_PLACEMENT_3D('',#4597,#3695,#3696);
#3206=AXIS2_PLACEMENT_3D('',#4598,#3697,#3698);
#3207=AXIS2_PLACEMENT_3D('',#4601,#3700,#3701);
#3208=AXIS2_PLACEMENT_3D('',#4602,#3702,#3703);
#3209=AXIS2_PLACEMENT_3D('',#4609,#3708,#3709);
#3210=AXIS2_PLACEMENT_3D('',#4610,#3710,#3711);
#3211=AXIS2_PLACEMENT_3D('',#4614,#3714,#3715);
#3212=AXIS2_PLACEMENT_3D('',#4617,#3717,#3718);
#3213=AXIS2_PLACEMENT_3D('',#4618,#3719,#3720);
#3214=AXIS2_PLACEMENT_3D('',#4620,#3722,#3723);
#3215=AXIS2_PLACEMENT_3D('',#4628,#3725,#3726);
#3216=AXIS2_PLACEMENT_3D('',#4629,#3727,#3728);
#3217=AXIS2_PLACEMENT_3D('',#4632,#3730,#3731);
#3218=AXIS2_PLACEMENT_3D('',#4633,#3732,#3733);
#3219=AXIS2_PLACEMENT_3D('',#4637,#3736,#3737);
#3220=AXIS2_PLACEMENT_3D('',#4640,#3739,#3740);
#3221=AXIS2_PLACEMENT_3D('',#4641,#3741,#3742);
#3222=AXIS2_PLACEMENT_3D('',#4645,#3745,#3746);
#3223=AXIS2_PLACEMENT_3D('',#4648,#3748,#3749);
#3224=AXIS2_PLACEMENT_3D('',#4649,#3750,#3751);
#3225=AXIS2_PLACEMENT_3D('',#4653,#3754,#3755);
#3226=AXIS2_PLACEMENT_3D('',#4657,#3758,#3759);
#3227=AXIS2_PLACEMENT_3D('',#4660,#3761,#3762);
#3228=AXIS2_PLACEMENT_3D('',#4661,#3763,#3764);
#3229=AXIS2_PLACEMENT_3D('',#4665,#3767,#3768);
#3230=AXIS2_PLACEMENT_3D('',#4671,#3769,#3770);
#3231=AXIS2_PLACEMENT_3D('',#4672,#3771,#3772);
#3232=AXIS2_PLACEMENT_3D('',#4697,#3787,#3788);
#3233=AXIS2_PLACEMENT_3D('',#4700,#3790,#3791);
#3234=AXIS2_PLACEMENT_3D('',#4703,#3793,#3794);
#3235=AXIS2_PLACEMENT_3D('',#4704,#3795,#3796);
#3236=AXIS2_PLACEMENT_3D('',#4707,#3798,#3799);
#3237=AXIS2_PLACEMENT_3D('',#4708,#3800,#3801);
#3238=AXIS2_PLACEMENT_3D('',#4711,#3803,#3804);
#3239=AXIS2_PLACEMENT_3D('',#4712,#3805,#3806);
#3240=AXIS2_PLACEMENT_3D('',#4715,#3808,#3809);
#3241=AXIS2_PLACEMENT_3D('',#4716,#3810,#3811);
#3242=AXIS2_PLACEMENT_3D('',#4719,#3813,#3814);
#3243=AXIS2_PLACEMENT_3D('',#4720,#3815,#3816);
#3244=AXIS2_PLACEMENT_3D('',#4723,#3818,#3819);
#3245=AXIS2_PLACEMENT_3D('',#4724,#3820,#3821);
#3246=AXIS2_PLACEMENT_3D('',#4725,#3822,#3823);
#3247=AXIS2_PLACEMENT_3D('',#4726,#3824,#3825);
#3248=AXIS2_PLACEMENT_3D('',#4728,#3827,#3828);
#3249=AXIS2_PLACEMENT_3D('',#4729,#3829,#3830);
#3250=AXIS2_PLACEMENT_3D('',#4730,#3831,#3832);
#3251=AXIS2_PLACEMENT_3D('',#4732,#3833,#3834);
#3252=AXIS2_PLACEMENT_3D('',#4733,#3835,#3836);
#3253=AXIS2_PLACEMENT_3D('',#4735,#3837,#3838);
#3254=AXIS2_PLACEMENT_3D('',#4736,#3839,#3840);
#3255=AXIS2_PLACEMENT_3D('',#4737,#3841,#3842);
#3256=AXIS2_PLACEMENT_3D('',#4739,#3843,#3844);
#3257=AXIS2_PLACEMENT_3D('',#4740,#3845,#3846);
#3258=AXIS2_PLACEMENT_3D('',#4742,#3847,#3848);
#3259=AXIS2_PLACEMENT_3D('',#4743,#3849,#3850);
#3260=AXIS2_PLACEMENT_3D('',#4744,#3851,#3852);
#3261=AXIS2_PLACEMENT_3D('',#4746,#3853,#3854);
#3262=AXIS2_PLACEMENT_3D('',#4747,#3855,#3856);
#3263=AXIS2_PLACEMENT_3D('',#4749,#3857,#3858);
#3264=AXIS2_PLACEMENT_3D('',#4750,#3859,#3860);
#3265=AXIS2_PLACEMENT_3D('',#4751,#3861,#3862);
#3266=AXIS2_PLACEMENT_3D('',#4753,#3863,#3864);
#3267=AXIS2_PLACEMENT_3D('',#4754,#3865,#3866);
#3268=AXIS2_PLACEMENT_3D('',#4756,#3867,#3868);
#3269=AXIS2_PLACEMENT_3D('',#4757,#3869,#3870);
#3270=AXIS2_PLACEMENT_3D('',#4760,#3873,#3874);
#3271=AXIS2_PLACEMENT_3D('',#4762,#3876,#3877);
#3272=AXIS2_PLACEMENT_3D('',#4764,#3879,#3880);
#3273=AXIS2_PLACEMENT_3D('',#4765,#3881,#3882);
#3274=AXIS2_PLACEMENT_3D('',#4769,#3885,#3886);
#3275=AXIS2_PLACEMENT_3D('',#4773,#3889,#3890);
#3276=AXIS2_PLACEMENT_3D('',#4777,#3893,#3894);
#3277=AXIS2_PLACEMENT_3D('',#4781,#3897,#3898);
#3278=AXIS2_PLACEMENT_3D('',#4785,#3901,#3902);
#3279=AXIS2_PLACEMENT_3D('',#4789,#3905,#3906);
#3280=AXIS2_PLACEMENT_3D('',#4793,#3909,#3910);
#3281=AXIS2_PLACEMENT_3D('',#4797,#3913,#3914);
#3282=AXIS2_PLACEMENT_3D('',#4801,#3917,#3918);
#3283=AXIS2_PLACEMENT_3D('',#4805,#3921,#3922);
#3284=AXIS2_PLACEMENT_3D('',#4809,#3925,#3926);
#3285=AXIS2_PLACEMENT_3D('',#4813,#3929,#3930);
#3286=AXIS2_PLACEMENT_3D('',#4817,#3933,#3934);
#3287=AXIS2_PLACEMENT_3D('',#4821,#3937,#3938);
#3288=AXIS2_PLACEMENT_3D('',#4825,#3941,#3942);
#3289=AXIS2_PLACEMENT_3D('',#4829,#3945,#3946);
#3290=AXIS2_PLACEMENT_3D('',#4833,#3949,#3950);
#3291=AXIS2_PLACEMENT_3D('',#4837,#3953,#3954);
#3292=AXIS2_PLACEMENT_3D('',#4841,#3957,#3958);
#3293=AXIS2_PLACEMENT_3D('',#4845,#3961,#3962);
#3294=AXIS2_PLACEMENT_3D('',#4849,#3965,#3966);
#3295=AXIS2_PLACEMENT_3D('',#4851,#3968,#3969);
#3296=AXIS2_PLACEMENT_3D('',#4855,#3972,#3973);
#3297=AXIS2_PLACEMENT_3D('',#4859,#3976,#3977);
#3298=AXIS2_PLACEMENT_3D('',#4863,#3980,#3981);
#3299=AXIS2_PLACEMENT_3D('',#4865,#3983,#3984);
#3300=AXIS2_PLACEMENT_3D('',#4876,#3985,#3986);
#3301=AXIS2_PLACEMENT_3D('',#4884,#3987,#3988);
#3302=AXIS2_PLACEMENT_3D('',#4890,#3989,#3990);
#3303=AXIS2_PLACEMENT_3D('',#4901,#3991,#3992);
#3304=AXIS2_PLACEMENT_3D('',#4909,#3993,#3994);
#3305=AXIS2_PLACEMENT_3D('',#4915,#3995,#3996);
#3306=AXIS2_PLACEMENT_3D('',#4923,#3997,#3998);
#3307=AXIS2_PLACEMENT_3D('',#4931,#3999,#4000);
#3308=AXIS2_PLACEMENT_3D('',#4939,#4001,#4002);
#3309=AXIS2_PLACEMENT_3D('',#4940,#4003,#4004);
#3310=AXIS2_PLACEMENT_3D('',#4941,#4005,#4006);
#3311=AXIS2_PLACEMENT_3D('',#4944,#4008,#4009);
#3312=AXIS2_PLACEMENT_3D('',#4946,#4011,#4012);
#3313=AXIS2_PLACEMENT_3D('',#4947,#4013,#4014);
#3314=AXIS2_PLACEMENT_3D('',#4948,#4015,#4016);
#3315=AXIS2_PLACEMENT_3D('',#4949,#4017,#4018);
#3316=AXIS2_PLACEMENT_3D('',#4954,#4022,#4023);
#3317=AXIS2_PLACEMENT_3D('',#4956,#4025,#4026);
#3318=AXIS2_PLACEMENT_3D('',#4957,#4027,#4028);
#3319=AXIS2_PLACEMENT_3D('',#4958,#4029,#4030);
#3320=AXIS2_PLACEMENT_3D('',#4962,#4033,#4034);
#3321=AXIS2_PLACEMENT_3D('',#4963,#4035,#4036);
#3322=AXIS2_PLACEMENT_3D('',#4968,#4039,#4040);
#3323=AXIS2_PLACEMENT_3D('',#4969,#4041,#4042);
#3324=AXIS2_PLACEMENT_3D('',#4972,#4045,#4046);
#3325=AXIS2_PLACEMENT_3D('',#4973,#4047,#4048);
#3326=AXIS2_PLACEMENT_3D('',#4975,#4050,#4051);
#3327=AXIS2_PLACEMENT_3D('',#4978,#4054,#4055);
#3328=AXIS2_PLACEMENT_3D('',#4980,#4057,#4058);
#3329=AXIS2_PLACEMENT_3D('',#4981,#4059,#4060);
#3330=AXIS2_PLACEMENT_3D('',#4985,#4063,#4064);
#3331=AXIS2_PLACEMENT_3D('',#4987,#4066,#4067);
#3332=AXIS2_PLACEMENT_3D('',#4989,#4069,#4070);
#3333=AXIS2_PLACEMENT_3D('',#4993,#4073,#4074);
#3334=AXIS2_PLACEMENT_3D('',#4997,#4077,#4078);
#3335=AXIS2_PLACEMENT_3D('',#4999,#4080,#4081);
#3336=AXIS2_PLACEMENT_3D('',#5001,#4083,#4084);
#3337=AXIS2_PLACEMENT_3D('',#5005,#4087,#4088);
#3338=AXIS2_PLACEMENT_3D('',#5009,#4091,#4092);
#3339=AXIS2_PLACEMENT_3D('',#5011,#4094,#4095);
#3340=AXIS2_PLACEMENT_3D('',#5015,#4098,#4099);
#3341=AXIS2_PLACEMENT_3D('',#5017,#4101,#4102);
#3342=AXIS2_PLACEMENT_3D('',#5018,#4103,#4104);
#3343=AXIS2_PLACEMENT_3D('',#5019,#4105,#4106);
#3344=AXIS2_PLACEMENT_3D('',#5020,#4107,#4108);
#3345=AXIS2_PLACEMENT_3D('',#5021,#4109,#4110);
#3346=AXIS2_PLACEMENT_3D('',#5022,#4111,#4112);
#3347=AXIS2_PLACEMENT_3D('',#5023,#4113,#4114);
#3348=AXIS2_PLACEMENT_3D('',#5024,#4115,#4116);
#3349=AXIS2_PLACEMENT_3D('',#5025,#4117,#4118);
#3350=AXIS2_PLACEMENT_3D('',#5026,#4119,#4120);
#3351=AXIS2_PLACEMENT_3D('',#5027,#4121,#4122);
#3352=AXIS2_PLACEMENT_3D('',#5028,#4123,#4124);
#3353=AXIS2_PLACEMENT_3D('',#5029,#4125,#4126);
#3354=AXIS2_PLACEMENT_3D('',#5030,#4127,#4128);
#3355=AXIS2_PLACEMENT_3D('',#5031,#4129,#4130);
#3356=AXIS2_PLACEMENT_3D('',#5032,#4131,#4132);
#3357=AXIS2_PLACEMENT_3D('',#5033,#4133,#4134);
#3358=AXIS2_PLACEMENT_3D('',#5034,#4135,#4136);
#3359=AXIS2_PLACEMENT_3D('',#5035,#4137,#4138);
#3360=AXIS2_PLACEMENT_3D('',#5036,#4139,#4140);
#3361=AXIS2_PLACEMENT_3D('',#5037,#4141,#4142);
#3362=AXIS2_PLACEMENT_3D('',#5042,#4146,#4147);
#3363=AXIS2_PLACEMENT_3D('',#5044,#4149,#4150);
#3364=AXIS2_PLACEMENT_3D('',#5048,#4153,#4154);
#3365=AXIS2_PLACEMENT_3D('',#5049,#4155,#4156);
#3366=AXIS2_PLACEMENT_3D('',#5051,#4157,#4158);
#3367=AXIS2_PLACEMENT_3D('',#5053,#4159,#4160);
#3368=AXIS2_PLACEMENT_3D('',#5054,#4161,#4162);
#3369=AXIS2_PLACEMENT_3D('',#5060,#4163,#4164);
#3370=AXIS2_PLACEMENT_3D('',#5066,#4165,#4166);
#3371=DIRECTION('',(0.,0.,1.));
#3372=DIRECTION('',(1.,0.,0.));
#3373=DIRECTION('',(0.,0.,-1.));
#3374=DIRECTION('',(-1.,0.,0.));
#3375=DIRECTION('',(0.,0.,1.));
#3376=DIRECTION('',(1.,0.,0.));
#3377=DIRECTION('',(0.,0.,-1.));
#3378=DIRECTION('',(0.,0.,1.));
#3379=DIRECTION('',(1.,0.,0.));
#3380=DIRECTION('',(0.,0.,-1.));
#3381=DIRECTION('',(0.,0.,1.));
#3382=DIRECTION('',(1.,0.,0.));
#3383=DIRECTION('',(1.,0.,0.));
#3384=DIRECTION('',(0.,0.,1.));
#3385=DIRECTION('',(1.,0.,0.));
#3386=DIRECTION('',(0.883345610004241,-0.468722234683011,0.));
#3387=DIRECTION('',(0.,0.,1.));
#3388=DIRECTION('',(1.,0.,0.));
#3389=DIRECTION('',(0.468722234683011,0.883345610004241,0.));
#3390=DIRECTION('',(0.883345610004241,-0.468722234683011,0.));
#3391=DIRECTION('',(0.,0.,1.));
#3392=DIRECTION('',(1.,0.,0.));
#3393=DIRECTION('',(-1.,0.,0.));
#3394=DIRECTION('',(0.,0.,1.));
#3395=DIRECTION('',(0.,0.,1.));
#3396=DIRECTION('',(0.,-1.,0.));
#3397=DIRECTION('',(0.,0.,-1.));
#3398=DIRECTION('',(0.,1.,0.));
#3399=DIRECTION('',(0.,0.,-1.));
#3400=DIRECTION('',(0.,1.,0.));
#3401=DIRECTION('',(0.,0.,-1.));
#3402=DIRECTION('',(0.,-1.,0.));
#3403=DIRECTION('',(0.,-1.,0.));
#3404=DIRECTION('',(0.,0.,-1.));
#3405=DIRECTION('',(1.,0.,0.));
#3406=DIRECTION('',(0.,0.,-1.));
#3407=DIRECTION('',(-1.,0.,0.));
#3408=DIRECTION('',(-1.,0.,0.));
#3409=DIRECTION('',(0.,0.,1.));
#3410=DIRECTION('',(0.,-1.,0.));
#3411=DIRECTION('',(0.,0.,-1.));
#3412=DIRECTION('',(0.,1.,0.));
#3413=DIRECTION('',(0.,1.,0.));
#3414=DIRECTION('',(0.,0.,1.));
#3415=DIRECTION('',(-1.,0.,0.));
#3416=DIRECTION('',(0.,0.,-1.));
#3417=DIRECTION('',(1.,0.,0.));
#3418=DIRECTION('',(-1.,0.,0.));
#3419=DIRECTION('',(0.,0.,1.));
#3420=DIRECTION('',(0.,-1.,0.));
#3421=DIRECTION('',(0.,0.,1.));
#3422=DIRECTION('',(0.,-1.,0.));
#3423=DIRECTION('',(0.,0.,-1.));
#3424=DIRECTION('',(0.,1.,0.));
#3425=DIRECTION('',(0.,0.,-1.));
#3426=DIRECTION('',(0.,1.,0.));
#3427=DIRECTION('',(0.,0.,1.));
#3428=DIRECTION('',(1.,0.,0.));
#3429=DIRECTION('',(0.885013378189605,0.465565591968977,0.));
#3430=DIRECTION('',(0.,0.,1.));
#3431=DIRECTION('',(1.,0.,0.));
#3432=DIRECTION('',(0.465565591968977,-0.885013378189605,0.));
#3433=DIRECTION('',(-0.885013378189605,-0.465565591968977,0.));
#3434=DIRECTION('',(0.465565591968977,-0.885013378189605,0.));
#3435=DIRECTION('',(0.885013378189605,0.465565591968977,0.));
#3436=DIRECTION('',(0.465565591968977,-0.885013378189605,0.));
#3437=DIRECTION('',(-0.885013378189605,-0.465565591968977,0.));
#3438=DIRECTION('',(0.465565591968977,-0.885013378189605,0.));
#3439=DIRECTION('',(0.,0.,1.));
#3440=DIRECTION('',(1.,0.,0.));
#3441=DIRECTION('',(0.,0.,1.));
#3442=DIRECTION('',(1.,0.,0.));
#3443=DIRECTION('',(0.885013378189605,0.465565591968977,0.));
#3444=DIRECTION('',(0.,0.,1.));
#3445=DIRECTION('',(1.,0.,0.));
#3446=DIRECTION('',(0.465565591968977,-0.885013378189605,0.));
#3447=DIRECTION('',(-0.885013378189605,-0.465565591968977,0.));
#3448=DIRECTION('',(0.465565591968977,-0.885013378189605,0.));
#3449=DIRECTION('',(0.885013378189605,0.465565591968977,0.));
#3450=DIRECTION('',(0.465565591968977,-0.885013378189605,0.));
#3451=DIRECTION('',(0.,0.,1.));
#3452=DIRECTION('',(1.,0.,0.));
#3453=DIRECTION('',(0.,0.,1.));
#3454=DIRECTION('',(1.,0.,0.));
#3455=DIRECTION('',(0.,0.,1.));
#3456=DIRECTION('',(1.,0.,0.));
#3457=DIRECTION('',(0.,0.,1.));
#3458=DIRECTION('',(1.,0.,0.));
#3459=DIRECTION('',(1.,0.,0.));
#3460=DIRECTION('',(0.,0.,1.));
#3461=DIRECTION('',(1.,0.,0.));
#3462=DIRECTION('',(0.885013378189605,0.465565591968977,0.));
#3463=DIRECTION('',(0.465565591968977,-0.885013378189605,0.));
#3464=DIRECTION('',(-0.465565591968977,0.885013378189605,0.));
#3465=DIRECTION('',(-0.885013378189605,-0.465565591968977,0.));
#3466=DIRECTION('',(0.,0.,1.));
#3467=DIRECTION('',(-0.885013378189605,-0.465565591968977,0.));
#3468=DIRECTION('',(0.,0.,1.));
#3469=DIRECTION('',(0.,0.,1.));
#3470=DIRECTION('',(-0.885013378189605,-0.465565591968977,0.));
#3471=DIRECTION('',(0.,0.,-1.));
#3472=DIRECTION('',(0.885013378189605,0.465565591968977,0.));
#3473=DIRECTION('',(-0.465565591968977,0.885013378189605,0.));
#3474=DIRECTION('',(0.885013378189605,0.465565591968977,0.));
#3475=DIRECTION('',(0.,0.,-1.));
#3476=DIRECTION('',(0.885013378189605,0.465565591968977,0.));
#3477=DIRECTION('',(0.,0.,-1.));
#3478=DIRECTION('',(-0.885013378189605,-0.465565591968977,0.));
#3479=DIRECTION('',(0.,0.,1.));
#3480=DIRECTION('',(-0.885013378189605,-0.465565591968977,0.));
#3481=DIRECTION('',(0.,0.,1.));
#3482=DIRECTION('',(-0.885013378189605,-0.465565591968977,-1.82602471155453E-16));
#3483=DIRECTION('',(0.,0.,1.));
#3484=DIRECTION('',(0.,0.,1.));
#3485=DIRECTION('',(-0.885013378189605,-0.465565591968977,0.));
#3486=DIRECTION('',(0.,0.,1.));
#3487=DIRECTION('',(-0.885013378189605,-0.465565591968977,0.));
#3488=DIRECTION('',(0.,0.,1.));
#3489=DIRECTION('',(-0.885013378189605,-0.465565591968977,0.));
#3490=DIRECTION('',(0.,0.,1.));
#3491=DIRECTION('',(0.,0.,1.));
#3492=DIRECTION('',(-0.885013378189605,-0.465565591968977,-2.39272203583008E-16));
#3493=DIRECTION('',(-0.465565591968977,0.885013378189605,0.));
#3494=DIRECTION('',(-0.885013378189605,-0.465565591968977,0.));
#3495=DIRECTION('',(0.,0.,-1.));
#3496=DIRECTION('',(0.885013378189605,0.465565591968977,0.));
#3497=DIRECTION('',(0.,0.,-1.));
#3498=DIRECTION('',(0.,0.,-1.));
#3499=DIRECTION('',(0.885013378189605,0.465565591968977,0.));
#3500=DIRECTION('',(0.,0.,-1.));
#3501=DIRECTION('',(0.,0.,-1.));
#3502=DIRECTION('',(0.885013378189605,0.465565591968977,0.));
#3503=DIRECTION('',(0.,0.,-1.));
#3504=DIRECTION('',(0.885013378189605,0.465565591968977,0.));
#3505=DIRECTION('',(0.,0.,-1.));
#3506=DIRECTION('',(0.885013378189605,0.465565591968977,0.));
#3507=DIRECTION('',(0.,0.,1.));
#3508=DIRECTION('',(1.,0.,0.));
#3509=DIRECTION('',(0.468722234683011,0.883345610004241,0.));
#3510=DIRECTION('',(0.,0.,1.));
#3511=DIRECTION('',(1.,0.,0.));
#3512=DIRECTION('',(0.883345610004241,-0.468722234683011,0.));
#3513=DIRECTION('',(0.,0.,1.));
#3514=DIRECTION('',(1.,0.,0.));
#3515=DIRECTION('',(0.,0.,1.));
#3516=DIRECTION('',(1.,0.,0.));
#3517=DIRECTION('',(0.,0.,1.));
#3518=DIRECTION('',(1.,0.,0.));
#3519=DIRECTION('',(0.,0.,1.));
#3520=DIRECTION('',(1.,0.,0.));
#3521=DIRECTION('',(0.,0.,1.));
#3522=DIRECTION('',(1.,0.,0.));
#3523=DIRECTION('',(0.,0.,1.));
#3524=DIRECTION('',(1.,0.,0.));
#3525=DIRECTION('',(0.,0.,1.));
#3526=DIRECTION('',(1.,0.,0.));
#3527=DIRECTION('',(0.465565591968977,-0.885013378189605,0.));
#3528=DIRECTION('',(0.885013378189605,0.465565591968977,0.));
#3529=DIRECTION('',(0.,0.,1.));
#3530=DIRECTION('',(1.,0.,0.));
#3531=DIRECTION('',(0.,0.,1.));
#3532=DIRECTION('',(1.,0.,0.));
#3533=DIRECTION('',(0.,0.,1.));
#3534=DIRECTION('',(1.,0.,0.));
#3535=DIRECTION('',(0.,0.,1.));
#3536=DIRECTION('',(1.,0.,0.));
#3537=DIRECTION('',(0.,0.,1.));
#3538=DIRECTION('',(1.,0.,0.));
#3539=DIRECTION('',(0.,0.,1.));
#3540=DIRECTION('',(1.,0.,0.));
#3541=DIRECTION('',(0.883345610004241,-0.468722234683011,0.));
#3542=DIRECTION('',(0.468722234683011,0.883345610004241,0.));
#3543=DIRECTION('',(0.883345610004241,-0.468722234683011,0.));
#3544=DIRECTION('',(0.468722234683011,0.883345610004241,0.));
#3545=DIRECTION('',(-0.883345610004241,0.468722234683011,0.));
#3546=DIRECTION('',(0.,0.,-1.));
#3547=DIRECTION('',(0.468722234683011,0.883345610004241,0.));
#3548=DIRECTION('',(-0.883345610004241,0.468722234683011,0.));
#3549=DIRECTION('',(0.883345610004241,-0.468722234683011,0.));
#3550=DIRECTION('',(0.,0.,-1.));
#3551=DIRECTION('',(-0.883345610004241,0.468722234683011,0.));
#3552=DIRECTION('',(0.,0.,-1.));
#3553=DIRECTION('',(0.883345610004241,-0.468722234683011,0.));
#3554=DIRECTION('',(0.,0.,1.));
#3555=DIRECTION('',(-0.883345610004241,0.468722234683011,0.));
#3556=DIRECTION('',(0.,0.,-1.));
#3557=DIRECTION('',(0.,0.,1.));
#3558=DIRECTION('',(-0.883345610004241,0.468722234683011,2.26628691419744E-16));
#3559=DIRECTION('',(0.468722234683011,0.883345610004241,0.));
#3560=DIRECTION('',(-0.883345610004241,0.468722234683011,0.));
#3561=DIRECTION('',(0.,0.,1.));
#3562=DIRECTION('',(-0.883345610004241,0.468722234683011,2.26628691419744E-16));
#3563=DIRECTION('',(0.,0.,1.));
#3564=DIRECTION('',(0.,0.,-1.));
#3565=DIRECTION('',(0.883345610004241,-0.468722234683011,0.));
#3566=DIRECTION('',(0.,0.,-1.));
#3567=DIRECTION('',(0.,0.,1.));
#3568=DIRECTION('',(1.,0.,0.));
#3569=DIRECTION('',(0.,0.,1.));
#3570=DIRECTION('',(1.,0.,0.));
#3571=DIRECTION('',(0.,0.,1.));
#3572=DIRECTION('',(1.,0.,0.));
#3573=DIRECTION('',(0.,0.,1.));
#3574=DIRECTION('',(1.,0.,0.));
#3575=DIRECTION('',(0.,0.,1.));
#3576=DIRECTION('',(1.,0.,0.));
#3577=DIRECTION('',(0.,0.,1.));
#3578=DIRECTION('',(1.,0.,0.));
#3579=DIRECTION('',(-0.882947592859174,0.469471562785426,0.));
#3580=DIRECTION('',(0.,0.,1.));
#3581=DIRECTION('',(1.,0.,0.));
#3582=DIRECTION('',(0.882947592858879,-0.469471562785982,0.));
#3583=DIRECTION('',(0.,0.,1.));
#3584=DIRECTION('',(1.,0.,0.));
#3585=DIRECTION('',(1.,0.,0.));
#3586=DIRECTION('',(0.,1.,0.));
#3587=DIRECTION('',(-1.,0.,0.));
#3588=DIRECTION('',(0.,0.,1.));
#3589=DIRECTION('',(1.,0.,0.));
#3590=DIRECTION('',(-0.890231250539308,-0.455508858929463,0.));
#3591=DIRECTION('',(-0.796274030933561,-0.604936085599808,0.));
#3592=DIRECTION('',(0.,-1.,0.));
#3593=DIRECTION('',(0.714213696910711,-0.699927707084907,0.));
#3594=DIRECTION('',(-0.747872810366809,-0.663842044099386,0.));
#3595=DIRECTION('',(0.518502533173294,-0.855076091989992,0.));
#3596=DIRECTION('',(-0.565231072756942,-0.824932624151838,0.));
#3597=DIRECTION('',(0.461352484965965,-0.887216932106083,0.));
#3598=DIRECTION('',(-0.65480629098547,-0.755796746014332,0.));
#3599=DIRECTION('',(0.354798633067363,-0.934942741548129,0.));
#3600=DIRECTION('',(-0.538661629740019,-0.842522194749686,0.));
#3601=DIRECTION('',(0.461352484965965,-0.887216932106082,0.));
#3602=DIRECTION('',(-0.475295513754236,-0.879826218411964,0.));
#3603=DIRECTION('',(0.512470543112696,-0.858704805181489,0.));
#3604=DIRECTION('',(-0.368048270987916,-0.929806684328955,0.));
#3605=DIRECTION('',(0.655992568325236,-0.754767348460478,0.));
#3606=DIRECTION('',(-0.419916972530442,-0.907562524667512,0.));
#3607=DIRECTION('',(0.655940561629585,-0.754812546006666,0.));
#3608=DIRECTION('',(-0.524888647094337,-0.851170904196964,0.));
#3609=DIRECTION('',(0.658674714765339,-0.752427817221559,0.));
#3610=DIRECTION('',(-0.425563344021431,-0.904928638194912,0.));
#3611=DIRECTION('',(0.738485353768845,-0.674269517529085,0.));
#3612=DIRECTION('',(0.996058163230382,-0.0887025110248709,0.));
#3613=DIRECTION('',(0.,1.,0.));
#3614=DIRECTION('',(0.,0.,-1.));
#3615=DIRECTION('',(-1.,0.,0.));
#3616=DIRECTION('',(0.,0.,1.));
#3617=DIRECTION('',(1.,0.,0.));
#3618=DIRECTION('',(0.,0.,-1.));
#3619=DIRECTION('',(0.,0.,1.));
#3620=DIRECTION('',(1.,0.,0.));
#3621=DIRECTION('',(-0.207110941921189,0.978317462655409,0.));
#3622=DIRECTION('',(0.240649539238923,0.970612074550948,0.));
#3623=DIRECTION('',(0.,0.,1.));
#3624=DIRECTION('',(1.,0.,0.));
#3625=DIRECTION('',(-0.83451032683796,0.550992299765434,0.));
#3626=DIRECTION('',(0.,0.,1.));
#3627=DIRECTION('',(1.,0.,0.));
#3628=DIRECTION('',(-0.807227772316933,0.590240055909663,0.));
#3629=DIRECTION('',(1.,0.,0.));
#3630=DIRECTION('',(0.,0.,1.));
#3631=DIRECTION('',(1.,0.,0.));
#3632=DIRECTION('',(-1.,3.41793669261373E-15,0.));
#3633=DIRECTION('',(0.,0.,1.));
#3634=DIRECTION('',(1.,0.,0.));
#3635=DIRECTION('',(0.949407630826441,0.314046414608611,0.));
#3636=DIRECTION('',(0.,0.,1.));
#3637=DIRECTION('',(1.,0.,0.));
#3638=DIRECTION('',(0.,0.,1.));
#3639=DIRECTION('',(1.,0.,0.));
#3640=DIRECTION('',(0.,0.,1.));
#3641=DIRECTION('',(1.,0.,0.));
#3642=DIRECTION('',(0.,0.,1.));
#3643=DIRECTION('',(1.,0.,0.));
#3644=DIRECTION('',(0.,0.,1.));
#3645=DIRECTION('',(1.,0.,0.));
#3646=DIRECTION('',(0.,0.,1.));
#3647=DIRECTION('',(1.,0.,0.));
#3648=DIRECTION('',(0.883345610004241,-0.468722234683011,0.));
#3649=DIRECTION('',(0.,0.,1.));
#3650=DIRECTION('',(1.,0.,0.));
#3651=DIRECTION('',(0.885013378189605,0.465565591968977,0.));
#3652=DIRECTION('',(0.,0.,1.));
#3653=DIRECTION('',(1.,0.,0.));
#3654=DIRECTION('',(0.,0.,1.));
#3655=DIRECTION('',(1.,0.,0.));
#3656=DIRECTION('',(0.,0.,1.));
#3657=DIRECTION('',(1.,0.,0.));
#3658=DIRECTION('',(0.,0.,1.));
#3659=DIRECTION('',(1.,0.,0.));
#3660=DIRECTION('',(0.,0.,1.));
#3661=DIRECTION('',(1.,0.,0.));
#3662=DIRECTION('',(0.,0.,1.));
#3663=DIRECTION('',(1.,0.,0.));
#3664=DIRECTION('',(0.,0.,1.));
#3665=DIRECTION('',(1.,0.,0.));
#3666=DIRECTION('',(0.882947592859174,-0.469471562785426,0.));
#3667=DIRECTION('',(0.,0.,-1.));
#3668=DIRECTION('',(-1.,0.,0.));
#3669=DIRECTION('',(-0.882947592858879,0.469471562785982,0.));
#3670=DIRECTION('',(0.,0.,-1.));
#3671=DIRECTION('',(-1.,0.,0.));
#3672=DIRECTION('',(0.,0.,-1.));
#3673=DIRECTION('',(-1.,0.,0.));
#3674=DIRECTION('',(0.,0.,-1.));
#3675=DIRECTION('',(0.,0.,1.));
#3676=DIRECTION('',(1.,0.,0.));
#3677=DIRECTION('',(0.,0.,-1.));
#3678=DIRECTION('',(-1.,0.,0.));
#3679=DIRECTION('',(0.,0.,-1.));
#3680=DIRECTION('',(0.,0.,1.));
#3681=DIRECTION('',(1.,0.,0.));
#3682=DIRECTION('',(0.,0.,-1.));
#3683=DIRECTION('',(-1.,0.,0.));
#3684=DIRECTION('',(0.,0.,-1.));
#3685=DIRECTION('',(0.,0.,1.));
#3686=DIRECTION('',(1.,0.,0.));
#3687=DIRECTION('',(0.,0.,-1.));
#3688=DIRECTION('',(-1.,0.,0.));
#3689=DIRECTION('',(0.,0.,-1.));
#3690=DIRECTION('',(0.,0.,1.));
#3691=DIRECTION('',(1.,0.,0.));
#3692=DIRECTION('',(0.,0.,-1.));
#3693=DIRECTION('',(-1.,0.,0.));
#3694=DIRECTION('',(0.,0.,-1.));
#3695=DIRECTION('',(0.,0.,1.));
#3696=DIRECTION('',(1.,0.,0.));
#3697=DIRECTION('',(0.,0.,-1.));
#3698=DIRECTION('',(-1.,0.,0.));
#3699=DIRECTION('',(0.,0.,-1.));
#3700=DIRECTION('',(0.,0.,1.));
#3701=DIRECTION('',(1.,0.,0.));
#3702=DIRECTION('',(0.468722234683011,0.883345610004241,0.));
#3703=DIRECTION('',(-0.883345610004241,0.468722234683011,0.));
#3704=DIRECTION('',(0.,0.,-1.));
#3705=DIRECTION('',(-0.883345610004241,0.468722234683011,0.));
#3706=DIRECTION('',(0.,0.,-1.));
#3707=DIRECTION('',(0.883345610004241,-0.468722234683011,0.));
#3708=DIRECTION('',(0.,0.,-1.));
#3709=DIRECTION('',(-1.,0.,0.));
#3710=DIRECTION('',(0.,0.,1.));
#3711=DIRECTION('',(1.,0.,0.));
#3712=DIRECTION('',(0.,0.,-1.));
#3713=DIRECTION('',(0.,0.,-1.));
#3714=DIRECTION('',(0.,0.,-1.));
#3715=DIRECTION('',(-1.,0.,0.));
#3716=DIRECTION('',(0.,0.,-1.));
#3717=DIRECTION('',(0.,0.,1.));
#3718=DIRECTION('',(1.,0.,0.));
#3719=DIRECTION('',(1.,0.,0.));
#3720=DIRECTION('',(0.,0.,-1.));
#3721=DIRECTION('',(0.,-1.,0.));
#3722=DIRECTION('',(0.,0.,-1.));
#3723=DIRECTION('',(-1.,0.,0.));
#3724=DIRECTION('',(0.,0.,-1.));
#3725=DIRECTION('',(0.,0.,-1.));
#3726=DIRECTION('',(1.,0.,0.));
#3727=DIRECTION('',(0.,0.,-1.));
#3728=DIRECTION('',(-1.,0.,0.));
#3729=DIRECTION('',(0.,0.,-1.));
#3730=DIRECTION('',(0.,0.,1.));
#3731=DIRECTION('',(1.,0.,0.));
#3732=DIRECTION('',(0.314046414608611,-0.949407630826441,0.));
#3733=DIRECTION('',(0.949407630826441,0.314046414608611,0.));
#3734=DIRECTION('',(0.,0.,-1.));
#3735=DIRECTION('',(-0.949407630826441,-0.314046414608611,0.));
#3736=DIRECTION('',(0.,0.,-1.));
#3737=DIRECTION('',(-1.,0.,0.));
#3738=DIRECTION('',(0.,0.,-1.));
#3739=DIRECTION('',(0.,0.,1.));
#3740=DIRECTION('',(1.,0.,0.));
#3741=DIRECTION('',(3.41793669261373E-15,1.,0.));
#3742=DIRECTION('',(-1.,3.41793669261373E-15,0.));
#3743=DIRECTION('',(0.,0.,-1.));
#3744=DIRECTION('',(1.,-3.41793669261373E-15,0.));
#3745=DIRECTION('',(0.,0.,-1.));
#3746=DIRECTION('',(-1.,0.,0.));
#3747=DIRECTION('',(0.,0.,-1.));
#3748=DIRECTION('',(0.,0.,1.));
#3749=DIRECTION('',(1.,0.,0.));
#3750=DIRECTION('',(0.,-1.,0.));
#3751=DIRECTION('',(0.,0.,-1.));
#3752=DIRECTION('',(0.,0.,-1.));
#3753=DIRECTION('',(-1.,0.,0.));
#3754=DIRECTION('',(0.590240055909663,0.807227772316933,0.));
#3755=DIRECTION('',(-0.807227772316933,0.590240055909663,0.));
#3756=DIRECTION('',(0.,0.,-1.));
#3757=DIRECTION('',(0.807227772316933,-0.590240055909663,0.));
#3758=DIRECTION('',(0.,0.,-1.));
#3759=DIRECTION('',(-1.,0.,0.));
#3760=DIRECTION('',(0.,0.,-1.));
#3761=DIRECTION('',(0.,0.,1.));
#3762=DIRECTION('',(1.,0.,0.));
#3763=DIRECTION('',(0.550992299765434,0.83451032683796,0.));
#3764=DIRECTION('',(-0.83451032683796,0.550992299765434,0.));
#3765=DIRECTION('',(0.,0.,-1.));
#3766=DIRECTION('',(0.83451032683796,-0.550992299765434,0.));
#3767=DIRECTION('',(0.,0.,-1.));
#3768=DIRECTION('',(-1.,0.,0.));
#3769=DIRECTION('',(0.,0.,1.));
#3770=DIRECTION('',(1.,0.,0.));
#3771=DIRECTION('',(-0.465565591968977,0.885013378189605,0.));
#3772=DIRECTION('',(-0.885013378189605,-0.465565591968977,0.));
#3773=DIRECTION('',(-0.885013378189605,-0.465565591968977,0.));
#3774=DIRECTION('',(0.,0.,1.));
#3775=DIRECTION('',(-0.885013378189605,-0.465565591968977,-2.39272203583008E-16));
#3776=DIRECTION('',(0.,0.,1.));
#3777=DIRECTION('',(0.,0.,1.));
#3778=DIRECTION('',(-0.885013378189605,-0.465565591968977,-1.82602471155453E-16));
#3779=DIRECTION('',(0.,0.,1.));
#3780=DIRECTION('',(0.885013378189605,0.465565591968977,0.));
#3781=DIRECTION('',(0.,0.,1.));
#3782=DIRECTION('',(-0.885013378189605,-0.465565591968977,0.));
#3783=DIRECTION('',(0.,0.,1.));
#3784=DIRECTION('',(0.,0.,-1.));
#3785=DIRECTION('',(0.885013378189605,0.465565591968977,0.));
#3786=DIRECTION('',(0.,0.,-1.));
#3787=DIRECTION('',(0.,0.,-1.));
#3788=DIRECTION('',(-1.,0.,0.));
#3789=DIRECTION('',(0.,0.,-1.));
#3790=DIRECTION('',(0.,0.,-1.));
#3791=DIRECTION('',(-1.,0.,0.));
#3792=DIRECTION('',(0.,0.,-1.));
#3793=DIRECTION('',(0.,0.,1.));
#3794=DIRECTION('',(1.,0.,0.));
#3795=DIRECTION('',(0.,0.,-1.));
#3796=DIRECTION('',(-1.,0.,0.));
#3797=DIRECTION('',(0.,0.,-1.));
#3798=DIRECTION('',(0.,0.,1.));
#3799=DIRECTION('',(1.,0.,0.));
#3800=DIRECTION('',(0.,0.,-1.));
#3801=DIRECTION('',(-1.,0.,0.));
#3802=DIRECTION('',(0.,0.,-1.));
#3803=DIRECTION('',(0.,0.,1.));
#3804=DIRECTION('',(1.,0.,0.));
#3805=DIRECTION('',(0.,0.,-1.));
#3806=DIRECTION('',(-1.,0.,0.));
#3807=DIRECTION('',(0.,0.,-1.));
#3808=DIRECTION('',(0.,0.,1.));
#3809=DIRECTION('',(1.,0.,0.));
#3810=DIRECTION('',(0.,0.,-1.));
#3811=DIRECTION('',(-1.,0.,0.));
#3812=DIRECTION('',(0.,0.,-1.));
#3813=DIRECTION('',(0.,0.,1.));
#3814=DIRECTION('',(1.,0.,0.));
#3815=DIRECTION('',(0.,0.,-1.));
#3816=DIRECTION('',(-1.,0.,0.));
#3817=DIRECTION('',(0.,0.,-1.));
#3818=DIRECTION('',(0.,0.,1.));
#3819=DIRECTION('',(1.,0.,0.));
#3820=DIRECTION('',(0.,0.,-1.));
#3821=DIRECTION('',(-1.,0.,0.));
#3822=DIRECTION('',(0.,0.,-1.));
#3823=DIRECTION('',(1.,0.,0.));
#3824=DIRECTION('',(-0.455508858929463,0.890231250539308,0.));
#3825=DIRECTION('',(-0.890231250539308,-0.455508858929463,0.));
#3826=DIRECTION('',(0.890231250539308,0.455508858929463,0.));
#3827=DIRECTION('',(0.,0.,1.));
#3828=DIRECTION('',(1.,0.,0.));
#3829=DIRECTION('',(0.,0.,1.));
#3830=DIRECTION('',(1.,0.,0.));
#3831=DIRECTION('',(0.,0.,1.));
#3832=DIRECTION('',(1.,0.,0.));
#3833=DIRECTION('',(0.,0.,-1.));
#3834=DIRECTION('',(-1.,0.,0.));
#3835=DIRECTION('',(0.,0.,1.));
#3836=DIRECTION('',(1.,0.,0.));
#3837=DIRECTION('',(0.,0.,1.));
#3838=DIRECTION('',(1.,0.,0.));
#3839=DIRECTION('',(0.,0.,1.));
#3840=DIRECTION('',(1.,0.,0.));
#3841=DIRECTION('',(0.,0.,1.));
#3842=DIRECTION('',(1.,0.,0.));
#3843=DIRECTION('',(0.,0.,-1.));
#3844=DIRECTION('',(-1.,0.,0.));
#3845=DIRECTION('',(0.,0.,1.));
#3846=DIRECTION('',(1.,0.,0.));
#3847=DIRECTION('',(0.,0.,1.));
#3848=DIRECTION('',(1.,0.,0.));
#3849=DIRECTION('',(0.,0.,1.));
#3850=DIRECTION('',(1.,0.,0.));
#3851=DIRECTION('',(0.,0.,1.));
#3852=DIRECTION('',(1.,0.,0.));
#3853=DIRECTION('',(0.,0.,-1.));
#3854=DIRECTION('',(-1.,0.,0.));
#3855=DIRECTION('',(0.,0.,1.));
#3856=DIRECTION('',(1.,0.,0.));
#3857=DIRECTION('',(0.,0.,1.));
#3858=DIRECTION('',(1.,0.,0.));
#3859=DIRECTION('',(0.,0.,1.));
#3860=DIRECTION('',(1.,0.,0.));
#3861=DIRECTION('',(0.,0.,1.));
#3862=DIRECTION('',(1.,0.,0.));
#3863=DIRECTION('',(0.,0.,-1.));
#3864=DIRECTION('',(-1.,0.,0.));
#3865=DIRECTION('',(0.,0.,1.));
#3866=DIRECTION('',(1.,0.,0.));
#3867=DIRECTION('',(0.,0.,1.));
#3868=DIRECTION('',(1.,0.,0.));
#3869=DIRECTION('',(0.469471562785426,0.882947592859174,0.));
#3870=DIRECTION('',(-0.882947592859174,0.469471562785426,0.));
#3871=DIRECTION('',(0.,0.,-1.));
#3872=DIRECTION('',(0.,0.,-1.));
#3873=DIRECTION('',(0.,0.,-1.));
#3874=DIRECTION('',(-1.,0.,0.));
#3875=DIRECTION('',(0.,0.,-1.));
#3876=DIRECTION('',(-0.469471562785982,-0.882947592858879,0.));
#3877=DIRECTION('',(0.882947592858879,-0.469471562785982,0.));
#3878=DIRECTION('',(0.,0.,-1.));
#3879=DIRECTION('',(0.,0.,-1.));
#3880=DIRECTION('',(-1.,0.,0.));
#3881=DIRECTION('',(0.0887025110248709,0.996058163230382,0.));
#3882=DIRECTION('',(-0.996058163230382,0.0887025110248709,0.));
#3883=DIRECTION('',(0.,0.,-1.));
#3884=DIRECTION('',(0.996058163230382,-0.0887025110248709,0.));
#3885=DIRECTION('',(0.674269517529085,0.738485353768844,0.));
#3886=DIRECTION('',(-0.738485353768845,0.674269517529085,0.));
#3887=DIRECTION('',(0.,0.,-1.));
#3888=DIRECTION('',(0.738485353768845,-0.674269517529085,0.));
#3889=DIRECTION('',(0.904928638194912,-0.425563344021431,0.));
#3890=DIRECTION('',(0.425563344021431,0.904928638194912,0.));
#3891=DIRECTION('',(0.,0.,-1.));
#3892=DIRECTION('',(-0.425563344021431,-0.904928638194912,0.));
#3893=DIRECTION('',(0.752427817221559,0.658674714765339,0.));
#3894=DIRECTION('',(-0.658674714765339,0.752427817221559,0.));
#3895=DIRECTION('',(0.,0.,-1.));
#3896=DIRECTION('',(0.658674714765339,-0.752427817221559,0.));
#3897=DIRECTION('',(0.851170904196964,-0.524888647094337,0.));
#3898=DIRECTION('',(0.524888647094337,0.851170904196964,0.));
#3899=DIRECTION('',(0.,0.,-1.));
#3900=DIRECTION('',(-0.524888647094337,-0.851170904196964,0.));
#3901=DIRECTION('',(0.754812546006666,0.655940561629585,0.));
#3902=DIRECTION('',(-0.655940561629585,0.754812546006666,0.));
#3903=DIRECTION('',(0.,0.,-1.));
#3904=DIRECTION('',(0.655940561629585,-0.754812546006666,0.));
#3905=DIRECTION('',(0.907562524667512,-0.419916972530442,0.));
#3906=DIRECTION('',(0.419916972530442,0.907562524667512,0.));
#3907=DIRECTION('',(0.,0.,-1.));
#3908=DIRECTION('',(-0.419916972530442,-0.907562524667512,0.));
#3909=DIRECTION('',(0.754767348460478,0.655992568325236,0.));
#3910=DIRECTION('',(-0.655992568325236,0.754767348460478,0.));
#3911=DIRECTION('',(0.,0.,-1.));
#3912=DIRECTION('',(0.655992568325236,-0.754767348460478,0.));
#3913=DIRECTION('',(0.929806684328955,-0.368048270987916,0.));
#3914=DIRECTION('',(0.368048270987916,0.929806684328955,0.));
#3915=DIRECTION('',(0.,0.,-1.));
#3916=DIRECTION('',(-0.368048270987916,-0.929806684328955,0.));
#3917=DIRECTION('',(0.858704805181489,0.512470543112696,0.));
#3918=DIRECTION('',(-0.512470543112696,0.858704805181489,0.));
#3919=DIRECTION('',(0.,0.,-1.));
#3920=DIRECTION('',(0.512470543112696,-0.858704805181489,0.));
#3921=DIRECTION('',(0.879826218411964,-0.475295513754236,0.));
#3922=DIRECTION('',(0.475295513754236,0.879826218411964,0.));
#3923=DIRECTION('',(0.,0.,-1.));
#3924=DIRECTION('',(-0.475295513754236,-0.879826218411964,0.));
#3925=DIRECTION('',(0.887216932106082,0.461352484965965,0.));
#3926=DIRECTION('',(-0.461352484965965,0.887216932106083,0.));
#3927=DIRECTION('',(0.,0.,-1.));
#3928=DIRECTION('',(0.461352484965965,-0.887216932106082,0.));
#3929=DIRECTION('',(0.842522194749686,-0.538661629740018,0.));
#3930=DIRECTION('',(0.538661629740019,0.842522194749686,0.));
#3931=DIRECTION('',(0.,0.,-1.));
#3932=DIRECTION('',(-0.538661629740019,-0.842522194749686,0.));
#3933=DIRECTION('',(0.934942741548129,0.354798633067363,0.));
#3934=DIRECTION('',(-0.354798633067363,0.934942741548129,0.));
#3935=DIRECTION('',(0.,0.,-1.));
#3936=DIRECTION('',(0.354798633067363,-0.934942741548129,0.));
#3937=DIRECTION('',(0.755796746014332,-0.65480629098547,0.));
#3938=DIRECTION('',(0.65480629098547,0.755796746014332,0.));
#3939=DIRECTION('',(0.,0.,-1.));
#3940=DIRECTION('',(-0.65480629098547,-0.755796746014332,0.));
#3941=DIRECTION('',(0.887216932106083,0.461352484965965,0.));
#3942=DIRECTION('',(-0.461352484965965,0.887216932106083,0.));
#3943=DIRECTION('',(0.,0.,-1.));
#3944=DIRECTION('',(0.461352484965965,-0.887216932106083,0.));
#3945=DIRECTION('',(0.824932624151838,-0.565231072756942,0.));
#3946=DIRECTION('',(0.565231072756942,0.824932624151838,0.));
#3947=DIRECTION('',(0.,0.,-1.));
#3948=DIRECTION('',(-0.565231072756942,-0.824932624151838,0.));
#3949=DIRECTION('',(0.855076091989992,0.518502533173294,0.));
#3950=DIRECTION('',(-0.518502533173294,0.855076091989992,0.));
#3951=DIRECTION('',(0.,0.,-1.));
#3952=DIRECTION('',(0.518502533173294,-0.855076091989992,0.));
#3953=DIRECTION('',(0.663842044099386,-0.747872810366809,0.));
#3954=DIRECTION('',(0.747872810366809,0.663842044099386,0.));
#3955=DIRECTION('',(0.,0.,-1.));
#3956=DIRECTION('',(-0.747872810366809,-0.663842044099386,0.));
#3957=DIRECTION('',(0.699927707084906,0.714213696910711,0.));
#3958=DIRECTION('',(-0.714213696910711,0.699927707084906,0.));
#3959=DIRECTION('',(0.,0.,-1.));
#3960=DIRECTION('',(0.714213696910711,-0.699927707084907,0.));
#3961=DIRECTION('',(1.,0.,0.));
#3962=DIRECTION('',(0.,0.,-1.));
#3963=DIRECTION('',(0.,0.,-1.));
#3964=DIRECTION('',(0.,-1.,0.));
#3965=DIRECTION('',(0.604936085599808,-0.796274030933561,0.));
#3966=DIRECTION('',(0.796274030933561,0.604936085599808,0.));
#3967=DIRECTION('',(-0.796274030933561,-0.604936085599808,0.));
#3968=DIRECTION('',(0.,0.,1.));
#3969=DIRECTION('',(1.,0.,0.));
#3970=DIRECTION('',(0.240649539238923,0.970612074550948,0.));
#3971=DIRECTION('',(-0.207110941921189,0.978317462655409,0.));
#3972=DIRECTION('',(0.,-1.,0.));
#3973=DIRECTION('',(0.,0.,-1.));
#3974=DIRECTION('',(1.,0.,0.));
#3975=DIRECTION('',(0.,0.,-1.));
#3976=DIRECTION('',(-1.,0.,0.));
#3977=DIRECTION('',(0.,0.,1.));
#3978=DIRECTION('',(0.,-1.,0.));
#3979=DIRECTION('',(0.,0.,-1.));
#3980=DIRECTION('',(0.,1.,0.));
#3981=DIRECTION('',(0.,0.,1.));
#3982=DIRECTION('',(-1.,0.,0.));
#3983=DIRECTION('',(0.885013378189605,0.465565591968977,0.));
#3984=DIRECTION('',(-0.465565591968977,0.885013378189605,0.));
#3985=DIRECTION('',(0.,0.,1.));
#3986=DIRECTION('',(1.,0.,0.));
#3987=DIRECTION('',(0.,0.,1.));
#3988=DIRECTION('',(1.,0.,0.));
#3989=DIRECTION('',(0.,0.,-1.));
#3990=DIRECTION('',(-1.,0.,0.));
#3991=DIRECTION('',(0.,0.,1.));
#3992=DIRECTION('',(1.,0.,0.));
#3993=DIRECTION('',(-0.883345610004241,0.468722234683011,0.));
#3994=DIRECTION('',(-0.468722234683011,-0.883345610004241,0.));
#3995=DIRECTION('',(0.,0.,1.));
#3996=DIRECTION('',(1.,0.,0.));
#3997=DIRECTION('',(0.,0.,1.));
#3998=DIRECTION('',(1.,0.,0.));
#3999=DIRECTION('',(0.,0.,1.));
#4000=DIRECTION('',(1.,0.,0.));
#4001=DIRECTION('',(0.,0.,1.));
#4002=DIRECTION('',(1.,0.,0.));
#4003=DIRECTION('',(-0.207110941921189,0.978317462655409,0.));
#4004=DIRECTION('',(-0.978317462655409,-0.207110941921189,0.));
#4005=DIRECTION('',(0.0172061799644886,0.999851962727998,0.));
#4006=DIRECTION('',(-0.999851962727998,0.0172061799644882,0.));
#4007=DIRECTION('',(-0.207110941921189,0.978317462655409,0.));
#4008=DIRECTION('',(0.240649539238923,0.970612074550948,0.));
#4009=DIRECTION('',(-0.970612074550948,0.240649539238923,0.));
#4010=DIRECTION('',(0.240649539238923,0.970612074550948,0.));
#4011=DIRECTION('',(0.207110941921189,-0.978317462655409,0.));
#4012=DIRECTION('',(0.978317462655409,0.207110941921189,0.));
#4013=DIRECTION('',(-0.0172061799644886,-0.999851962727998,0.));
#4014=DIRECTION('',(0.999851962727998,-0.0172061799644882,0.));
#4015=DIRECTION('',(-0.240649539238923,-0.970612074550948,0.));
#4016=DIRECTION('',(0.970612074550948,-0.240649539238923,0.));
#4017=DIRECTION('',(-0.883345610004241,0.468722234683011,0.));
#4018=DIRECTION('',(-0.468722234683011,-0.883345610004241,0.));
#4019=DIRECTION('',(0.,0.,-1.));
#4020=DIRECTION('',(0.468722234683011,0.883345610004241,0.));
#4021=DIRECTION('',(0.468722234683011,0.883345610004241,0.));
#4022=DIRECTION('',(-0.883345610004241,0.468722234683011,0.));
#4023=DIRECTION('',(-0.468722234683011,-0.883345610004241,0.));
#4024=DIRECTION('',(0.468722234683011,0.883345610004241,0.));
#4025=DIRECTION('',(-2.00191459666637E-16,1.06225906685549E-16,-1.));
#4026=DIRECTION('',(-1.,0.,2.00191459666637E-16));
#4027=DIRECTION('',(0.,0.,-1.));
#4028=DIRECTION('',(-1.,0.,0.));
#4029=DIRECTION('',(0.,0.,-1.));
#4030=DIRECTION('',(-1.,0.,0.));
#4031=DIRECTION('',(0.465565591968977,-0.885013378189605,0.));
#4032=DIRECTION('',(0.465565591968977,-0.885013378189605,0.));
#4033=DIRECTION('',(-0.885013378189605,-0.465565591968977,0.));
#4034=DIRECTION('',(0.465565591968977,-0.885013378189605,0.));
#4035=DIRECTION('',(-0.885013378189605,-0.465565591968977,0.));
#4036=DIRECTION('',(0.465565591968977,-0.885013378189605,0.));
#4037=DIRECTION('',(0.,0.,1.));
#4038=DIRECTION('',(0.465565591968977,-0.885013378189605,0.));
#4039=DIRECTION('',(-0.885013378189605,-0.465565591968977,0.));
#4040=DIRECTION('',(0.465565591968977,-0.885013378189605,0.));
#4041=DIRECTION('',(1.61605629863057E-16,8.50134275784867E-17,-1.));
#4042=DIRECTION('',(-1.,0.,-1.61605629863057E-16));
#4043=DIRECTION('',(0.465565591968977,-0.885013378189605,0.));
#4044=DIRECTION('',(0.465565591968977,-0.885013378189605,0.));
#4045=DIRECTION('',(-0.885013378189605,-0.465565591968977,0.));
#4046=DIRECTION('',(0.465565591968977,-0.885013378189605,0.));
#4047=DIRECTION('',(-0.885013378189605,-0.465565591968977,0.));
#4048=DIRECTION('',(0.465565591968977,-0.885013378189605,0.));
#4049=DIRECTION('',(0.465565591968977,-0.885013378189605,0.));
#4050=DIRECTION('',(2.11759101199868E-16,1.11396905102844E-16,-1.));
#4051=DIRECTION('',(-1.,0.,-2.11759101199868E-16));
#4052=DIRECTION('',(0.465565591968977,-0.885013378189605,0.));
#4053=DIRECTION('',(0.465565591968977,-0.885013378189605,0.));
#4054=DIRECTION('',(-0.885013378189605,-0.465565591968977,0.));
#4055=DIRECTION('',(0.465565591968977,-0.885013378189605,0.));
#4056=DIRECTION('',(0.465565591968977,-0.885013378189605,0.));
#4057=DIRECTION('',(-0.885013378189605,-0.465565591968977,0.));
#4058=DIRECTION('',(0.465565591968977,-0.885013378189605,0.));
#4059=DIRECTION('',(0.883345610004241,-0.468722234683011,0.));
#4060=DIRECTION('',(0.468722234683011,0.883345610004241,0.));
#4061=DIRECTION('',(0.468722234683011,0.883345610004241,0.));
#4062=DIRECTION('',(0.,0.,-1.));
#4063=DIRECTION('',(0.,0.,-1.));
#4064=DIRECTION('',(-1.,0.,0.));
#4065=DIRECTION('',(-0.883345610004241,0.468722234683011,0.));
#4066=DIRECTION('',(0.,0.,-1.));
#4067=DIRECTION('',(-1.,0.,0.));
#4068=DIRECTION('',(0.465565591968977,-0.885013378189605,0.));
#4069=DIRECTION('',(-0.885013378189605,-0.465565591968977,0.));
#4070=DIRECTION('',(0.465565591968977,-0.885013378189605,0.));
#4071=DIRECTION('',(0.,0.,-1.));
#4072=DIRECTION('',(0.465565591968977,-0.885013378189605,0.));
#4073=DIRECTION('',(0.,0.,-1.));
#4074=DIRECTION('',(-1.,0.,0.));
#4075=DIRECTION('',(0.885013378189605,0.465565591968977,0.));
#4076=DIRECTION('',(0.465565591968977,-0.885013378189605,0.));
#4077=DIRECTION('',(-0.885013378189605,-0.465565591968977,0.));
#4078=DIRECTION('',(0.465565591968977,-0.885013378189605,0.));
#4079=DIRECTION('',(0.,0.,-1.));
#4080=DIRECTION('',(0.,0.,-1.));
#4081=DIRECTION('',(-1.,0.,0.));
#4082=DIRECTION('',(0.465565591968977,-0.885013378189605,0.));
#4083=DIRECTION('',(-0.885013378189605,-0.465565591968977,0.));
#4084=DIRECTION('',(0.465565591968977,-0.885013378189605,0.));
#4085=DIRECTION('',(0.,0.,-1.));
#4086=DIRECTION('',(0.465565591968977,-0.885013378189605,0.));
#4087=DIRECTION('',(0.,0.,-1.));
#4088=DIRECTION('',(-1.,0.,0.));
#4089=DIRECTION('',(0.885013378189605,0.465565591968977,0.));
#4090=DIRECTION('',(0.465565591968977,-0.885013378189605,0.));
#4091=DIRECTION('',(-0.885013378189605,-0.465565591968977,0.));
#4092=DIRECTION('',(0.465565591968977,-0.885013378189605,0.));
#4093=DIRECTION('',(0.,0.,-1.));
#4094=DIRECTION('',(-0.885013378189605,-0.465565591968977,0.));
#4095=DIRECTION('',(0.465565591968977,-0.885013378189605,0.));
#4096=DIRECTION('',(0.,0.,-1.));
#4097=DIRECTION('',(0.465565591968977,-0.885013378189605,0.));
#4098=DIRECTION('',(0.,0.,-1.));
#4099=DIRECTION('',(-1.,0.,0.));
#4100=DIRECTION('',(0.885013378189605,0.465565591968977,0.));
#4101=DIRECTION('',(0.,0.,-1.));
#4102=DIRECTION('',(-1.,0.,0.));
#4103=DIRECTION('',(0.,0.,-1.));
#4104=DIRECTION('',(-1.,0.,0.));
#4105=DIRECTION('',(0.624619670965366,-0.33143667063727,0.707106781186548));
#4106=DIRECTION('',(0.624619670965366,-0.33143667063727,-0.707106781186548));
#4107=DIRECTION('',(0.,0.,-1.));
#4108=DIRECTION('',(-1.,0.,0.));
#4109=DIRECTION('',(0.624619670965366,-0.33143667063727,-0.707106781186548));
#4110=DIRECTION('',(0.624619670965366,-0.33143667063727,0.707106781186548));
#4111=DIRECTION('',(0.883345610004241,-0.468722234683011,0.));
#4112=DIRECTION('',(0.468722234683011,0.883345610004241,0.));
#4113=DIRECTION('',(0.,0.,1.));
#4114=DIRECTION('',(1.,0.,0.));
#4115=DIRECTION('',(0.,0.,-1.));
#4116=DIRECTION('',(-1.,0.,0.));
#4117=DIRECTION('',(0.625798961158684,0.329204587168393,-0.707106781186548));
#4118=DIRECTION('',(0.625798961158684,0.329204587168393,0.707106781186548));
#4119=DIRECTION('',(0.885013378189605,0.465565591968977,0.));
#4120=DIRECTION('',(-0.465565591968977,0.885013378189605,0.));
#4121=DIRECTION('',(0.,0.,-1.));
#4122=DIRECTION('',(-1.,0.,0.));
#4123=DIRECTION('',(0.625798961158684,0.329204587168393,-0.707106781186548));
#4124=DIRECTION('',(0.625798961158684,0.329204587168393,0.707106781186548));
#4125=DIRECTION('',(0.,0.,1.));
#4126=DIRECTION('',(1.,0.,0.));
#4127=DIRECTION('',(0.625798961158684,0.329204587168393,0.707106781186548));
#4128=DIRECTION('',(0.625798961158684,0.329204587168393,-0.707106781186548));
#4129=DIRECTION('',(0.885013378189605,0.465565591968977,0.));
#4130=DIRECTION('',(-0.465565591968977,0.885013378189605,0.));
#4131=DIRECTION('',(0.,0.,1.));
#4132=DIRECTION('',(1.,0.,0.));
#4133=DIRECTION('',(0.625798961158684,0.329204587168393,0.707106781186548));
#4134=DIRECTION('',(0.625798961158684,0.329204587168393,-0.707106781186548));
#4135=DIRECTION('',(0.885013378189605,0.465565591968977,0.));
#4136=DIRECTION('',(-0.465565591968977,0.885013378189605,0.));
#4137=DIRECTION('',(0.625798961158684,0.329204587168393,-0.707106781186548));
#4138=DIRECTION('',(-0.625798961158684,-0.329204587168393,-0.707106781186548));
#4139=DIRECTION('',(0.,0.,-1.));
#4140=DIRECTION('',(-1.,0.,0.));
#4141=DIRECTION('',(0.,-1.,0.));
#4142=DIRECTION('',(0.,0.,-1.));
#4143=DIRECTION('',(1.,0.,0.));
#4144=DIRECTION('',(0.,0.,1.));
#4145=DIRECTION('',(1.,0.,0.));
#4146=DIRECTION('',(0.,0.,-1.));
#4147=DIRECTION('',(-1.,0.,0.));
#4148=DIRECTION('',(1.,0.,0.));
#4149=DIRECTION('',(0.,-1.,0.));
#4150=DIRECTION('',(0.,0.,-1.));
#4151=DIRECTION('',(0.,0.,-1.));
#4152=DIRECTION('',(1.,0.,0.));
#4153=DIRECTION('',(0.,0.,-1.));
#4154=DIRECTION('',(-1.,0.,0.));
#4155=DIRECTION('',(0.,0.,-1.));
#4156=DIRECTION('',(-1.,0.,0.));
#4157=DIRECTION('',(0.,0.,-1.));
#4158=DIRECTION('',(-1.,0.,0.));
#4159=DIRECTION('',(0.,0.,-1.));
#4160=DIRECTION('',(-1.,0.,0.));
#4161=DIRECTION('',(0.,0.,-1.));
#4162=DIRECTION('',(-1.,0.,0.));
#4163=DIRECTION('',(0.,0.,-1.));
#4164=DIRECTION('',(-1.,0.,0.));
#4165=DIRECTION('',(0.,0.,-1.));
#4166=DIRECTION('',(-1.,0.,0.));
#4167=CARTESIAN_POINT('',(0.,0.,0.));
#4168=CARTESIAN_POINT('',(4.33680868994202E-18,1.71191937837355E-18,0.0219904));
#4169=CARTESIAN_POINT('',(4.33680868994202E-18,1.71191937837355E-18,0.00324));
#4170=CARTESIAN_POINT('',(0.0184871884361716,0.00620273034441135,0.00324));
#4171=CARTESIAN_POINT('',(-0.00717755385376433,0.0181309878571553,0.00324));
#4172=CARTESIAN_POINT('',(0.0184871884361716,0.00620273034441135,0.0219904));
#4173=CARTESIAN_POINT('',(0.0184871884361716,0.00620273034441135,0.0003904));
#4174=CARTESIAN_POINT('',(4.33680868994202E-18,1.71191937837355E-18,0.0003904));
#4175=CARTESIAN_POINT('',(-0.00717755385376434,0.0181309878571553,0.000390400000000006));
#4176=CARTESIAN_POINT('',(-0.00717755385376434,0.0181309878571553,0.0239904));
#4177=CARTESIAN_POINT('',(0.,0.,0.00324));
#4178=CARTESIAN_POINT('',(0.,0.00488464160880051,0.00324));
#4179=CARTESIAN_POINT('',(0.0168044719153437,0.00488464160880051,0.00324));
#4180=CARTESIAN_POINT('',(0.017539127490727,0.00488464160880051,0.00324));
#4181=CARTESIAN_POINT('',(0.017539127490727,0.00588464160880051,0.00324));
#4182=CARTESIAN_POINT('',(-0.0406851972060056,0.035910866189203,0.00324));
#4183=CARTESIAN_POINT('',(-0.0381543947566747,0.0345679678194631,0.00324));
#4184=CARTESIAN_POINT('',(-0.0386231169913577,0.0336846222094588,0.00324));
#4185=CARTESIAN_POINT('',(-0.039506462601362,0.0341533444441419,0.00324));
#4186=CARTESIAN_POINT('',(-0.0409595015288793,0.0314149730531287,0.00324));
#4187=CARTESIAN_POINT('',(-0.039975184836045,0.0332699988341376,0.00324));
#4188=CARTESIAN_POINT('',(-0.0416226416753717,0.0341441749691946,0.00324));
#4189=CARTESIAN_POINT('',(-0.00727256147729362,0.0159172814751447,0.00324));
#4190=CARTESIAN_POINT('',(4.33680868994202E-18,1.71191937837355E-18,0.00324));
#4191=CARTESIAN_POINT('',(0.00820296921198428,0.0135407767970867,0.0108904));
#4192=CARTESIAN_POINT('',(0.00820296921198428,0.00488464160880051,0.0108904));
#4193=CARTESIAN_POINT('',(0.00820296921198428,0.00488464160880051,0.0012251904287652));
#4194=CARTESIAN_POINT('',(0.00820296921198428,0.00488464160880051,0.00527500544508468));
#4195=CARTESIAN_POINT('',(0.00820296921198428,0.0135407767970867,0.00527500544508468));
#4196=CARTESIAN_POINT('',(0.00820296921198428,0.0048679718747735,0.00527500544508468));
#4197=CARTESIAN_POINT('',(0.00820296921198428,0.0048679718747735,0.0108904));
#4198=CARTESIAN_POINT('',(0.00820296921198428,0.0048679718747735,0.0108904));
#4199=CARTESIAN_POINT('',(0.00820296921198428,0.0135407767970867,0.0108904));
#4200=CARTESIAN_POINT('',(0.00820296921198428,0.0137372230129396,0.0108904));
#4201=CARTESIAN_POINT('',(0.00820296921198427,0.0137372230129396,0.0108904));
#4202=CARTESIAN_POINT('',(0.00820296921198427,0.0137372230129396,-0.0006096));
#4203=CARTESIAN_POINT('',(0.00820296921198428,0.0135407767970867,-0.0006096));
#4204=CARTESIAN_POINT('',(0.00820296921198428,0.0048679718747735,-0.0006096));
#4205=CARTESIAN_POINT('',(0.00820296921198428,0.0048679718747735,0.0108904));
#4206=CARTESIAN_POINT('',(0.00820296921198428,0.0048679718747735,0.0012251904287652));
#4207=CARTESIAN_POINT('',(0.00820296921198428,0.0135407767970867,0.0012251904287652));
#4208=CARTESIAN_POINT('',(0.00899752607750326,0.0048679718747735,0.0108904));
#4209=CARTESIAN_POINT('',(0.00899752607750326,0.0048679718747735,0.00527500544508468));
#4210=CARTESIAN_POINT('',(0.00979208294302225,0.0048679718747735,0.00527500544508468));
#4211=CARTESIAN_POINT('',(0.00979208294302225,0.0048679718747735,0.0108904));
#4212=CARTESIAN_POINT('',(0.00979208294302225,0.0048679718747735,0.0108904));
#4213=CARTESIAN_POINT('',(0.00899752607750326,0.0048679718747735,0.0108904));
#4214=CARTESIAN_POINT('',(0.00979208294302225,9.73583664745092E-5,0.0108904));
#4215=CARTESIAN_POINT('',(0.00979208294302225,9.73583664745092E-5,0.00527500544508468));
#4216=CARTESIAN_POINT('',(0.00979208294302225,-0.00467325514182448,0.00527500544508468));
#4217=CARTESIAN_POINT('',(0.00979208294302225,-0.00467325514182448,0.0108904));
#4218=CARTESIAN_POINT('',(0.00979208294302225,-0.00467325514182448,0.0108904));
#4219=CARTESIAN_POINT('',(0.00979208294302225,9.73583664745092E-5,0.0108904));
#4220=CARTESIAN_POINT('',(0.00899752607750326,-0.00467325514182448,0.0108904));
#4221=CARTESIAN_POINT('',(0.00899752607750326,-0.00467325514182448,0.00527500544508468));
#4222=CARTESIAN_POINT('',(0.00820296921198428,-0.00467325514182448,0.00527500544508468));
#4223=CARTESIAN_POINT('',(0.00820296921198428,-0.00467325514182448,0.0108904));
#4224=CARTESIAN_POINT('',(0.00820296921198428,-0.00467325514182448,0.0108904));
#4225=CARTESIAN_POINT('',(0.00899752607750326,-0.00467325514182448,0.0108904));
#4226=CARTESIAN_POINT('',(0.00820296921198428,-0.00920523907738206,0.0108904));
#4227=CARTESIAN_POINT('',(0.00820296921198428,-0.00920523907738206,0.00527500544508468));
#4228=CARTESIAN_POINT('',(0.00820296921198428,-0.00485720283604429,0.00527500544508468));
#4229=CARTESIAN_POINT('',(0.00820296921198428,-0.00485720283604429,0.0108904));
#4230=CARTESIAN_POINT('',(0.00820296921198428,-0.00485720283604429,0.0012251904287652));
#4231=CARTESIAN_POINT('',(0.00820296921198428,-0.00920523907738206,0.0012251904287652));
#4232=CARTESIAN_POINT('',(0.00820296921198428,-0.00467325514182448,0.0012251904287652));
#4233=CARTESIAN_POINT('',(0.00820296921198428,-0.00467325514182448,0.0108904));
#4234=CARTESIAN_POINT('',(0.00820296921198428,-0.00467325514182448,-0.0006096));
#4235=CARTESIAN_POINT('',(0.00820296921198428,-0.00920523907738206,-0.0006096));
#4236=CARTESIAN_POINT('',(0.00820296921198429,-0.0137372230129396,-0.0006096));
#4237=CARTESIAN_POINT('',(0.00820296921198429,-0.0137372230129396,0.0108904));
#4238=CARTESIAN_POINT('',(0.00820296921198429,-0.0137372230129396,0.0108904));
#4239=CARTESIAN_POINT('',(0.00820296921198428,-0.00920523907738206,0.0108904));
#4240=CARTESIAN_POINT('',(0.,0.,0.00324));
#4241=CARTESIAN_POINT('',(-0.0415462836330459,-0.0362069925540388,0.00324));
#4242=CARTESIAN_POINT('',(-0.0373542626863345,-0.0340017595466073,0.00324));
#4243=CARTESIAN_POINT('',(-0.0312555767240757,-0.0307935161344455,0.00324));
#4244=CARTESIAN_POINT('',(-0.0317211423160446,-0.0299085027562559,0.00324));
#4245=CARTESIAN_POINT('',(-0.030836128937855,-0.029442937164287,0.00324));
#4246=CARTESIAN_POINT('',(-0.0323631840795133,-0.0265400932838251,0.00324));
#4247=CARTESIAN_POINT('',(-0.0320000429177775,-0.0272304037188129,0.00324));
#4248=CARTESIAN_POINT('',(-0.0429383149235869,-0.0329845349071115,0.00324));
#4249=CARTESIAN_POINT('',(-0.0320230334626578,-0.0272424980067646,0.00324));
#4250=CARTESIAN_POINT('',(-0.0323489293770361,-0.0266229886420319,0.00324));
#4251=CARTESIAN_POINT('',(-0.0313246850747043,-0.028570018074049,0.00324));
#4252=CARTESIAN_POINT('',(-0.0424774148169839,-0.0344369657976595,0.00324));
#4253=CARTESIAN_POINT('',(-0.0391258412358497,-0.0326738542145101,0.00324));
#4254=CARTESIAN_POINT('',(-0.0401500855381815,-0.0307268247824929,0.00324));
#4255=CARTESIAN_POINT('',(-0.0398241896238032,-0.0313463341472257,0.00324));
#4256=CARTESIAN_POINT('',(-0.0429383149235869,-0.0329845349071115,0.00324));
#4257=CARTESIAN_POINT('',(-0.0398687556364155,-0.0313697783149127,0.00324));
#4258=CARTESIAN_POINT('',(-0.0402318967981513,-0.0306794678799249,0.00324));
#4259=CARTESIAN_POINT('',(-0.0387048416564931,-0.0335823117603868,0.00324));
#4260=CARTESIAN_POINT('',(-0.0378198282783034,-0.0331167461684177,0.00324));
#4261=CARTESIAN_POINT('',(0.,0.,0.00324));
#4262=CARTESIAN_POINT('',(-0.0415462836330459,-0.0362069925540388,0.00324));
#4263=CARTESIAN_POINT('',(-0.0210787405361089,-0.0254399419614605,0.00324));
#4264=CARTESIAN_POINT('',(-0.0157309908740893,-0.0226267322423114,0.00324));
#4265=CARTESIAN_POINT('',(-0.0161965564660583,-0.0217417188641218,0.00324));
#4266=CARTESIAN_POINT('',(-0.0153115430878688,-0.0212761532721528,0.00324));
#4267=CARTESIAN_POINT('',(-0.016838598229527,-0.0183733093916909,0.00324));
#4268=CARTESIAN_POINT('',(-0.0164754570677912,-0.0190636198266788,0.00324));
#4269=CARTESIAN_POINT('',(-0.0429383149235869,-0.0329845349071115,0.00324));
#4270=CARTESIAN_POINT('',(-0.0164940515434484,-0.0190734015410348,0.00324));
#4271=CARTESIAN_POINT('',(-0.0168199474578267,-0.0184538921763021,0.00324));
#4272=CARTESIAN_POINT('',(-0.015795703155495,-0.0204009216083192,0.00324));
#4273=CARTESIAN_POINT('',(-0.0424774148169839,-0.0344369657976595,0.00324));
#4274=CARTESIAN_POINT('',(-0.0228948850982365,-0.0241354807970503,0.00324));
#4275=CARTESIAN_POINT('',(-0.0239563746479257,-0.022117650294778,0.00324));
#4276=CARTESIAN_POINT('',(-0.0224293195062674,-0.0250204941752399,0.00324));
#4277=CARTESIAN_POINT('',(-0.0215443061280778,-0.0245549285832709,0.00324));
#4278=CARTESIAN_POINT('',(0.,0.,0.00324));
#4279=CARTESIAN_POINT('',(4.33680868994202E-18,1.71191937837355E-18,0.00324));
#4280=CARTESIAN_POINT('',(-0.00718171059139705,-0.0181293417691161,0.00324));
#4281=CARTESIAN_POINT('',(0.0184968670294437,-0.00617380839474938,0.00324));
#4282=CARTESIAN_POINT('',(0.0175483097458825,-0.00585720283604429,0.00324));
#4283=CARTESIAN_POINT('',(0.0175483097458825,-0.00485720283604429,0.00324));
#4284=CARTESIAN_POINT('',(0.,-0.00485720283604429,0.00324));
#4285=CARTESIAN_POINT('',(0.0168124234008522,-0.00485720283604429,0.00324));
#4286=CARTESIAN_POINT('',(4.33680868994202E-18,1.71191937837355E-18,0.00324));
#4287=CARTESIAN_POINT('',(-0.00727256147729362,-0.0159172814751447,0.00324));
#4288=CARTESIAN_POINT('',(-0.0424774148169839,-0.0344369657976595,0.00324));
#4289=CARTESIAN_POINT('',(-0.008112841775335,-0.0163593150127368,0.00324));
#4290=CARTESIAN_POINT('',(-0.00917433132502427,-0.0143414845104645,0.00324));
#4291=CARTESIAN_POINT('',(-0.0429383149235869,-0.0329845349071115,0.0108904));
#4292=CARTESIAN_POINT('',(-0.00792617678509886,-0.0145662293534834,0.0108904));
#4293=CARTESIAN_POINT('',(-0.00792617678509886,-0.0145662293534834,0.00158574721218287));
#4294=CARTESIAN_POINT('',(-0.00792617678509886,-0.0145662293534834,0.00524));
#4295=CARTESIAN_POINT('',(-0.0429383149235869,-0.0329845349071115,0.00524));
#4296=CARTESIAN_POINT('',(-0.0164940515434484,-0.0190734015410348,0.00524));
#4297=CARTESIAN_POINT('',(-0.0164940515434484,-0.0190734015410348,0.0108904));
#4298=CARTESIAN_POINT('',(-0.0164754570677912,-0.0190636198266788,0.0108904));
#4299=CARTESIAN_POINT('',(-0.0164754570677912,-0.0190636198266788,0.00158574721218287));
#4300=CARTESIAN_POINT('',(-0.0429383149235869,-0.0329845349071115,0.00158574721218287));
#4301=CARTESIAN_POINT('',(-0.0643960944554685,-0.04427250419243,0.0053904));
#4302=CARTESIAN_POINT('',(-0.0643960944554685,-0.04427250419243,0.0053904));
#4303=CARTESIAN_POINT('',(-0.0643960944554685,-0.04427250419243,-0.0006096));
#4304=CARTESIAN_POINT('',(-0.0429383149235869,-0.0329845349071115,0.0053904));
#4305=CARTESIAN_POINT('',(-0.0758448620458828,-0.0502951840658688,0.0053904));
#4306=CARTESIAN_POINT('',(-0.0758448620458828,-0.0502951840658688,0.0023904));
#4307=CARTESIAN_POINT('',(-0.0786040683698802,-0.0517466779723498,0.0023904));
#4308=CARTESIAN_POINT('',(-0.0786040683698802,-0.0517466779723498,0.0108904));
#4309=CARTESIAN_POINT('',(-0.0786040683698802,-0.0517466779723498,0.0108904));
#4310=CARTESIAN_POINT('',(-0.0429383149235869,-0.0329845349071115,0.0108904));
#4311=CARTESIAN_POINT('',(-0.00727256147729362,-0.0142223918418734,0.0108904));
#4312=CARTESIAN_POINT('',(-0.00727256147729362,-0.0142223918418734,0.0108904));
#4313=CARTESIAN_POINT('',(-0.00727256147729362,-0.0142223918418734,-0.0006096));
#4314=CARTESIAN_POINT('',(-0.0341125398610648,-0.0283416930102201,-0.0006096));
#4315=CARTESIAN_POINT('',(-0.0235932334861899,-0.0228079607297659,0.0108904));
#4316=CARTESIAN_POINT('',(-0.0235932334861899,-0.0228079607297659,0.00158574721218287));
#4317=CARTESIAN_POINT('',(-0.0235932334861899,-0.0228079607297659,0.00324));
#4318=CARTESIAN_POINT('',(-0.0429383149235869,-0.0329845349071115,0.00324));
#4319=CARTESIAN_POINT('',(-0.0236154063698566,-0.0228196248830593,0.00324));
#4320=CARTESIAN_POINT('',(-0.0236154063698566,-0.0228196248830593,0.0108904));
#4321=CARTESIAN_POINT('',(-0.0236154063698566,-0.0228196248830593,0.00524));
#4322=CARTESIAN_POINT('',(-0.0429383149235869,-0.0329845349071115,0.00524));
#4323=CARTESIAN_POINT('',(-0.0320230334626578,-0.0272424980067646,0.00524));
#4324=CARTESIAN_POINT('',(-0.0320230334626578,-0.0272424980067646,0.0108904));
#4325=CARTESIAN_POINT('',(-0.0320000429177775,-0.0272304037188129,0.0108904));
#4326=CARTESIAN_POINT('',(-0.0320000429177775,-0.0272304037188129,0.00158574721218287));
#4327=CARTESIAN_POINT('',(-0.0429383149235869,-0.0329845349071115,0.00158574721218287));
#4328=CARTESIAN_POINT('',(-0.0526568836075525,-0.0380970352307758,0.0108904));
#4329=CARTESIAN_POINT('',(-0.0526568836075525,-0.0380970352307758,0.00324));
#4330=CARTESIAN_POINT('',(-0.0526568836075525,-0.0380970352307758,0.00824));
#4331=CARTESIAN_POINT('',(-0.0429383149235869,-0.0329845349071115,0.00324));
#4332=CARTESIAN_POINT('',(-0.052686364646236,-0.0381125438745601,0.00324));
#4333=CARTESIAN_POINT('',(-0.052686364646236,-0.0381125438745601,0.0108904));
#4334=CARTESIAN_POINT('',(-0.052686364646236,-0.0381125438745601,0.00158574721218286));
#4335=CARTESIAN_POINT('',(-0.0429383149235869,-0.0329845349071115,0.00158574721218286));
#4336=CARTESIAN_POINT('',(-0.0398687556364155,-0.0313697783149127,0.00158574721218287));
#4337=CARTESIAN_POINT('',(-0.0398687556364155,-0.0313697783149127,0.0108904));
#4338=CARTESIAN_POINT('',(-0.0398241896238032,-0.0313463341472257,0.0108904));
#4339=CARTESIAN_POINT('',(-0.0398241896238032,-0.0313463341472257,0.00824));
#4340=CARTESIAN_POINT('',(-0.0429383149235869,-0.0329845349071115,0.00824));
#4341=CARTESIAN_POINT('',(-0.0415462836330459,-0.0362069925540388,0.0219904));
#4342=CARTESIAN_POINT('',(-0.00718171059139705,-0.0181293417691161,0.0239904));
#4343=CARTESIAN_POINT('',(-0.00718171059139705,-0.0181293417691161,0.000585747212182873));
#4344=CARTESIAN_POINT('',(-0.00718171059139705,-0.0181293417691161,0.000390400000000006));
#4345=CARTESIAN_POINT('',(-0.0415462836330459,-0.0362069925540388,0.000585747212182866));
#4346=CARTESIAN_POINT('',(-0.0157309908740893,-0.0226267322423114,0.000585747212182867));
#4347=CARTESIAN_POINT('',(-0.0157309908740893,-0.0226267322423114,0.0219904));
#4348=CARTESIAN_POINT('',(-0.0210787405361089,-0.0254399419614605,0.00158574721218287));
#4349=CARTESIAN_POINT('',(-0.0210787405361089,-0.0254399419614605,0.000585747212182865));
#4350=CARTESIAN_POINT('',(-0.0415462836330459,-0.0362069925540388,0.000585747212182866));
#4351=CARTESIAN_POINT('',(-0.0312555767240757,-0.0307935161344455,0.000585747212182865));
#4352=CARTESIAN_POINT('',(-0.0312555767240757,-0.0307935161344455,0.0219904));
#4353=CARTESIAN_POINT('',(-0.0373542626863345,-0.0340017595466073,0.00158574721218287));
#4354=CARTESIAN_POINT('',(-0.0373542626863345,-0.0340017595466073,0.000585747212182862));
#4355=CARTESIAN_POINT('',(-0.0415462836330459,-0.0362069925540388,0.000585747212182863));
#4356=CARTESIAN_POINT('',(-0.0519418984525342,-0.0416756562901927,0.000585747212182862));
#4357=CARTESIAN_POINT('',(-0.0519418984525342,-0.0416756562901927,0.0219904));
#4358=CARTESIAN_POINT('',(-0.0519418984525342,-0.0416756562901927,0.00324));
#4359=CARTESIAN_POINT('',(-0.0415462836330459,-0.0362069925540388,0.00324));
#4360=CARTESIAN_POINT('',(-0.0764720657841151,-0.0545798701204822,0.00324));
#4361=CARTESIAN_POINT('',(-0.0764720657841151,-0.0545798701204822,0.0239904));
#4362=CARTESIAN_POINT('',(-0.0764720657841151,-0.0545798701204822,0.000390400000000006));
#4363=CARTESIAN_POINT('',(-0.0415462836330459,-0.0362069925540388,0.0003904));
#4364=CARTESIAN_POINT('',(0.,0.,0.00324));
#4365=CARTESIAN_POINT('',(-0.0544550108691896,0.0385759814110525,0.00324));
#4366=CARTESIAN_POINT('',(-0.0541737775283798,0.0391059887770551,0.00324));
#4367=CARTESIAN_POINT('',(-0.0530019719416723,0.0413143528020657,0.00324));
#4368=CARTESIAN_POINT('',(-0.0538853175516765,0.0417830750367487,0.00324));
#4369=CARTESIAN_POINT('',(-0.0534165953169935,0.0426664206467529,0.00324));
#4370=CARTESIAN_POINT('',(-0.0406851972060056,0.035910866189203,0.00324));
#4371=CARTESIAN_POINT('',(-0.0748802877510251,0.0540555188301693,0.00324));
#4372=CARTESIAN_POINT('',(-0.0829036745646192,0.043629738591564,0.00324));
#4373=CARTESIAN_POINT('',(-0.0960015680421535,0.042398147752276,0.00324));
#4374=CARTESIAN_POINT('',(-0.0958641384914329,0.0289928456434487,0.00324));
#4375=CARTESIAN_POINT('',(-0.10728186001394,0.0219674170625856,0.00324));
#4376=CARTESIAN_POINT('',(-0.101652036343124,0.00979600946127113,0.00324));
#4377=CARTESIAN_POINT('',(-0.111656095249172,0.000865338547719483,0.00324));
#4378=CARTESIAN_POINT('',(-0.104189712771897,-0.00846201357027786,0.00324));
#4379=CARTESIAN_POINT('',(-0.112178263407675,-0.0173462368660803,0.00324));
#4380=CARTESIAN_POINT('',(-0.102559080150355,-0.0271515720238692,0.00324));
#4381=CARTESIAN_POINT('',(-0.102866956979486,-0.0408839605980601,0.00324));
#4382=CARTESIAN_POINT('',(-0.0875092028373828,-0.0435685475387557,0.00324));
#4383=CARTESIAN_POINT('',(-0.0524074640445032,-0.0407906429120031,0.00324));
#4384=CARTESIAN_POINT('',(-0.0515224506663136,-0.040325077320034,0.00324));
#4385=CARTESIAN_POINT('',(-0.0530495058079718,-0.0374222334395721,0.00324));
#4386=CARTESIAN_POINT('',(-0.0519880162582826,-0.0394400639418445,0.00324));
#4387=CARTESIAN_POINT('',(-0.0424774148169839,-0.0344369657976595,0.00324));
#4388=CARTESIAN_POINT('',(-0.0776822681566741,-0.0529566501201744,0.00324));
#4389=CARTESIAN_POINT('',(-0.0875092028373828,-0.0435685475387557,0.00324));
#4390=CARTESIAN_POINT('',(-0.10017580518861,-0.0386428699027312,0.00324));
#4391=CARTESIAN_POINT('',(-0.102559080150355,-0.0271515720238692,0.00324));
#4392=CARTESIAN_POINT('',(-0.108855326063212,-0.017247673100271,0.00324));
#4393=CARTESIAN_POINT('',(-0.104189712771897,-0.00846201357027786,0.00324));
#4394=CARTESIAN_POINT('',(-0.108363075143982,0.00056787055258444,0.00324));
#4395=CARTESIAN_POINT('',(-0.101652036343124,0.00979600946127113,0.00324));
#4396=CARTESIAN_POINT('',(-0.103970062294597,0.020968446312421,0.00324));
#4397=CARTESIAN_POINT('',(-0.0958641384914329,0.0289928456434487,0.00324));
#4398=CARTESIAN_POINT('',(-0.09350336082244,0.0401518650503717,0.00324));
#4399=CARTESIAN_POINT('',(-0.0829036745646192,0.043629738591564,0.00324));
#4400=CARTESIAN_POINT('',(-0.0759727218734497,0.0523710684632444,0.00324));
#4401=CARTESIAN_POINT('',(-0.0416226416753717,0.0341441749691946,0.00324));
#4402=CARTESIAN_POINT('',(-0.0534982772342382,0.0404456433575485,0.00324));
#4403=CARTESIAN_POINT('',(-0.0557012717372483,0.0362939189905285,0.00324));
#4404=CARTESIAN_POINT('',(-0.0542013605862627,0.0391206249425421,0.00324));
#4405=CARTESIAN_POINT('',(-0.0420871235253365,0.0326925494504934,0.00324));
#4406=CARTESIAN_POINT('',(-0.0420871235253365,0.0326925494504934,0.0108904));
#4407=CARTESIAN_POINT('',(-0.0768705337574377,0.0511493772076474,0.0108904));
#4408=CARTESIAN_POINT('',(-0.0768705337574377,0.0511493772076474,0.0108904));
#4409=CARTESIAN_POINT('',(-0.0768705337574377,0.0511493772076474,0.0023904));
#4410=CARTESIAN_POINT('',(-0.0741390543307216,0.0496999953050477,0.0023904));
#4411=CARTESIAN_POINT('',(-0.0741390543307216,0.0496999953050477,0.0053904));
#4412=CARTESIAN_POINT('',(-0.0420871235253365,0.0326925494504934,0.0053904));
#4413=CARTESIAN_POINT('',(-0.0663571390914342,0.0455707432209681,0.0053904));
#4414=CARTESIAN_POINT('',(-0.0663571390914342,0.0455707432209681,0.0053904));
#4415=CARTESIAN_POINT('',(-0.0663571390914342,0.0455707432209681,-0.0006096));
#4416=CARTESIAN_POINT('',(-0.0329835090422778,0.027861975238242,-0.0006096));
#4417=CARTESIAN_POINT('',(-0.00730371329323539,0.0142357216933395,-0.0006096));
#4418=CARTESIAN_POINT('',(-0.00730371329323539,0.0142357216933395,0.0108904));
#4419=CARTESIAN_POINT('',(-0.00730371329323539,0.0142357216933395,0.0108904));
#4420=CARTESIAN_POINT('',(-0.0420871235253365,0.0326925494504934,0.0108904));
#4421=CARTESIAN_POINT('',(-0.0406782681880694,0.0319449804191312,0.0108904));
#4422=CARTESIAN_POINT('',(-0.0406782681880694,0.0319449804191312,0.00243957968501953));
#4423=CARTESIAN_POINT('',(-0.0406782681880694,0.0319449804191312,0.00883977507716021));
#4424=CARTESIAN_POINT('',(-0.0420871235253365,0.0326925494504934,0.00243957968501953));
#4425=CARTESIAN_POINT('',(-0.0541737775283798,0.0391059887770551,0.00243957968501953));
#4426=CARTESIAN_POINT('',(-0.0541737775283798,0.0391059887770551,0.0108904));
#4427=CARTESIAN_POINT('',(-0.0542013605862627,0.0391206249425421,0.0108904));
#4428=CARTESIAN_POINT('',(-0.0542013605862627,0.0391206249425421,0.00883977507716021));
#4429=CARTESIAN_POINT('',(-0.0420871235253365,0.0326925494504934,0.00883977507716021));
#4430=CARTESIAN_POINT('',(-0.0416226416753717,0.0341441749691946,0.0108904));
#4431=CARTESIAN_POINT('',(-0.039975184836045,0.0332699988341376,0.0108904));
#4432=CARTESIAN_POINT('',(-0.039975184836045,0.0332699988341376,0.00883977507716021));
#4433=CARTESIAN_POINT('',(-0.0416226416753717,0.0341441749691946,0.00883977507716021));
#4434=CARTESIAN_POINT('',(-0.0534982772342382,0.0404456433575485,0.00883977507716021));
#4435=CARTESIAN_POINT('',(-0.0534982772342382,0.0404456433575485,0.0108904));
#4436=CARTESIAN_POINT('',(-0.0759727218734497,0.0523710684632444,0.0108904));
#4437=CARTESIAN_POINT('',(-0.0759727218734497,0.0523710684632444,0.0108904));
#4438=CARTESIAN_POINT('',(-0.0416226416753717,0.0341441749691946,0.0108904));
#4439=CARTESIAN_POINT('',(-0.00727256147729362,0.0159172814751447,0.0108904));
#4440=CARTESIAN_POINT('',(-0.00727256147729362,0.0159172814751447,0.0108904));
#4441=CARTESIAN_POINT('',(-0.048397459776486,-0.0011868829263225,-0.0006096));
#4442=CARTESIAN_POINT('',(-0.00359139009304995,0.008811782927122,-0.0006096));
#4443=CARTESIAN_POINT('',(-0.00134139009304995,0.008811782927122,-0.0006096));
#4444=CARTESIAN_POINT('',(-0.00359144723244994,-0.00891129223263499,-0.0006096));
#4445=CARTESIAN_POINT('',(-0.00134144723244994,-0.00891129223263499,-0.0006096));
#4446=CARTESIAN_POINT('',(-0.06374129491535,-0.032736567238679,-0.0006096));
#4447=CARTESIAN_POINT('',(-0.06204129491535,-0.032736567238679,-0.0006096));
#4448=CARTESIAN_POINT('',(-0.06374129491535,0.03304956433358,-0.0006096));
#4449=CARTESIAN_POINT('',(-0.06204129491535,0.03304956433358,-0.0006096));
#4450=CARTESIAN_POINT('',(-0.0122378762180096,0.0103785305983738,-0.0006096));
#4451=CARTESIAN_POINT('',(-0.0129420847546484,0.00905410696639405,-0.0006096));
#4452=CARTESIAN_POINT('',(-0.0115336676813705,0.011702954230354,-0.0006096));
#4453=CARTESIAN_POINT('',(-0.0363378866160283,0.0214938754773594,-0.0006096));
#4454=CARTESIAN_POINT('',(-0.0155909342612991,0.0104625252321324,-0.0006096));
#4455=CARTESIAN_POINT('',(-0.0148867257246601,0.011786948864112,-0.0006096));
#4456=CARTESIAN_POINT('',(-0.014182517188021,0.0131113724960917,-0.0006096));
#4457=CARTESIAN_POINT('',(-0.0349294695427287,0.0241427227413245,-0.0006096));
#4458=CARTESIAN_POINT('',(4.33680868994202E-19,0.,-0.0006096));
#4459=CARTESIAN_POINT('',(-0.00727256147729362,-0.0142516612911964,-0.0006096));
#4460=CARTESIAN_POINT('',(0.00899752607750326,-0.00467325514182448,-0.0006096));
#4461=CARTESIAN_POINT('',(0.00979208294302225,-0.00467325514182448,-0.0006096));
#4462=CARTESIAN_POINT('',(0.00979208294302225,9.73583664745092E-5,-0.0006096));
#4463=CARTESIAN_POINT('',(0.00979208294302225,0.0048679718747735,-0.0006096));
#4464=CARTESIAN_POINT('',(0.00899752607750326,0.0048679718747735,-0.0006096));
#4465=CARTESIAN_POINT('',(4.33680868994202E-19,0.,-0.0006096));
#4466=CARTESIAN_POINT('',(-0.00727256147729362,0.0142516612911964,-0.0006096));
#4467=CARTESIAN_POINT('',(-0.0461249802973279,-0.00562814067334046,-0.0006096));
#4468=CARTESIAN_POINT('',(-0.0688799673521231,0.0436541293501471,-0.0006096));
#4469=CARTESIAN_POINT('',(-0.071402795612812,0.0417375154793262,-0.0006096));
#4470=CARTESIAN_POINT('',(-0.071402795612812,0.0409125983715057,-0.0006096));
#4471=CARTESIAN_POINT('',(-0.071402795612812,0.0400876812636852,-0.0006096));
#4472=CARTESIAN_POINT('',(-0.0703173764050007,0.0390239730477333,-0.0006096));
#4473=CARTESIAN_POINT('',(-0.0692319571971893,0.0379602648317813,-0.0006096));
#4474=CARTESIAN_POINT('',(-0.0711640007793903,0.0362453050911426,-0.0006096));
#4475=CARTESIAN_POINT('',(-0.0730960443615913,0.0345303453505039,-0.0006096));
#4476=CARTESIAN_POINT('',(-0.0718586705625057,0.0324897598475218,-0.0006096));
#4477=CARTESIAN_POINT('',(-0.0706212967634201,0.0304491743445396,-0.0006096));
#4478=CARTESIAN_POINT('',(-0.0722277127206326,0.028104673139751,-0.0006096));
#4479=CARTESIAN_POINT('',(-0.073834128677845,0.0257601719349623,-0.0006096));
#4480=CARTESIAN_POINT('',(-0.0727052949368954,0.0235893363133073,-0.0006096));
#4481=CARTESIAN_POINT('',(-0.0715764611959458,0.0214185006916523,-0.0006096));
#4482=CARTESIAN_POINT('',(-0.0730015709996223,0.0197735968977213,-0.0006096));
#4483=CARTESIAN_POINT('',(-0.074426680803299,0.0181286931037903,-0.0006096));
#4484=CARTESIAN_POINT('',(-0.0734834372997284,0.0156431179493666,-0.0006096));
#4485=CARTESIAN_POINT('',(-0.0725401937961578,0.0131575427949429,-0.0006096));
#4486=CARTESIAN_POINT('',(-0.0745286531746388,0.0100473877973854,-0.0006096));
#4487=CARTESIAN_POINT('',(-0.0765171125531197,0.00693723279982806,-0.0006096));
#4488=CARTESIAN_POINT('',(-0.0747134332751607,0.00346861639991403,-0.0006096));
#4489=CARTESIAN_POINT('',(-0.0729097539972018,-4.33680868994202E-18,-0.0006096));
#4490=CARTESIAN_POINT('',(-0.0747134332751607,-0.00333881611004473,-0.0006096));
#4491=CARTESIAN_POINT('',(-0.0765171125531197,-0.00667763222008944,-0.0006096));
#4492=CARTESIAN_POINT('',(-0.0746740028262138,-0.00976597983390093,-0.0006096));
#4493=CARTESIAN_POINT('',(-0.072830893099308,-0.0128543274477124,-0.0006096));
#4494=CARTESIAN_POINT('',(-0.0738425925374031,-0.0154102011583745,-0.0006096));
#4495=CARTESIAN_POINT('',(-0.0748542919754982,-0.0179660748690367,-0.0006096));
#4496=CARTESIAN_POINT('',(-0.0733921751379967,-0.0196483470499515,-0.0006096));
#4497=CARTESIAN_POINT('',(-0.0719300583004951,-0.0213306192308664,-0.0006096));
#4498=CARTESIAN_POINT('',(-0.0729916617274284,-0.0236250525340438,-0.0006096));
#4499=CARTESIAN_POINT('',(-0.0740532651543617,-0.0259194858372211,-0.0006096));
#4500=CARTESIAN_POINT('',(-0.0722325258819423,-0.0280146708680339,-0.0006096));
#4501=CARTESIAN_POINT('',(-0.0704117866095228,-0.0301098558988468,-0.0006096));
#4502=CARTESIAN_POINT('',(-0.0716788621481581,-0.0321645732905761,-0.0006096));
#4503=CARTESIAN_POINT('',(-0.0729459376867933,-0.0342192906823054,-0.0006096));
#4504=CARTESIAN_POINT('',(-0.0714545884963198,-0.0359229125019209,-0.0006096));
#4505=CARTESIAN_POINT('',(-0.0699632393058462,-0.0376265343215362,-0.0006096));
#4506=CARTESIAN_POINT('',(-0.0710351542500815,-0.0399058813197561,-0.0006096));
#4507=CARTESIAN_POINT('',(-0.0721070691943169,-0.042185228317976,-0.0006096));
#4508=CARTESIAN_POINT('',(-0.0712571889162064,-0.0429612062871456,-0.0006096));
#4509=CARTESIAN_POINT('',(-0.0704073086380959,-0.0437371842563153,-0.0006096));
#4510=CARTESIAN_POINT('',(-0.0674017015467823,-0.0440048442243727,-0.0006096));
#4511=CARTESIAN_POINT('',(-0.00727256147729362,-0.0011868829263225,-0.0006096));
#4512=CARTESIAN_POINT('',(4.33680868994202E-19,0.,0.0108904));
#4513=CARTESIAN_POINT('',(4.33680868994202E-19,0.,0.0108904));
#4514=CARTESIAN_POINT('',(-0.00727256147729362,0.0142516612911964,0.0108904));
#4515=CARTESIAN_POINT('',(-0.00727256147729362,0.0142516612911964,0.0108904));
#4516=CARTESIAN_POINT('',(-0.048397459776486,-0.0011868829263225,-0.0006096));
#4517=CARTESIAN_POINT('',(-0.0924908119537011,-0.000635695378788593,-0.0006096));
#4518=CARTESIAN_POINT('',(-0.0812162989439109,-0.0538924323628278,-0.0006096));
#4519=CARTESIAN_POINT('',(-0.0926335612320682,3.8600776269709E-5,-0.0006096));
#4520=CARTESIAN_POINT('',(-0.0797823699810906,0.0518713258253642,-0.0006096));
#4521=CARTESIAN_POINT('',(-0.0795854270893117,0.0526656558264192,-0.0006096));
#4522=CARTESIAN_POINT('',(-0.0828456446020446,0.0436395995707012,-0.0006096));
#4523=CARTESIAN_POINT('',(-0.0883254267506615,0.0357611036885282,-0.0006096));
#4524=CARTESIAN_POINT('',(-0.0435302836014228,0.00618474238016373,-0.0006096));
#4525=CARTESIAN_POINT('',(-0.090228078492955,0.0370173451338694,-0.0006096));
#4526=CARTESIAN_POINT('',(-0.0958641384911884,0.0289928456431957,-0.0006096));
#4527=CARTESIAN_POINT('',(-0.101652036343124,0.0210771648237781,-0.0006096));
#4528=CARTESIAN_POINT('',(-0.0563425788108752,-0.0120528359817086,-0.0006096));
#4529=CARTESIAN_POINT('',(-0.0996405544827357,0.0196063814755673,-0.0006096));
#4530=CARTESIAN_POINT('',(-0.048397459776486,0.0196063814755673,-0.0006096));
#4531=CARTESIAN_POINT('',(-0.101652036343124,0.0196063814755673,-0.0006096));
#4532=CARTESIAN_POINT('',(-0.101652036343124,0.00979600946127113,-0.0006096));
#4533=CARTESIAN_POINT('',(-0.101652036343124,-1.43625530250116E-5,-0.0006096));
#4534=CARTESIAN_POINT('',(-0.048397459776486,-1.43625530251935E-5,-0.0006096));
#4535=CARTESIAN_POINT('',(-0.104189712771897,-1.43625530250029E-5,-0.0006096));
#4536=CARTESIAN_POINT('',(-0.104189712771897,-0.00846201357027786,-0.0006096));
#4537=CARTESIAN_POINT('',(-0.104189712771897,-0.0169096645875307,-0.0006096));
#4538=CARTESIAN_POINT('',(-0.0492121050098477,0.00127590717409596,-0.0006096));
#4539=CARTESIAN_POINT('',(-0.105773608815256,-0.0174335879871107,-0.0006096));
#4540=CARTESIAN_POINT('',(-0.102559080150355,-0.0271515720238692,-0.0006096));
#4541=CARTESIAN_POINT('',(-0.0962378740995332,-0.0352023336238187,-0.0006096));
#4542=CARTESIAN_POINT('',(-0.0875092028373827,-0.0435685475387557,-0.0006096));
#4543=CARTESIAN_POINT('',(-0.048397459776486,-0.0011868829263225,-0.0026096));
#4544=CARTESIAN_POINT('',(-0.101652036343124,0.00979600946127113,-0.0026096));
#4545=CARTESIAN_POINT('',(-0.105944650212102,0.000311848367746581,-0.0026096));
#4546=CARTESIAN_POINT('',(-0.101435812433878,0.0202041357430334,-0.0026096));
#4547=CARTESIAN_POINT('',(-0.0958641384914329,0.0289928456434487,-0.0026096));
#4548=CARTESIAN_POINT('',(-0.0916807922017521,0.0385209402092683,-0.0026096));
#4549=CARTESIAN_POINT('',(-0.0829036745646192,0.043629738591564,-0.0026096));
#4550=CARTESIAN_POINT('',(-0.0765242105857469,0.0515316405315585,-0.0026096));
#4551=CARTESIAN_POINT('',(-0.00858372055781337,0.0154809510271426,-0.0026096));
#4552=CARTESIAN_POINT('',(-0.00729757371564342,0.0147984937701359,-0.0026096));
#4553=CARTESIAN_POINT('',(4.33680868994202E-18,1.71191937837355E-18,-0.0026096));
#4554=CARTESIAN_POINT('',(-0.00729559246728723,-0.014799470617264,-0.0026096));
#4555=CARTESIAN_POINT('',(-0.0338797570650803,-0.0287841996993149,-0.0026096));
#4556=CARTESIAN_POINT('',(-0.0782952942762998,-0.0521492090697511,-0.0026096));
#4557=CARTESIAN_POINT('',(-0.0875092028373828,-0.0435685475387557,-0.0026096));
#4558=CARTESIAN_POINT('',(-0.0982380075424306,-0.0369794191531157,-0.0026096));
#4559=CARTESIAN_POINT('',(-0.102559080150355,-0.0271515720238692,-0.0026096));
#4560=CARTESIAN_POINT('',(-0.106409458670703,-0.0171299537449273,-0.0026096));
#4561=CARTESIAN_POINT('',(-0.104189712771897,-0.00846201357027786,-0.0026096));
#4562=CARTESIAN_POINT('',(-0.06374129491535,0.03304956433358,-0.0026096));
#4563=CARTESIAN_POINT('',(-0.06049129491535,0.03304956433358,-0.0026096));
#4564=CARTESIAN_POINT('',(-0.06374129491535,-0.032736567238679,-0.0026096));
#4565=CARTESIAN_POINT('',(-0.06049129491535,-0.032736567238679,-0.0026096));
#4566=CARTESIAN_POINT('',(-0.00359144723244994,-0.00891129223263499,-0.0026096));
#4567=CARTESIAN_POINT('',(0.00065855276755006,-0.00891129223263499,-0.0026096));
#4568=CARTESIAN_POINT('',(-0.00359139009304995,0.008811782927122,-0.0026096));
#4569=CARTESIAN_POINT('',(0.00065860990695005,0.008811782927122,-0.0026096));
#4570=CARTESIAN_POINT('',(-0.0142665095079733,0.00975831609926415,-0.0026096));
#4571=CARTESIAN_POINT('',(-0.0155909342612991,0.0104625252321324,-0.0026096));
#4572=CARTESIAN_POINT('',(-0.0129420847546484,0.00905410696639405,-0.0026096));
#4573=CARTESIAN_POINT('',(-0.0122378762180096,0.0103785305983738,-0.0026096));
#4574=CARTESIAN_POINT('',(-0.0115336676813707,0.0117029542303535,-0.0026096));
#4575=CARTESIAN_POINT('',(-0.0128580924346956,0.0124071633632231,-0.0026096));
#4576=CARTESIAN_POINT('',(-0.014182517188021,0.0131113724960917,-0.0026096));
#4577=CARTESIAN_POINT('',(-0.0148867257246601,0.011786948864112,-0.0026096));
#4578=CARTESIAN_POINT('',(-0.0875092028373828,-0.0435685475387557,0.0219904));
#4579=CARTESIAN_POINT('',(-0.102866956979486,-0.0408839605980601,0.0239904));
#4580=CARTESIAN_POINT('',(-0.102866956979486,-0.0408839605980601,0.000390400000000006));
#4581=CARTESIAN_POINT('',(-0.0875092028373828,-0.0435685475387557,0.0003904));
#4582=CARTESIAN_POINT('',(-0.102559080150355,-0.0271515720238692,0.0219904));
#4583=CARTESIAN_POINT('',(-0.112178263407676,-0.01734623686608,0.0239904));
#4584=CARTESIAN_POINT('',(-0.112178263407676,-0.01734623686608,0.0003904));
#4585=CARTESIAN_POINT('',(-0.102559080150355,-0.0271515720238692,0.000390399999999996));
#4586=CARTESIAN_POINT('',(-0.104189712771897,-0.00846201357027786,0.0219904));
#4587=CARTESIAN_POINT('',(-0.111656095249172,0.000865338547719672,0.0239904));
#4588=CARTESIAN_POINT('',(-0.111656095249172,0.000865338547719672,0.0003904));
#4589=CARTESIAN_POINT('',(-0.104189712771897,-0.00846201357027786,0.000390399999999996));
#4590=CARTESIAN_POINT('',(-0.101652036343124,0.00979600946127113,0.0219904));
#4591=CARTESIAN_POINT('',(-0.10728186001394,0.0219674170625856,0.0239904));
#4592=CARTESIAN_POINT('',(-0.10728186001394,0.0219674170625856,0.0003904));
#4593=CARTESIAN_POINT('',(-0.101652036343124,0.00979600946127113,0.000390399999999996));
#4594=CARTESIAN_POINT('',(-0.0958641384914329,0.0289928456434487,0.0219904));
#4595=CARTESIAN_POINT('',(-0.0960015680421535,0.0423981477522763,0.0239904));
#4596=CARTESIAN_POINT('',(-0.0960015680421535,0.0423981477522763,0.0003904));
#4597=CARTESIAN_POINT('',(-0.0958641384914329,0.0289928456434487,0.000390399999999996));
#4598=CARTESIAN_POINT('',(-0.0829036745646192,0.043629738591564,0.0219904));
#4599=CARTESIAN_POINT('',(-0.0748802877510251,0.0540555188301693,0.0239904));
#4600=CARTESIAN_POINT('',(-0.0748802877510251,0.0540555188301693,0.0003904));
#4601=CARTESIAN_POINT('',(-0.0829036745646192,0.043629738591564,0.000390399999999996));
#4602=CARTESIAN_POINT('',(-0.0406851972060056,0.035910866189203,0.0219904));
#4603=CARTESIAN_POINT('',(-0.0534165953169935,0.0426664206467529,0.0219904));
#4604=CARTESIAN_POINT('',(-0.0534165953169935,0.0426664206467529,0.00143957968501953));
#4605=CARTESIAN_POINT('',(-0.0390377403666789,0.0350366900541461,0.00143957968501953));
#4606=CARTESIAN_POINT('',(-0.0381543947566747,0.0345679678194631,0.00143957968501953));
#4607=CARTESIAN_POINT('',(-0.0381543947566747,0.0345679678194631,0.0219904));
#4608=CARTESIAN_POINT('',(-0.0748802877510251,0.0540555188301693,0.0003904));
#4609=CARTESIAN_POINT('',(4.33680868994202E-18,1.71191937837355E-18,0.0219904));
#4610=CARTESIAN_POINT('',(4.33680868994202E-18,1.71191937837355E-18,0.0003904));
#4611=CARTESIAN_POINT('',(0.0184968670294437,-0.00617380839474939,0.0003904));
#4612=CARTESIAN_POINT('',(0.0184968670294437,-0.00617380839474938,0.0219904));
#4613=CARTESIAN_POINT('',(-0.00718171059139705,-0.0181293417691161,0.0239904));
#4614=CARTESIAN_POINT('',(4.33680868994202E-19,0.,0.0108904));
#4615=CARTESIAN_POINT('',(-0.00727256147729362,-0.0142516612911964,0.0108904));
#4616=CARTESIAN_POINT('',(-0.00727256147729362,-0.0142516612911964,0.0108904));
#4617=CARTESIAN_POINT('',(4.33680868994202E-19,0.,0.0108904));
#4618=CARTESIAN_POINT('',(-0.00727256147729362,-0.0142370265665349,0.0108904));
#4619=CARTESIAN_POINT('',(-0.00727256147729362,-0.0142370265665349,0.0108904));
#4620=CARTESIAN_POINT('',(-0.0875092028373827,-0.0435685475387557,0.0108904));
#4621=CARTESIAN_POINT('',(-0.0786040683698802,-0.0517466779723498,0.0023904));
#4622=CARTESIAN_POINT('',(-0.0786040683698802,-0.0517466779723498,0.00154864532797445));
#4623=CARTESIAN_POINT('',(-0.0792050538404831,-0.0524327266459278,-6.6472494084097E-6));
#4624=CARTESIAN_POINT('',(-0.0804992011492225,-0.0534553267982953,-0.000609599999999978));
#4625=CARTESIAN_POINT('',(-0.0812162989439108,-0.0538924323628278,-0.0006096));
#4626=CARTESIAN_POINT('',(-0.0962378740995332,-0.0352023336238187,0.0108904));
#4627=CARTESIAN_POINT('',(-0.0962378740995332,-0.0352023336238187,0.0108904));
#4628=CARTESIAN_POINT('',(-0.0875092028373827,-0.0435685475387557,0.0108904));
#4629=CARTESIAN_POINT('',(-0.102559080150355,-0.0271515720238692,0.0108904));
#4630=CARTESIAN_POINT('',(-0.105773608815256,-0.0174335879871107,0.0108904));
#4631=CARTESIAN_POINT('',(-0.105773608815256,-0.0174335879871107,0.0108904));
#4632=CARTESIAN_POINT('',(-0.102559080150355,-0.0271515720238692,0.0108904));
#4633=CARTESIAN_POINT('',(-0.104981660793577,-0.0171716262873207,0.0108904));
#4634=CARTESIAN_POINT('',(-0.104189712771897,-0.0169096645875307,0.0108904));
#4635=CARTESIAN_POINT('',(-0.104189712771897,-0.0169096645875307,0.0108904));
#4636=CARTESIAN_POINT('',(-0.104981660793577,-0.0171716262873207,0.0108904));
#4637=CARTESIAN_POINT('',(-0.104189712771897,-0.00846201357027786,0.0108904));
#4638=CARTESIAN_POINT('',(-0.104189712771897,-1.43625530250029E-5,0.0108904));
#4639=CARTESIAN_POINT('',(-0.104189712771897,-1.43625530250029E-5,0.0108904));
#4640=CARTESIAN_POINT('',(-0.104189712771897,-0.00846201357027786,0.0108904));
#4641=CARTESIAN_POINT('',(-0.102920874557511,-1.43625530250073E-5,0.0108904));
#4642=CARTESIAN_POINT('',(-0.101652036343124,-1.43625530250116E-5,0.0108904));
#4643=CARTESIAN_POINT('',(-0.101652036343124,-1.43625530250116E-5,0.0108904));
#4644=CARTESIAN_POINT('',(-0.102920874557511,-1.43625530250073E-5,0.0108904));
#4645=CARTESIAN_POINT('',(-0.101652036343124,0.00979600946127113,0.0108904));
#4646=CARTESIAN_POINT('',(-0.101652036343124,0.0196063814755673,0.0108904));
#4647=CARTESIAN_POINT('',(-0.101652036343124,0.0196063814755673,0.0108904));
#4648=CARTESIAN_POINT('',(-0.101652036343124,0.00979600946127113,0.0108904));
#4649=CARTESIAN_POINT('',(-0.10064629541293,0.0196063814755673,0.0108904));
#4650=CARTESIAN_POINT('',(-0.0996405544827357,0.0196063814755673,0.0108904));
#4651=CARTESIAN_POINT('',(-0.0996405544827357,0.0196063814755673,0.0108904));
#4652=CARTESIAN_POINT('',(-0.10064629541293,0.0196063814755673,0.0108904));
#4653=CARTESIAN_POINT('',(-0.10064629541293,0.0203417731496727,0.0108904));
#4654=CARTESIAN_POINT('',(-0.101652036343124,0.0210771648237781,0.0108904));
#4655=CARTESIAN_POINT('',(-0.101652036343124,0.0210771648237781,0.0108904));
#4656=CARTESIAN_POINT('',(-0.10064629541293,0.0203417731496727,0.0108904));
#4657=CARTESIAN_POINT('',(-0.0958641384911884,0.0289928456431957,0.0108904));
#4658=CARTESIAN_POINT('',(-0.090228078492955,0.0370173451338694,0.0108904));
#4659=CARTESIAN_POINT('',(-0.090228078492955,0.0370173451338694,0.0108904));
#4660=CARTESIAN_POINT('',(-0.0958641384911884,0.0289928456431957,0.0108904));
#4661=CARTESIAN_POINT('',(-0.0892767526218081,0.0363892244111987,0.0108904));
#4662=CARTESIAN_POINT('',(-0.0883254267506615,0.0357611036885282,0.0108904));
#4663=CARTESIAN_POINT('',(-0.0883254267506615,0.0357611036885282,0.0108904));
#4664=CARTESIAN_POINT('',(-0.0892767526218081,0.0363892244111987,0.0108904));
#4665=CARTESIAN_POINT('',(-0.0828456446020446,0.0436395995707012,0.0108904));
#4666=CARTESIAN_POINT('',(-0.0795854270893117,0.0526656558264192,-0.0006096));
#4667=CARTESIAN_POINT('',(-0.0788270580961091,0.0523917324425287,-0.000609599999999991));
#4668=CARTESIAN_POINT('',(-0.0774394855769219,0.0516385007890922,3.96207360476118E-5));
#4669=CARTESIAN_POINT('',(-0.0768705337574377,0.0511493772076474,0.00158358270474514));
#4670=CARTESIAN_POINT('',(-0.0768705337574377,0.0511493772076474,0.0023904));
#4671=CARTESIAN_POINT('',(-0.0828456446020446,0.0436395995707012,0.0108904));
#4672=CARTESIAN_POINT('',(-0.0424774148169839,-0.0344369657976595,0.0108904));
#4673=CARTESIAN_POINT('',(-0.0424774148169839,-0.0344369657976595,0.00324));
#4674=CARTESIAN_POINT('',(-0.051958535219599,-0.0394245552980603,0.00324));
#4675=CARTESIAN_POINT('',(-0.051958535219599,-0.0394245552980603,0.0108904));
#4676=CARTESIAN_POINT('',(-0.051958535219599,-0.0394245552980603,0.00824));
#4677=CARTESIAN_POINT('',(-0.0424774148169839,-0.0344369657976595,0.00824));
#4678=CARTESIAN_POINT('',(-0.0391258412358497,-0.0326738542145101,0.00824));
#4679=CARTESIAN_POINT('',(-0.0391258412358497,-0.0326738542145101,0.0108904));
#4680=CARTESIAN_POINT('',(-0.0313246850747043,-0.028570018074049,0.0108904));
#4681=CARTESIAN_POINT('',(-0.0313246850747043,-0.028570018074049,0.00524));
#4682=CARTESIAN_POINT('',(-0.0424774148169839,-0.0344369657976595,0.00524));
#4683=CARTESIAN_POINT('',(-0.0229170579819031,-0.0241471449503437,0.00524));
#4684=CARTESIAN_POINT('',(-0.0229170579819031,-0.0241471449503437,0.0108904));
#4685=CARTESIAN_POINT('',(-0.0229170579819031,-0.0241471449503437,0.00324));
#4686=CARTESIAN_POINT('',(-0.0424774148169839,-0.0344369657976595,0.00324));
#4687=CARTESIAN_POINT('',(-0.015795703155495,-0.0204009216083192,0.0108904));
#4688=CARTESIAN_POINT('',(-0.015795703155495,-0.0204009216083192,0.00524));
#4689=CARTESIAN_POINT('',(-0.0424774148169839,-0.0344369657976595,0.00524));
#4690=CARTESIAN_POINT('',(-0.008112841775335,-0.0163593150127368,0.00524));
#4691=CARTESIAN_POINT('',(-0.008112841775335,-0.0163593150127368,0.0108904));
#4692=CARTESIAN_POINT('',(-0.00727256147729362,-0.0159172814751447,0.0108904));
#4693=CARTESIAN_POINT('',(-0.00727256147729362,-0.0159172814751447,0.0108904));
#4694=CARTESIAN_POINT('',(-0.0424774148169839,-0.0344369657976595,0.0108904));
#4695=CARTESIAN_POINT('',(-0.0776822681566741,-0.0529566501201744,0.0108904));
#4696=CARTESIAN_POINT('',(-0.0776822681566741,-0.0529566501201744,0.0108904));
#4697=CARTESIAN_POINT('',(4.33680868994202E-18,1.71191937837355E-18,0.0108904));
#4698=CARTESIAN_POINT('',(0.0168124234008522,-0.00485720283604429,0.0108904));
#4699=CARTESIAN_POINT('',(0.0168124234008522,-0.00485720283604429,0.00527500544508468));
#4700=CARTESIAN_POINT('',(4.33680868994202E-18,1.71191937837355E-18,0.00527500544508468));
#4701=CARTESIAN_POINT('',(0.0168044719153437,0.00488464160880051,0.00527500544508468));
#4702=CARTESIAN_POINT('',(0.0168044719153437,0.00488464160880051,0.0108904));
#4703=CARTESIAN_POINT('',(4.33680868994202E-18,1.71191937837355E-18,0.0108904));
#4704=CARTESIAN_POINT('',(-0.0829036745646192,0.043629738591564,0.0108904));
#4705=CARTESIAN_POINT('',(-0.09350336082244,0.0401518650503717,0.0108904));
#4706=CARTESIAN_POINT('',(-0.09350336082244,0.0401518650503717,0.0108904));
#4707=CARTESIAN_POINT('',(-0.0829036745646192,0.043629738591564,0.0108904));
#4708=CARTESIAN_POINT('',(-0.0958641384914329,0.0289928456434487,0.0108904));
#4709=CARTESIAN_POINT('',(-0.103970062294597,0.020968446312421,0.0108904));
#4710=CARTESIAN_POINT('',(-0.103970062294597,0.020968446312421,0.0108904));
#4711=CARTESIAN_POINT('',(-0.0958641384914329,0.0289928456434487,0.0108904));
#4712=CARTESIAN_POINT('',(-0.101652036343124,0.00979600946127113,0.0108904));
#4713=CARTESIAN_POINT('',(-0.108363075143982,0.00056787055258444,0.0108904));
#4714=CARTESIAN_POINT('',(-0.108363075143982,0.00056787055258444,0.0108904));
#4715=CARTESIAN_POINT('',(-0.101652036343124,0.00979600946127113,0.0108904));
#4716=CARTESIAN_POINT('',(-0.104189712771897,-0.00846201357027786,0.0108904));
#4717=CARTESIAN_POINT('',(-0.108855326063212,-0.017247673100271,0.0108904));
#4718=CARTESIAN_POINT('',(-0.108855326063212,-0.017247673100271,0.0108904));
#4719=CARTESIAN_POINT('',(-0.104189712771897,-0.00846201357027786,0.0108904));
#4720=CARTESIAN_POINT('',(-0.102559080150355,-0.0271515720238692,0.0108904));
#4721=CARTESIAN_POINT('',(-0.10017580518861,-0.0386428699027312,0.0108904));
#4722=CARTESIAN_POINT('',(-0.10017580518861,-0.0386428699027312,0.0108904));
#4723=CARTESIAN_POINT('',(-0.102559080150355,-0.0271515720238692,0.0108904));
#4724=CARTESIAN_POINT('',(-0.0875092028373828,-0.0435685475387557,0.0108904));
#4725=CARTESIAN_POINT('',(-0.0875092028373828,-0.0435685475387557,0.0108904));
#4726=CARTESIAN_POINT('',(-0.00728813738526452,0.0142436914922679,0.0108904));
#4727=CARTESIAN_POINT('',(-0.00728813738526452,0.0142436914922679,0.0108904));
#4728=CARTESIAN_POINT('',(-0.048397459776486,-0.0011868829263225,0.0108904));
#4729=CARTESIAN_POINT('',(-0.06374129491535,0.03304956433358,-0.0026096));
#4730=CARTESIAN_POINT('',(-0.06374129491535,0.03304956433358,-0.0016096));
#4731=CARTESIAN_POINT('',(-0.06204129491535,0.03304956433358,-0.0016096));
#4732=CARTESIAN_POINT('',(-0.06049129491535,0.03304956433358,-0.0016096));
#4733=CARTESIAN_POINT('',(-0.06374129491535,0.03304956433358,-0.0016096));
#4734=CARTESIAN_POINT('',(-0.06049129491535,0.03304956433358,-0.0016096));
#4735=CARTESIAN_POINT('',(-0.06374129491535,0.03304956433358,-0.0026096));
#4736=CARTESIAN_POINT('',(-0.06374129491535,-0.032736567238679,-0.0026096));
#4737=CARTESIAN_POINT('',(-0.06374129491535,-0.032736567238679,-0.0016096));
#4738=CARTESIAN_POINT('',(-0.06204129491535,-0.032736567238679,-0.0016096));
#4739=CARTESIAN_POINT('',(-0.06049129491535,-0.032736567238679,-0.0016096));
#4740=CARTESIAN_POINT('',(-0.06374129491535,-0.032736567238679,-0.0016096));
#4741=CARTESIAN_POINT('',(-0.06049129491535,-0.032736567238679,-0.0016096));
#4742=CARTESIAN_POINT('',(-0.06374129491535,-0.032736567238679,-0.0026096));
#4743=CARTESIAN_POINT('',(-0.00359144723244994,-0.00891129223263499,-0.0026096));
#4744=CARTESIAN_POINT('',(-0.00359144723244994,-0.00891129223263499,-0.0016096));
#4745=CARTESIAN_POINT('',(-0.00134144723244994,-0.00891129223263499,-0.0016096));
#4746=CARTESIAN_POINT('',(0.000658552767550062,-0.00891129223263499,-0.0016096));
#4747=CARTESIAN_POINT('',(-0.00359144723244994,-0.00891129223263499,-0.0016096));
#4748=CARTESIAN_POINT('',(0.00065855276755006,-0.00891129223263499,-0.0016096));
#4749=CARTESIAN_POINT('',(-0.00359144723244994,-0.00891129223263499,-0.0026096));
#4750=CARTESIAN_POINT('',(-0.00359139009304995,0.008811782927122,-0.0026096));
#4751=CARTESIAN_POINT('',(-0.00359139009304995,0.008811782927122,-0.0016096));
#4752=CARTESIAN_POINT('',(-0.00134139009304995,0.008811782927122,-0.0016096));
#4753=CARTESIAN_POINT('',(0.000658609906950051,0.008811782927122,-0.0016096));
#4754=CARTESIAN_POINT('',(-0.00359139009304995,0.008811782927122,-0.0016096));
#4755=CARTESIAN_POINT('',(0.00065860990695005,0.008811782927122,-0.0016096));
#4756=CARTESIAN_POINT('',(-0.00359139009304995,0.008811782927122,-0.0026096));
#4757=CARTESIAN_POINT('',(-0.0142665095079733,0.00975831609926415,-0.0004596));
#4758=CARTESIAN_POINT('',(-0.0129420847546484,0.00905410696639405,-0.0004596));
#4759=CARTESIAN_POINT('',(-0.0155909342612991,0.0104625252321324,-0.0004596));
#4760=CARTESIAN_POINT('',(-0.0148867257246601,0.011786948864112,-0.0004596));
#4761=CARTESIAN_POINT('',(-0.014182517188021,0.0131113724960917,-0.0004596));
#4762=CARTESIAN_POINT('',(-0.0128580924346956,0.0124071633632231,-0.0004596));
#4763=CARTESIAN_POINT('',(-0.0115336676813705,0.011702954230354,-0.0004596));
#4764=CARTESIAN_POINT('',(-0.0122378762180096,0.0103785305983738,-0.0004596));
#4765=CARTESIAN_POINT('',(-0.0674017015467823,-0.0440048442243727,0.0053904));
#4766=CARTESIAN_POINT('',(-0.0704073086380959,-0.0437371842563153,0.0053904));
#4767=CARTESIAN_POINT('',(-0.0704073086380959,-0.0437371842563153,0.0053904));
#4768=CARTESIAN_POINT('',(-0.0674017015467823,-0.0440048442243727,0.0053904));
#4769=CARTESIAN_POINT('',(-0.0712571889162064,-0.0429612062871456,0.0053904));
#4770=CARTESIAN_POINT('',(-0.0721070691943169,-0.042185228317976,0.0053904));
#4771=CARTESIAN_POINT('',(-0.0721070691943169,-0.042185228317976,0.0053904));
#4772=CARTESIAN_POINT('',(-0.0712571889162064,-0.0429612062871456,0.0053904));
#4773=CARTESIAN_POINT('',(-0.0710351542500815,-0.0399058813197561,0.0053904));
#4774=CARTESIAN_POINT('',(-0.0699632393058462,-0.0376265343215362,0.0053904));
#4775=CARTESIAN_POINT('',(-0.0699632393058462,-0.0376265343215362,0.0053904));
#4776=CARTESIAN_POINT('',(-0.0710351542500815,-0.0399058813197561,0.0053904));
#4777=CARTESIAN_POINT('',(-0.0714545884963198,-0.0359229125019209,0.0053904));
#4778=CARTESIAN_POINT('',(-0.0729459376867933,-0.0342192906823054,0.0053904));
#4779=CARTESIAN_POINT('',(-0.0729459376867933,-0.0342192906823054,0.0053904));
#4780=CARTESIAN_POINT('',(-0.0714545884963198,-0.0359229125019209,0.0053904));
#4781=CARTESIAN_POINT('',(-0.0716788621481581,-0.0321645732905761,0.0053904));
#4782=CARTESIAN_POINT('',(-0.0704117866095228,-0.0301098558988468,0.0053904));
#4783=CARTESIAN_POINT('',(-0.0704117866095228,-0.0301098558988468,0.0053904));
#4784=CARTESIAN_POINT('',(-0.0716788621481581,-0.0321645732905761,0.0053904));
#4785=CARTESIAN_POINT('',(-0.0722325258819423,-0.0280146708680339,0.0053904));
#4786=CARTESIAN_POINT('',(-0.0740532651543617,-0.0259194858372211,0.0053904));
#4787=CARTESIAN_POINT('',(-0.0740532651543617,-0.0259194858372211,0.0053904));
#4788=CARTESIAN_POINT('',(-0.0722325258819423,-0.0280146708680339,0.0053904));
#4789=CARTESIAN_POINT('',(-0.0729916617274284,-0.0236250525340438,0.0053904));
#4790=CARTESIAN_POINT('',(-0.0719300583004951,-0.0213306192308664,0.0053904));
#4791=CARTESIAN_POINT('',(-0.0719300583004951,-0.0213306192308664,0.0053904));
#4792=CARTESIAN_POINT('',(-0.0729916617274284,-0.0236250525340438,0.0053904));
#4793=CARTESIAN_POINT('',(-0.0733921751379967,-0.0196483470499515,0.0053904));
#4794=CARTESIAN_POINT('',(-0.0748542919754982,-0.0179660748690367,0.0053904));
#4795=CARTESIAN_POINT('',(-0.0748542919754982,-0.0179660748690367,0.0053904));
#4796=CARTESIAN_POINT('',(-0.0733921751379967,-0.0196483470499515,0.0053904));
#4797=CARTESIAN_POINT('',(-0.0738425925374031,-0.0154102011583745,0.0053904));
#4798=CARTESIAN_POINT('',(-0.072830893099308,-0.0128543274477124,0.0053904));
#4799=CARTESIAN_POINT('',(-0.072830893099308,-0.0128543274477124,0.0053904));
#4800=CARTESIAN_POINT('',(-0.0738425925374031,-0.0154102011583745,0.0053904));
#4801=CARTESIAN_POINT('',(-0.0746740028262138,-0.00976597983390093,0.0053904));
#4802=CARTESIAN_POINT('',(-0.0765171125531197,-0.00667763222008944,0.0053904));
#4803=CARTESIAN_POINT('',(-0.0765171125531197,-0.00667763222008944,0.0053904));
#4804=CARTESIAN_POINT('',(-0.0746740028262138,-0.00976597983390093,0.0053904));
#4805=CARTESIAN_POINT('',(-0.0747134332751607,-0.00333881611004473,0.0053904));
#4806=CARTESIAN_POINT('',(-0.0729097539972018,-4.33680868994202E-18,0.0053904));
#4807=CARTESIAN_POINT('',(-0.0729097539972018,-4.33680868994202E-18,0.0053904));
#4808=CARTESIAN_POINT('',(-0.0747134332751607,-0.00333881611004473,0.0053904));
#4809=CARTESIAN_POINT('',(-0.0747134332751607,0.00346861639991403,0.0053904));
#4810=CARTESIAN_POINT('',(-0.0765171125531197,0.00693723279982806,0.0053904));
#4811=CARTESIAN_POINT('',(-0.0765171125531197,0.00693723279982806,0.0053904));
#4812=CARTESIAN_POINT('',(-0.0747134332751607,0.00346861639991403,0.0053904));
#4813=CARTESIAN_POINT('',(-0.0745286531746388,0.0100473877973854,0.0053904));
#4814=CARTESIAN_POINT('',(-0.0725401937961578,0.0131575427949429,0.0053904));
#4815=CARTESIAN_POINT('',(-0.0725401937961578,0.0131575427949429,0.0053904));
#4816=CARTESIAN_POINT('',(-0.0745286531746388,0.0100473877973854,0.0053904));
#4817=CARTESIAN_POINT('',(-0.0734834372997284,0.0156431179493666,0.0053904));
#4818=CARTESIAN_POINT('',(-0.074426680803299,0.0181286931037903,0.0053904));
#4819=CARTESIAN_POINT('',(-0.074426680803299,0.0181286931037903,0.0053904));
#4820=CARTESIAN_POINT('',(-0.0734834372997284,0.0156431179493666,0.0053904));
#4821=CARTESIAN_POINT('',(-0.0730015709996223,0.0197735968977213,0.0053904));
#4822=CARTESIAN_POINT('',(-0.0715764611959458,0.0214185006916523,0.0053904));
#4823=CARTESIAN_POINT('',(-0.0715764611959458,0.0214185006916523,0.0053904));
#4824=CARTESIAN_POINT('',(-0.0730015709996223,0.0197735968977213,0.0053904));
#4825=CARTESIAN_POINT('',(-0.0727052949368954,0.0235893363133073,0.0053904));
#4826=CARTESIAN_POINT('',(-0.073834128677845,0.0257601719349623,0.0053904));
#4827=CARTESIAN_POINT('',(-0.073834128677845,0.0257601719349623,0.0053904));
#4828=CARTESIAN_POINT('',(-0.0727052949368954,0.0235893363133073,0.0053904));
#4829=CARTESIAN_POINT('',(-0.0722277127206326,0.028104673139751,0.0053904));
#4830=CARTESIAN_POINT('',(-0.0706212967634201,0.0304491743445396,0.0053904));
#4831=CARTESIAN_POINT('',(-0.0706212967634201,0.0304491743445396,0.0053904));
#4832=CARTESIAN_POINT('',(-0.0722277127206326,0.028104673139751,0.0053904));
#4833=CARTESIAN_POINT('',(-0.0718586705625057,0.0324897598475218,0.0053904));
#4834=CARTESIAN_POINT('',(-0.0730960443615913,0.0345303453505039,0.0053904));
#4835=CARTESIAN_POINT('',(-0.0730960443615913,0.0345303453505039,0.0053904));
#4836=CARTESIAN_POINT('',(-0.0718586705625057,0.0324897598475218,0.0053904));
#4837=CARTESIAN_POINT('',(-0.0711640007793903,0.0362453050911426,0.0053904));
#4838=CARTESIAN_POINT('',(-0.0692319571971893,0.0379602648317813,0.0053904));
#4839=CARTESIAN_POINT('',(-0.0692319571971893,0.0379602648317813,0.0053904));
#4840=CARTESIAN_POINT('',(-0.0711640007793903,0.0362453050911426,0.0053904));
#4841=CARTESIAN_POINT('',(-0.0703173764050007,0.0390239730477333,0.0053904));
#4842=CARTESIAN_POINT('',(-0.071402795612812,0.0400876812636852,0.0053904));
#4843=CARTESIAN_POINT('',(-0.071402795612812,0.0400876812636852,0.0053904));
#4844=CARTESIAN_POINT('',(-0.0703173764050007,0.0390239730477333,0.0053904));
#4845=CARTESIAN_POINT('',(-0.071402795612812,0.0409125983715057,0.0053904));
#4846=CARTESIAN_POINT('',(-0.071402795612812,0.0417375154793262,0.0053904));
#4847=CARTESIAN_POINT('',(-0.071402795612812,0.0417375154793262,0.0053904));
#4848=CARTESIAN_POINT('',(-0.071402795612812,0.0409125983715057,0.0053904));
#4849=CARTESIAN_POINT('',(-0.0688799673521231,0.0436541293501471,0.0053904));
#4850=CARTESIAN_POINT('',(-0.0688799673521231,0.0436541293501471,0.0053904));
#4851=CARTESIAN_POINT('',(-0.0600337405151328,-0.00121138335360147,0.0053904));
#4852=CARTESIAN_POINT('',(-0.0852139294021967,0.00503168842811362,0.0053904));
#4853=CARTESIAN_POINT('',(-0.0864781578994016,-6.73258823197524E-5,0.0053904));
#4854=CARTESIAN_POINT('',(-0.0851120169303067,-0.00652048356735906,0.0053904));
#4855=CARTESIAN_POINT('',(0.00899752607750326,0.0048679718747735,0.0108904));
#4856=CARTESIAN_POINT('',(0.00899752607750326,0.0048679718747735,0.0012251904287652));
#4857=CARTESIAN_POINT('',(0.00979208294302225,0.0048679718747735,0.0012251904287652));
#4858=CARTESIAN_POINT('',(0.00979208294302225,0.0048679718747735,0.0108904));
#4859=CARTESIAN_POINT('',(0.00979208294302225,9.73583664745092E-5,0.0108904));
#4860=CARTESIAN_POINT('',(0.00979208294302225,9.73583664745092E-5,0.0012251904287652));
#4861=CARTESIAN_POINT('',(0.00979208294302225,-0.00467325514182448,0.0012251904287652));
#4862=CARTESIAN_POINT('',(0.00979208294302225,-0.00467325514182448,0.0108904));
#4863=CARTESIAN_POINT('',(0.00899752607750326,-0.00467325514182448,0.0108904));
#4864=CARTESIAN_POINT('',(0.00899752607750326,-0.00467325514182448,0.0012251904287652));
#4865=CARTESIAN_POINT('',(-0.0429429804089528,-0.03355195241947,0.0003904));
#4866=CARTESIAN_POINT('',(-0.00718171059139705,-0.0181293417691161,0.000390400000000006));
#4867=CARTESIAN_POINT('',(-0.00718171059139705,-0.0181293417691161,-0.000447625249448952));
#4868=CARTESIAN_POINT('',(-0.00722929012606386,-0.0173137576039919,-0.00204872802035343));
#4869=CARTESIAN_POINT('',(-0.00728467826640346,-0.015625041855916,-0.0026096));
#4870=CARTESIAN_POINT('',(-0.00729559246728724,-0.0147994706172641,-0.0026096));
#4871=CARTESIAN_POINT('',(-0.0764720657841151,-0.0545798701204822,0.000390400000000006));
#4872=CARTESIAN_POINT('',(-0.0764720657841151,-0.0545798701204822,-0.000407153830619205));
#4873=CARTESIAN_POINT('',(-0.0768655340956837,-0.0540435482741048,-0.00196636121532757));
#4874=CARTESIAN_POINT('',(-0.0778179040641888,-0.0527738617837416,-0.00260959999999998));
#4875=CARTESIAN_POINT('',(-0.0782952942762997,-0.0521492090697511,-0.0026096));
#4876=CARTESIAN_POINT('',(-0.0875092028373828,-0.0435685475387557,0.0003904));
#4877=CARTESIAN_POINT('',(-0.102866956979486,-0.0408839605980601,0.000390400000000006));
#4878=CARTESIAN_POINT('',(-0.102866956979486,-0.0408839605980602,-0.000240411400549226));
#4879=CARTESIAN_POINT('',(-0.102363000868642,-0.0404706014405636,-0.00140676876905171));
#4880=CARTESIAN_POINT('',(-0.101048119622841,-0.0393799513093885,-0.00225121229126558));
#4881=CARTESIAN_POINT('',(-0.0996442907901437,-0.0381956537816954,-0.00257737649397963));
#4882=CARTESIAN_POINT('',(-0.0987050277837858,-0.0373866275498161,-0.0026096));
#4883=CARTESIAN_POINT('',(-0.0982380075424302,-0.0369794191531151,-0.0026096));
#4884=CARTESIAN_POINT('',(4.33680868994202E-18,1.71191937837355E-18,0.0003904));
#4885=CARTESIAN_POINT('',(0.0185051038258048,0.00614327207891101,0.000285649633616938));
#4886=CARTESIAN_POINT('',(0.018499746743539,0.00616328060571616,0.000320563684329264));
#4887=CARTESIAN_POINT('',(0.0184937721652178,0.00618310759237625,0.000355481620093181));
#4888=CARTESIAN_POINT('',(0.0184871884361716,0.00620273034441135,0.000390399999999978));
#4889=CARTESIAN_POINT('',(0.0185051038258048,0.00614327207891101,0.000285649633616938));
#4890=CARTESIAN_POINT('',(4.33680868994202E-18,1.71191937837355E-18,0.000285649633682074));
#4891=CARTESIAN_POINT('',(0.0185146894031495,-0.00611432218191392,0.000285649633616921));
#4892=CARTESIAN_POINT('',(0.0185146894031495,-0.00611432218191392,0.000285649633616921));
#4893=CARTESIAN_POINT('',(0.0185093636212053,-0.00613433906283971,0.00032056368432925));
#4894=CARTESIAN_POINT('',(0.018503420060028,-0.00615417536961995,0.000355481620093003));
#4895=CARTESIAN_POINT('',(0.0184968670294437,-0.00617380839474938,0.000390399999999978));
#4896=CARTESIAN_POINT('',(-0.00717755385376434,0.0181309878571553,0.000390400000000006));
#4897=CARTESIAN_POINT('',(-0.00717755385376434,0.0181309878571553,-0.000448023265864059));
#4898=CARTESIAN_POINT('',(-0.00722678292923025,0.0173139694919761,-0.00204947982010598));
#4899=CARTESIAN_POINT('',(-0.00728523514463838,0.0156244327012515,-0.0026096));
#4900=CARTESIAN_POINT('',(-0.00729757371564342,0.0147984937701359,-0.0026096));
#4901=CARTESIAN_POINT('',(-0.102559080150355,-0.0271515720238692,0.0003904));
#4902=CARTESIAN_POINT('',(-0.112178263407676,-0.01734623686608,0.0003904));
#4903=CARTESIAN_POINT('',(-0.112178263407676,-0.01734623686608,-0.000218672662441656));
#4904=CARTESIAN_POINT('',(-0.111599280526746,-0.0173341930685048,-0.00136494336636795));
#4905=CARTESIAN_POINT('',(-0.109975856850132,-0.0172903493994944,-0.00224343610536658));
#4906=CARTESIAN_POINT('',(-0.108203557641796,-0.0172246349441591,-0.00257823813760255));
#4907=CARTESIAN_POINT('',(-0.107007131964476,-0.0171646551420248,-0.0026096));
#4908=CARTESIAN_POINT('',(-0.106409458670701,-0.0171299537449265,-0.0026096));
#4909=CARTESIAN_POINT('',(-0.0327491479249362,0.0283036480432442,0.0003904));
#4910=CARTESIAN_POINT('',(-0.0748802877510251,0.0540555188301693,0.0003904));
#4911=CARTESIAN_POINT('',(-0.0748802877510251,0.0540555188301693,-0.000403573666846016));
#4912=CARTESIAN_POINT('',(-0.0752323695974702,0.0535064693730363,-0.00195836065308089));
#4913=CARTESIAN_POINT('',(-0.0760930108856726,0.05218484847585,-0.0026096));
#4914=CARTESIAN_POINT('',(-0.0765242105857468,0.0515316405315585,-0.0026096));
#4915=CARTESIAN_POINT('',(-0.104189712771897,-0.00846201357027786,0.0003904));
#4916=CARTESIAN_POINT('',(-0.111656095249172,0.000865338547719672,0.0003904));
#4917=CARTESIAN_POINT('',(-0.111656095249172,0.000865338547719672,-0.000215983556384852));
#4918=CARTESIAN_POINT('',(-0.111086855398103,0.000818144093154563,-0.00135909090917768));
#4919=CARTESIAN_POINT('',(-0.109479722643661,0.000676599887222054,-0.00224136384622149));
#4920=CARTESIAN_POINT('',(-0.107722378158187,0.000506982037449956,-0.00257800103337374));
#4921=CARTESIAN_POINT('',(-0.10653687114588,0.000379505670796142,-0.0026096));
#4922=CARTESIAN_POINT('',(-0.1059446502121,0.000311848367746967,-0.0026096));
#4923=CARTESIAN_POINT('',(-0.0829036745646192,0.043629738591564,0.0003904));
#4924=CARTESIAN_POINT('',(-0.0960015680421535,0.0423981477522763,0.0003904));
#4925=CARTESIAN_POINT('',(-0.0960015680421535,0.0423981477522763,-0.000221118819462015));
#4926=CARTESIAN_POINT('',(-0.095562994931674,0.0420028762709772,-0.00136837714655717));
#4927=CARTESIAN_POINT('',(-0.094348330340713,0.0409099473981388,-0.00224074640682878));
#4928=CARTESIAN_POINT('',(-0.093023489149195,0.0397210271101147,-0.00257677061882435));
#4929=CARTESIAN_POINT('',(-0.0921291543369824,0.0389211402205374,-0.0026096));
#4930=CARTESIAN_POINT('',(-0.0916807922017517,0.0385209402092676,-0.0026096));
#4931=CARTESIAN_POINT('',(-0.101652036343124,0.00979600946127113,0.0003904));
#4932=CARTESIAN_POINT('',(-0.10728186001394,0.0219674170625856,0.0003904));
#4933=CARTESIAN_POINT('',(-0.10728186001394,0.0219674170625856,-0.000245727360716787));
#4934=CARTESIAN_POINT('',(-0.106658205680379,0.0217792838278604,-0.0014257176941047));
#4935=CARTESIAN_POINT('',(-0.105003531863207,0.021280158373073,-0.00227267528782476));
#4936=CARTESIAN_POINT('',(-0.103227779675076,0.0207445569034936,-0.00258372765860893));
#4937=CARTESIAN_POINT('',(-0.102034219023392,0.0203845952413286,-0.0026096));
#4938=CARTESIAN_POINT('',(-0.101435812433878,0.0202041357430334,-0.0026096));
#4939=CARTESIAN_POINT('',(-0.0958641384914329,0.0289928456434487,0.0003904));
#4940=CARTESIAN_POINT('',(-0.0811450115798413,-0.0252591874369238,0.0023904));
#4941=CARTESIAN_POINT('',(-0.0864781578994016,-6.7325882319837E-5,0.0023904));
#4942=CARTESIAN_POINT('',(-0.0895558595657349,-1.43625530250255E-5,0.0023904));
#4943=CARTESIAN_POINT('',(-0.0840799639678075,-0.0258805202626874,0.0023904));
#4944=CARTESIAN_POINT('',(-0.0803013604379334,0.0248455587095944,0.0023904));
#4945=CARTESIAN_POINT('',(-0.0832131966615863,0.0255675073273112,0.0023904));
#4946=CARTESIAN_POINT('',(-0.0904877483985228,-0.0100974458621854,0.0023904));
#4947=CARTESIAN_POINT('',(-0.0926335612320682,3.86007762696785E-5,0.0023904));
#4948=CARTESIAN_POINT('',(-0.0903579964787051,0.0092166388187358,0.0023904));
#4949=CARTESIAN_POINT('',(-0.0421781793390551,0.0291182744671177,0.0060398875385801));
#4950=CARTESIAN_POINT('',(-0.039506462601362,0.0341533444441419,0.0060398875385801));
#4951=CARTESIAN_POINT('',(-0.039506462601362,0.0341533444441418,0.00243957968501953));
#4952=CARTESIAN_POINT('',(-0.0409595015288793,0.0314149730531287,0.00243957968501953));
#4953=CARTESIAN_POINT('',(-0.0421781793390551,0.0291182744671177,0.00883977507716021));
#4954=CARTESIAN_POINT('',(-0.0557012717372483,0.0362939189905285,0.00603988753858011));
#4955=CARTESIAN_POINT('',(-0.0557012717372483,0.0362939189905285,0.00883977507716021));
#4956=CARTESIAN_POINT('',(-0.0489397255381517,0.0327060967288231,0.00883977507716021));
#4957=CARTESIAN_POINT('',(-0.0126161339114261,-0.0162424556144495,0.00524));
#4958=CARTESIAN_POINT('',(-0.00746061119312989,-0.0154512427316731,0.00524));
#4959=CARTESIAN_POINT('',(-0.00834562457131949,-0.015916808323642,0.00524));
#4960=CARTESIAN_POINT('',(-0.00913708607766675,-0.0144122855807197,0.00524));
#4961=CARTESIAN_POINT('',(-0.0168199474578267,-0.0184538921763021,0.00524));
#4962=CARTESIAN_POINT('',(-0.0168199474578267,-0.0184538921763021,0.00424));
#4963=CARTESIAN_POINT('',(-0.00913708607766675,-0.0144122855807197,0.0239904));
#4964=CARTESIAN_POINT('',(-0.0083456245713195,-0.015916808323642,0.0239904));
#4965=CARTESIAN_POINT('',(-0.0083456245713195,-0.015916808323642,0.00158574721218287));
#4966=CARTESIAN_POINT('',(-0.00917433132502427,-0.0143414845104645,0.00158574721218287));
#4967=CARTESIAN_POINT('',(-0.00764727618336602,-0.0172443283909265,0.00158574721218287));
#4968=CARTESIAN_POINT('',(-0.00764727618336602,-0.0172443283909265,0.000585747212182867));
#4969=CARTESIAN_POINT('',(-0.0281451158306355,-0.0244115520801792,0.00524));
#4970=CARTESIAN_POINT('',(-0.0239413022842349,-0.0222001155183266,0.00524));
#4971=CARTESIAN_POINT('',(-0.0323489293770361,-0.0266229886420319,0.00524));
#4972=CARTESIAN_POINT('',(-0.0323489293770361,-0.0266229886420319,0.00424));
#4973=CARTESIAN_POINT('',(-0.0239413022842349,-0.0222001155183266,0.00424));
#4974=CARTESIAN_POINT('',(-0.0239413022842349,-0.0222001155183266,0.00324));
#4975=CARTESIAN_POINT('',(-0.0465664325300561,-0.0341021753242681,0.00824));
#4976=CARTESIAN_POINT('',(-0.0401500855381815,-0.0307268247824929,0.00824));
#4977=CARTESIAN_POINT('',(-0.0529827795219307,-0.0374775258660432,0.00824));
#4978=CARTESIAN_POINT('',(-0.0529827795219307,-0.0374775258660432,0.00574));
#4979=CARTESIAN_POINT('',(-0.0529827795219307,-0.0374775258660432,0.00324));
#4980=CARTESIAN_POINT('',(-0.0401500855381815,-0.0307268247824929,0.00574));
#4981=CARTESIAN_POINT('',(-0.0544550108691896,0.0385759814110525,0.00283978984250976));
#4982=CARTESIAN_POINT('',(-0.0544550108691896,0.0385759814110525,0.00243957968501953));
#4983=CARTESIAN_POINT('',(-0.0530019719416723,0.0413143528020657,0.00243957968501953));
#4984=CARTESIAN_POINT('',(-0.0530019719416723,0.0413143528020657,0.00283978984250976));
#4985=CARTESIAN_POINT('',(-0.0477072561990345,0.0349954772320906,0.00243957968501953));
#4986=CARTESIAN_POINT('',(-0.0530019719416723,0.0413143528020657,0.00243957968501953));
#4987=CARTESIAN_POINT('',(-0.0435389043666732,-0.0324191352953872,0.00324));
#4988=CARTESIAN_POINT('',(-0.0530495058079718,-0.0374222334395721,0.00324));
#4989=CARTESIAN_POINT('',(-0.0530495058079718,-0.0374222334395721,0.00241287360609143));
#4990=CARTESIAN_POINT('',(-0.0515224506663136,-0.040325077320034,0.00241287360609143));
#4991=CARTESIAN_POINT('',(-0.0515224506663136,-0.040325077320034,0.00158574721218286));
#4992=CARTESIAN_POINT('',(-0.0530495058079718,-0.0374222334395721,0.00158574721218286));
#4993=CARTESIAN_POINT('',(-0.0466407013030616,-0.0340508506597485,0.00158574721218286));
#4994=CARTESIAN_POINT('',(-0.0451136461614033,-0.0369536945402104,0.00158574721218286));
#4995=CARTESIAN_POINT('',(-0.0387048416564931,-0.0335823117603868,0.00158574721218287));
#4996=CARTESIAN_POINT('',(-0.0402318967981513,-0.0306794678799249,0.00158574721218287));
#4997=CARTESIAN_POINT('',(-0.0402318967981513,-0.0306794678799249,0.00241287360609143));
#4998=CARTESIAN_POINT('',(-0.0387048416564931,-0.0335823117603868,0.00324));
#4999=CARTESIAN_POINT('',(-0.0435389043666732,-0.0324191352953872,0.00324));
#5000=CARTESIAN_POINT('',(-0.0239563746479257,-0.022117650294778,0.00324));
#5001=CARTESIAN_POINT('',(-0.0323631840795133,-0.0265400932838251,0.00241287360609144));
#5002=CARTESIAN_POINT('',(-0.030836128937855,-0.029442937164287,0.00241287360609144));
#5003=CARTESIAN_POINT('',(-0.030836128937855,-0.029442937164287,0.00158574721218287));
#5004=CARTESIAN_POINT('',(-0.0323631840795133,-0.0265400932838251,0.00158574721218287));
#5005=CARTESIAN_POINT('',(-0.0281597793637195,-0.0243288717893015,0.00158574721218287));
#5006=CARTESIAN_POINT('',(-0.0266327242220612,-0.0272317156697634,0.00158574721218287));
#5007=CARTESIAN_POINT('',(-0.0224293195062674,-0.0250204941752399,0.00158574721218287));
#5008=CARTESIAN_POINT('',(-0.0239563746479257,-0.022117650294778,0.00158574721218287));
#5009=CARTESIAN_POINT('',(-0.0239563746479257,-0.022117650294778,0.00241287360609144));
#5010=CARTESIAN_POINT('',(-0.0224293195062674,-0.0250204941752399,0.00324));
#5011=CARTESIAN_POINT('',(-0.016838598229527,-0.0183733093916909,0.00241287360609144));
#5012=CARTESIAN_POINT('',(-0.0153115430878688,-0.0212761532721528,0.00241287360609144));
#5013=CARTESIAN_POINT('',(-0.0153115430878688,-0.0212761532721528,0.00158574721218287));
#5014=CARTESIAN_POINT('',(-0.016838598229527,-0.0183733093916909,0.00158574721218287));
#5015=CARTESIAN_POINT('',(-0.0125979947968314,-0.0161425193312206,0.00158574721218287));
#5016=CARTESIAN_POINT('',(-0.0110709396551732,-0.0190453632116825,0.00158574721218287));
#5017=CARTESIAN_POINT('',(-0.00746061119312989,-0.0154512427316731,0.00158574721218287));
#5018=CARTESIAN_POINT('',(-0.0386231169913577,0.0336846222094588,0.0060398875385801));
#5019=CARTESIAN_POINT('',(-0.0386231169913577,0.0336846222094588,0.00143957968501953));
#5020=CARTESIAN_POINT('',(-0.0538853175516765,0.0417830750367487,0.0219904));
#5021=CARTESIAN_POINT('',(-0.0538853175516765,0.0417830750367487,0.00143957968501953));
#5022=CARTESIAN_POINT('',(-0.0462542172715171,0.0377338486231037,0.00143957968501953));
#5023=CARTESIAN_POINT('',(-0.00746061119312989,-0.0154512427316731,0.0108904));
#5024=CARTESIAN_POINT('',(-0.0161965564660583,-0.0217417188641218,0.00241287360609144));
#5025=CARTESIAN_POINT('',(-0.0161965564660583,-0.0217417188641218,0.000585747212182867));
#5026=CARTESIAN_POINT('',(-0.0110709396551732,-0.0190453632116825,0.000585747212182867));
#5027=CARTESIAN_POINT('',(-0.0524074640445032,-0.0407906429120031,0.00241287360609143));
#5028=CARTESIAN_POINT('',(-0.0524074640445032,-0.0407906429120031,0.000585747212182862));
#5029=CARTESIAN_POINT('',(-0.0378198282783034,-0.0331167461684177,0.0219904));
#5030=CARTESIAN_POINT('',(-0.0378198282783034,-0.0331167461684177,0.000585747212182862));
#5031=CARTESIAN_POINT('',(-0.0451136461614033,-0.0369536945402104,0.000585747212182862));
#5032=CARTESIAN_POINT('',(-0.0215443061280778,-0.0245549285832709,0.0219904));
#5033=CARTESIAN_POINT('',(-0.0215443061280778,-0.0245549285832709,0.000585747212182866));
#5034=CARTESIAN_POINT('',(-0.0266327242220612,-0.0272317156697634,0.000585747212182865));
#5035=CARTESIAN_POINT('',(-0.0317211423160446,-0.0299085027562559,0.000585747212182865));
#5036=CARTESIAN_POINT('',(-0.0317211423160446,-0.0299085027562559,0.00241287360609144));
#5037=CARTESIAN_POINT('',(-0.00538,0.00488464160880051,0.00325009793692494));
#5038=CARTESIAN_POINT('',(-0.00538,0.00488464160880051,0.0012251904287652));
#5039=CARTESIAN_POINT('',(0.017539127490727,0.00488464160880051,0.0012251904287652));
#5040=CARTESIAN_POINT('',(0.017539127490727,0.00488464160880051,0.00324));
#5041=CARTESIAN_POINT('',(-0.00538,0.00488464160880051,0.00527500544508468));
#5042=CARTESIAN_POINT('',(-0.00538,1.37193863781141E-5,0.00527500544508468));
#5043=CARTESIAN_POINT('',(-0.00538,-0.00485720283604429,0.00527500544508468));
#5044=CARTESIAN_POINT('',(-0.00538,-0.00485720283604429,0.00325009793692494));
#5045=CARTESIAN_POINT('',(0.0175483097458825,-0.00485720283604429,0.00325009793692494));
#5046=CARTESIAN_POINT('',(0.0175483097458825,-0.00485720283604429,0.0012251904287652));
#5047=CARTESIAN_POINT('',(-0.00538,-0.00485720283604429,0.0012251904287652));
#5048=CARTESIAN_POINT('',(-0.00538,1.37193863781141E-5,0.0012251904287652));
#5049=CARTESIAN_POINT('',(0.0175483097458825,-0.00585720283604429,0.0012251904287652));
#5050=CARTESIAN_POINT('',(0.0178391629662456,-0.00490043515044637,0.0012251904287652));
#5051=CARTESIAN_POINT('',(4.33680868994202E-18,1.71191937837355E-18,0.0012251904287652));
#5052=CARTESIAN_POINT('',(0.0178314767607397,0.00492832999414606,0.0012251904287652));
#5053=CARTESIAN_POINT('',(0.017539127490727,0.00588464160880051,0.0012251904287652));
#5054=CARTESIAN_POINT('',(0.0175483097458825,-0.00585720283604429,0.0219904));
#5055=CARTESIAN_POINT('',(0.0178391629662456,-0.00490043515044637,0.0012251904287652));
#5056=CARTESIAN_POINT('',(0.0181374230134492,-0.00499110490919832,0.00122519042876519));
#5057=CARTESIAN_POINT('',(0.0185607256477562,-0.00543578659017036,0.000926740543596211));
#5058=CARTESIAN_POINT('',(0.0185713945372952,-0.00590119668598662,0.000500077296491047));
#5059=CARTESIAN_POINT('',(0.0185146894031496,-0.0061143221819139,0.000285649633616899));
#5060=CARTESIAN_POINT('',(4.33680868994202E-18,1.71191937837355E-18,0.000225190428765197));
#5061=CARTESIAN_POINT('',(0.0178314767607397,0.00492832999414606,0.0012251904287652));
#5062=CARTESIAN_POINT('',(0.0181295946336797,0.00501946612717656,0.0012251904287652));
#5063=CARTESIAN_POINT('',(0.0185522012584702,0.00546480931875639,0.000926740543596244));
#5064=CARTESIAN_POINT('',(0.0185621422234881,0.00593023553171201,0.000500077296491047));
#5065=CARTESIAN_POINT('',(0.0185051038258048,0.00614327207891098,0.00028564963361691));
#5066=CARTESIAN_POINT('',(0.017539127490727,0.00588464160880051,0.0219904));
#5067=MECHANICAL_DESIGN_GEOMETRIC_PRESENTATION_REPRESENTATION('',(#2903,
#46,#47,#48,#49,#50,#51,#52,#53,#54,#55,#56,#57,#58,#59,#60,#61,#62,#63,
#64,#65,#66,#67,#68,#69,#70,#71,#72,#73,#74,#75,#76,#77,#78,#79),#5068);
#5068=(
GEOMETRIC_REPRESENTATION_CONTEXT(3)
GLOBAL_UNCERTAINTY_ASSIGNED_CONTEXT((#5069))
GLOBAL_UNIT_ASSIGNED_CONTEXT((#5072,#5071,#5070))
REPRESENTATION_CONTEXT('BottomCase','TOP_LEVEL_ASSEMBLY_PART')
);
#5069=UNCERTAINTY_MEASURE_WITH_UNIT(LENGTH_MEASURE(2.E-5),#5072,
'DISTANCE_ACCURACY_VALUE','Maximum Tolerance applied to model');
#5070=(
NAMED_UNIT(*)
SI_UNIT($,.STERADIAN.)
SOLID_ANGLE_UNIT()
);
#5071=(
NAMED_UNIT(*)
PLANE_ANGLE_UNIT()
SI_UNIT($,.RADIAN.)
);
#5072=(
LENGTH_UNIT()
NAMED_UNIT(*)
SI_UNIT($,.METRE.)
);
#5073=PRODUCT_DEFINITION_SHAPE('','',#5074);
#5074=PRODUCT_DEFINITION('','',#5076,#5075);
#5075=PRODUCT_DEFINITION_CONTEXT('',#5082,'design');
#5076=PRODUCT_DEFINITION_FORMATION_WITH_SPECIFIED_SOURCE('','',#5078,
 .NOT_KNOWN.);
#5077=PRODUCT_RELATED_PRODUCT_CATEGORY('','',(#5078));
#5078=PRODUCT('BottomCase','BottomCase','BottomCase',(#5080));
#5079=PRODUCT_CATEGORY('','');
#5080=PRODUCT_CONTEXT('',#5082,'mechanical');
#5081=APPLICATION_PROTOCOL_DEFINITION('international standard',
'ap242_managed_model_based_3d_engineering',2020,#5082);
#5082=APPLICATION_CONTEXT('managed model based 3d engineering');
ENDSEC;
END-ISO-10303-21;
