ISO-10303-21;
HEADER;
/* Generated by software containing ST-Developer
 * from STEP Tools, Inc. (www.steptools.com) 
 */
/* OPTION: using custom renumber hook */

FILE_DESCRIPTION(
/* description */ ('STEP AP242 Edition 2',
'CAx-IF Rec.Pracs.---Representation and Presentation of Product Manufa
cturing Information (PMI)---4.0---2014-10-13',
'CAx-IF Rec.Pracs.---3D Tessellated Geometry---0.4---2014-09-14','2;1',
'CAx-IF Rec.Pracs.---User Defined Attributes---1.5---2016-08-15'),
/* implementation_level */ '2;1');

FILE_NAME(
/* name */ 'Part Studio 1 - TopCase',
/* time_stamp */ '2026-08-13T17:17:45Z',
/* author */ (''),
/* organization */ (''),
/* preprocessor_version */ 'ST-DEVELOPER v20',
/* originating_system */ 'ONSHAPE BY PTC INC, 1.219',
/* authorisation */ '  ');

FILE_SCHEMA (('AP242_MANAGED_MODEL_BASED_3D_ENGINEERING_MIM_LF { 1 0 10303 442 3 1 4 }'));
ENDSEC;

DATA;
#10=SHAPE_REPRESENTATION_RELATIONSHIP('','',#2213,#11);
#11=ADVANCED_BREP_SHAPE_REPRESENTATION('',(#2211),#3749);
#12=VERTEX_LOOP('',#1648);
#13=VERTEX_LOOP('',#1650);
#14=VERTEX_LOOP('',#1652);
#15=VERTEX_LOOP('',#1654);
#16=ELLIPSE('',#2352,0.00141421356237309,0.001);
#17=ELLIPSE('',#2354,0.00141421356237309,0.001);
#18=ELLIPSE('',#2357,0.00141421356237309,0.001);
#19=ELLIPSE('',#2360,0.00141421356237309,0.001);
#20=ELLIPSE('',#2362,0.00141421356237309,0.001);
#21=ELLIPSE('',#2365,0.00141421356237309,0.001);
#22=ELLIPSE('',#2367,0.00141421356237309,0.001);
#23=ELLIPSE('',#2389,0.773946476802881,0.0567574234538624);
#24=ELLIPSE('',#2391,0.480741480494435,0.0352552128600209);
#25=TOROIDAL_SURFACE('',#2298,0.00894765101725287,0.003);
#26=TOROIDAL_SURFACE('',#2299,0.010735839402617,0.003);
#27=TOROIDAL_SURFACE('',#2300,0.0104103720142961,0.003);
#28=TOROIDAL_SURFACE('',#2301,0.0125906260083247,0.003);
#29=TOROIDAL_SURFACE('',#2302,0.0104060065459607,0.003);
#30=TOROIDAL_SURFACE('',#2304,0.0101556691028714,0.003);
#31=TOROIDAL_SURFACE('',#2305,0.0165,0.003);
#32=TOROIDAL_SURFACE('',#2380,0.0185,0.001);
#33=CYLINDRICAL_SURFACE('',#2259,0.0195);
#34=CYLINDRICAL_SURFACE('',#2262,0.0131556691028715);
#35=CYLINDRICAL_SURFACE('',#2265,0.0134060065459607);
#36=CYLINDRICAL_SURFACE('',#2268,0.0134103720142961);
#37=CYLINDRICAL_SURFACE('',#2271,0.0119476510172529);
#38=CYLINDRICAL_SURFACE('',#2274,0.013735839402617);
#39=CYLINDRICAL_SURFACE('',#2277,0.0155906260083248);
#40=CYLINDRICAL_SURFACE('',#2289,0.0135906260083247);
#41=CYLINDRICAL_SURFACE('',#2290,0.011735839402617);
#42=CYLINDRICAL_SURFACE('',#2291,0.00994765101725287);
#43=CYLINDRICAL_SURFACE('',#2292,0.0114103720142961);
#44=CYLINDRICAL_SURFACE('',#2293,0.0114060065459607);
#45=CYLINDRICAL_SURFACE('',#2294,0.0111556691028715);
#46=CYLINDRICAL_SURFACE('',#2295,0.0175);
#47=CYLINDRICAL_SURFACE('',#2303,0.003);
#48=CYLINDRICAL_SURFACE('',#2307,0.003);
#49=CYLINDRICAL_SURFACE('',#2351,0.001);
#50=CYLINDRICAL_SURFACE('',#2353,0.001);
#51=CYLINDRICAL_SURFACE('',#2355,0.001);
#52=CYLINDRICAL_SURFACE('',#2356,0.001);
#53=CYLINDRICAL_SURFACE('',#2358,0.001);
#54=CYLINDRICAL_SURFACE('',#2359,0.001);
#55=CYLINDRICAL_SURFACE('',#2361,0.001);
#56=CYLINDRICAL_SURFACE('',#2363,0.001);
#57=CYLINDRICAL_SURFACE('',#2364,0.001);
#58=CYLINDRICAL_SURFACE('',#2366,0.001);
#59=CYLINDRICAL_SURFACE('',#2368,0.001);
#60=CYLINDRICAL_SURFACE('',#2379,0.001);
#61=CYLINDRICAL_SURFACE('',#2381,0.001);
#62=CYLINDRICAL_SURFACE('',#2386,0.001500002540005);
#63=CYLINDRICAL_SURFACE('',#2387,0.001500002540005);
#64=CYLINDRICAL_SURFACE('',#2394,0.00125);
#65=CYLINDRICAL_SURFACE('',#2397,0.00125);
#66=CYLINDRICAL_SURFACE('',#2400,0.00165);
#67=CYLINDRICAL_SURFACE('',#2403,0.00165);
#68=SPHERICAL_SURFACE('',#2239,0.0165);
#69=B_SPLINE_CURVE_WITH_KNOTS('',3,(#3138,#3139,#3140,#3141),
 .UNSPECIFIED.,.F.,.F.,(4,4),(9.24954591540567E-5,0.00129722127743018),
 .UNSPECIFIED.);
#70=B_SPLINE_CURVE_WITH_KNOTS('',3,(#3148,#3149,#3150,#3151,#3152,#3153,
#3154,#3155,#3156,#3157,#3158,#3159,#3160,#3161),.UNSPECIFIED.,.F.,.F.,
(4,1,1,1,1,1,1,1,1,1,1,4),(1.96992755010089E-7,0.00289130681717907,0.00578241664160313,
0.0086735264660272,0.0115646362904513,0.0144557461148753,0.0173468559392994,
0.0231290755881475,0.0289112952369956,0.0346935148858438,0.0404757345346919,
0.04625795418354),.UNSPECIFIED.);
#71=B_SPLINE_CURVE_WITH_KNOTS('',3,(#3167,#3168,#3169,#3170),
 .UNSPECIFIED.,.F.,.F.,(4,4),(2.31179355205324E-7,0.00280307716302748),
 .UNSPECIFIED.);
#72=B_SPLINE_CURVE_WITH_KNOTS('',3,(#3172,#3173,#3174,#3175,#3176,#3177,
#3178,#3179,#3180),.UNSPECIFIED.,.F.,.F.,(4,1,1,1,1,1,4),(0.00216744714216881,
0.0028709014918042,0.0035743558414396,0.00427781019107499,0.00498126454071038,
0.00638817323998117,0.00779508193925196),.UNSPECIFIED.);
#73=B_SPLINE_CURVE_WITH_KNOTS('',3,(#3182,#3183,#3184,#3185),
 .UNSPECIFIED.,.F.,.F.,(4,4),(1.99999826092166E-7,0.015674261700686),
 .UNSPECIFIED.);
#74=B_SPLINE_CURVE_WITH_KNOTS('',3,(#3188,#3189,#3190,#3191),
 .UNSPECIFIED.,.F.,.F.,(4,4),(0.00536535984958549,0.0183711025281291),
 .UNSPECIFIED.);
#75=B_SPLINE_CURVE_WITH_KNOTS('',3,(#3397,#3398,#3399,#3400,#3401,#3402,
#3403),.UNSPECIFIED.,.F.,.F.,(4,1,1,1,4),(0.,0.00178821926602632,0.00357643853205265,
0.00536465779807897,0.00715287706410529),.UNSPECIFIED.);
#76=B_SPLINE_CURVE_WITH_KNOTS('',3,(#3404,#3405,#3406,#3407,#3408,#3409,
#3410),.UNSPECIFIED.,.F.,.F.,(4,1,1,1,4),(0.,0.00179603948111521,0.00359207896223042,
0.00538811844334562,0.00718415792446083),.UNSPECIFIED.);
#77=B_SPLINE_CURVE_WITH_KNOTS('',3,(#3412,#3413,#3414,#3415,#3416,#3417,
#3418),.UNSPECIFIED.,.F.,.F.,(4,1,1,1,4),(0.,0.00185885424287473,0.00371770848574946,
0.00557656272862419,0.00743541697149892),.UNSPECIFIED.);
#78=B_SPLINE_CURVE_WITH_KNOTS('',3,(#3420,#3421,#3422,#3423,#3424,#3425,
#3426),.UNSPECIFIED.,.F.,.F.,(4,1,1,1,4),(0.,0.00187507455125551,0.00375014910251102,
0.00562522365376653,0.00750029820502203),.UNSPECIFIED.);
#79=B_SPLINE_CURVE_WITH_KNOTS('',3,(#3428,#3429,#3430,#3431,#3432),
 .UNSPECIFIED.,.F.,.F.,(4,1,4),(0.,0.00235855439340382,0.00471710878680763),
 .UNSPECIFIED.);
#80=B_SPLINE_CURVE_WITH_KNOTS('',3,(#3434,#3435,#3436,#3437,#3438,#3439,
#3440),.UNSPECIFIED.,.F.,.F.,(4,1,1,1,4),(0.,0.00180296913705235,0.0036059382741047,
0.00540890741115705,0.00721187654820941),.UNSPECIFIED.);
#81=B_SPLINE_CURVE_WITH_KNOTS('',3,(#3442,#3443,#3444,#3445,#3446),
 .UNSPECIFIED.,.F.,.F.,(4,1,4),(0.,0.00247692692027095,0.0049538538405419),
 .UNSPECIFIED.);
#82=B_SPLINE_CURVE_WITH_KNOTS('',3,(#3449,#3450,#3451,#3452,#3453),
 .UNSPECIFIED.,.F.,.F.,(4,1,4),(0.,0.0023480692742951,0.00469613854859021),
 .UNSPECIFIED.);
#83=B_SPLINE_CURVE_WITH_KNOTS('',3,(#3455,#3456,#3457,#3458,#3459),
 .UNSPECIFIED.,.F.,.F.,(4,1,4),(0.,0.00247809006530129,0.00495618013060259),
 .UNSPECIFIED.);
#84=B_SPLINE_CURVE_WITH_KNOTS('',3,(#3673,#3674,#3675,#3676,#3677),
 .UNSPECIFIED.,.F.,.F.,(4,1,4),(0.,0.000962072686088822,0.00192414537217764),
 .UNSPECIFIED.);
#85=B_SPLINE_CURVE_WITH_KNOTS('',3,(#3679,#3680,#3681,#3682,#3683),
 .UNSPECIFIED.,.F.,.F.,(4,1,4),(0.,0.00096207268608882,0.00192414537217764),
 .UNSPECIFIED.);
#86=B_SPLINE_CURVE_WITH_KNOTS('',3,(#3692,#3693,#3694,#3695,#3696,#3697,
#3698,#3699,#3700,#3701),.UNSPECIFIED.,.F.,.F.,(4,1,1,1,1,1,1,4),(0.00207799973245171,
0.00280976783848494,0.00354153594451817,0.0042733040505514,0.00500507215658463,
0.00646860836865108,0.00720037647468431,0.00793214458071754),
 .UNSPECIFIED.);
#87=B_SPLINE_CURVE_WITH_KNOTS('',3,(#3710,#3711,#3712,#3713),
 .UNSPECIFIED.,.F.,.F.,(4,4),(1.99999997457606E-7,0.0156456374561435),
 .UNSPECIFIED.);
#88=B_SPLINE_CURVE_WITH_KNOTS('',3,(#3715,#3716,#3717,#3718),
 .UNSPECIFIED.,.F.,.F.,(4,4),(0.00541784975712345,0.0183711498120889),
 .UNSPECIFIED.);
#89=CONICAL_SURFACE('',#2234,0.0183708775534522,0.487091821210615);
#90=CONICAL_SURFACE('',#2237,2.33781093442187E-19,1.56797808676633);
#91=CONICAL_SURFACE('',#2238,2.33781093442187E-19,1.56797808676633);
#92=CONICAL_SURFACE('',#2383,0.0105045728062376,1.37985029097311);
#93=CONICAL_SURFACE('',#2385,4.33680868994202E-18,0.788491170134726);
#94=CONICAL_SURFACE('',#2392,0.00125,1.02974425867665);
#95=CONICAL_SURFACE('',#2395,0.00125,1.02974425867665);
#96=CONICAL_SURFACE('',#2398,0.00165,1.02974425867665);
#97=CONICAL_SURFACE('',#2401,0.00165,1.02974425867665);
#98=CONICAL_SURFACE('',#2404,0.0521462940050958,0.483933846462758);
#99=CONICAL_SURFACE('',#2408,3.49279579421083E-18,1.57045659207561);
#100=CONICAL_SURFACE('',#2409,3.49279579421083E-18,1.57045659207561);
#101=CONICAL_SURFACE('',#2410,0.0521462940050958,1.40754724866951);
#102=OVER_RIDING_STYLED_ITEM('',(#2167),#2050,#2165);
#103=OVER_RIDING_STYLED_ITEM('',(#2168),#2051,#2165);
#104=OVER_RIDING_STYLED_ITEM('',(#2169),#2052,#2165);
#105=OVER_RIDING_STYLED_ITEM('',(#2170),#2053,#2165);
#106=OVER_RIDING_STYLED_ITEM('',(#2171),#2160,#2165);
#107=OVER_RIDING_STYLED_ITEM('',(#2172),#2163,#2165);
#108=LINE('',#3020,#318);
#109=LINE('',#3022,#319);
#110=LINE('',#3024,#320);
#111=LINE('',#3026,#321);
#112=LINE('',#3034,#322);
#113=LINE('',#3036,#323);
#114=LINE('',#3038,#324);
#115=LINE('',#3040,#325);
#116=LINE('',#3045,#326);
#117=LINE('',#3048,#327);
#118=LINE('',#3050,#328);
#119=LINE('',#3052,#329);
#120=LINE('',#3055,#330);
#121=LINE('',#3057,#331);
#122=LINE('',#3059,#332);
#123=LINE('',#3061,#333);
#124=LINE('',#3064,#334);
#125=LINE('',#3066,#335);
#126=LINE('',#3068,#336);
#127=LINE('',#3070,#337);
#128=LINE('',#3072,#338);
#129=LINE('',#3074,#339);
#130=LINE('',#3076,#340);
#131=LINE('',#3078,#341);
#132=LINE('',#3080,#342);
#133=LINE('',#3082,#343);
#134=LINE('',#3084,#344);
#135=LINE('',#3086,#345);
#136=LINE('',#3088,#346);
#137=LINE('',#3090,#347);
#138=LINE('',#3092,#348);
#139=LINE('',#3094,#349);
#140=LINE('',#3096,#350);
#141=LINE('',#3098,#351);
#142=LINE('',#3100,#352);
#143=LINE('',#3102,#353);
#144=LINE('',#3104,#354);
#145=LINE('',#3106,#355);
#146=LINE('',#3108,#356);
#147=LINE('',#3110,#357);
#148=LINE('',#3111,#358);
#149=LINE('',#3126,#359);
#150=LINE('',#3129,#360);
#151=LINE('',#3134,#361);
#152=LINE('',#3146,#362);
#153=LINE('',#3163,#363);
#154=LINE('',#3186,#364);
#155=LINE('',#3192,#365);
#156=LINE('',#3201,#366);
#157=LINE('',#3205,#367);
#158=LINE('',#3207,#368);
#159=LINE('',#3211,#369);
#160=LINE('',#3213,#370);
#161=LINE('',#3216,#371);
#162=LINE('',#3218,#372);
#163=LINE('',#3220,#373);
#164=LINE('',#3222,#374);
#165=LINE('',#3224,#375);
#166=LINE('',#3226,#376);
#167=LINE('',#3228,#377);
#168=LINE('',#3230,#378);
#169=LINE('',#3232,#379);
#170=LINE('',#3234,#380);
#171=LINE('',#3236,#381);
#172=LINE('',#3238,#382);
#173=LINE('',#3240,#383);
#174=LINE('',#3242,#384);
#175=LINE('',#3248,#385);
#176=LINE('',#3250,#386);
#177=LINE('',#3252,#387);
#178=LINE('',#3258,#388);
#179=LINE('',#3260,#389);
#180=LINE('',#3262,#390);
#181=LINE('',#3269,#391);
#182=LINE('',#3271,#392);
#183=LINE('',#3275,#393);
#184=LINE('',#3277,#394);
#185=LINE('',#3279,#395);
#186=LINE('',#3281,#396);
#187=LINE('',#3283,#397);
#188=LINE('',#3285,#398);
#189=LINE('',#3287,#399);
#190=LINE('',#3289,#400);
#191=LINE('',#3291,#401);
#192=LINE('',#3292,#402);
#193=LINE('',#3294,#403);
#194=LINE('',#3296,#404);
#195=LINE('',#3298,#405);
#196=LINE('',#3303,#406);
#197=LINE('',#3305,#407);
#198=LINE('',#3306,#408);
#199=LINE('',#3308,#409);
#200=LINE('',#3314,#410);
#201=LINE('',#3320,#411);
#202=LINE('',#3326,#412);
#203=LINE('',#3332,#413);
#204=LINE('',#3343,#414);
#205=LINE('',#3356,#415);
#206=LINE('',#3358,#416);
#207=LINE('',#3362,#417);
#208=LINE('',#3363,#418);
#209=LINE('',#3365,#419);
#210=LINE('',#3367,#420);
#211=LINE('',#3369,#421);
#212=LINE('',#3371,#422);
#213=LINE('',#3374,#423);
#214=LINE('',#3376,#424);
#215=LINE('',#3377,#425);
#216=LINE('',#3381,#426);
#217=LINE('',#3383,#427);
#218=LINE('',#3385,#428);
#219=LINE('',#3387,#429);
#220=LINE('',#3388,#430);
#221=LINE('',#3390,#431);
#222=LINE('',#3392,#432);
#223=LINE('',#3393,#433);
#224=LINE('',#3395,#434);
#225=LINE('',#3447,#435);
#226=LINE('',#3463,#436);
#227=LINE('',#3465,#437);
#228=LINE('',#3466,#438);
#229=LINE('',#3468,#439);
#230=LINE('',#3470,#440);
#231=LINE('',#3472,#441);
#232=LINE('',#3474,#442);
#233=LINE('',#3476,#443);
#234=LINE('',#3478,#444);
#235=LINE('',#3480,#445);
#236=LINE('',#3482,#446);
#237=LINE('',#3484,#447);
#238=LINE('',#3488,#448);
#239=LINE('',#3490,#449);
#240=LINE('',#3492,#450);
#241=LINE('',#3494,#451);
#242=LINE('',#3496,#452);
#243=LINE('',#3498,#453);
#244=LINE('',#3500,#454);
#245=LINE('',#3502,#455);
#246=LINE('',#3504,#456);
#247=LINE('',#3506,#457);
#248=LINE('',#3508,#458);
#249=LINE('',#3510,#459);
#250=LINE('',#3512,#460);
#251=LINE('',#3514,#461);
#252=LINE('',#3516,#462);
#253=LINE('',#3518,#463);
#254=LINE('',#3520,#464);
#255=LINE('',#3522,#465);
#256=LINE('',#3524,#466);
#257=LINE('',#3526,#467);
#258=LINE('',#3528,#468);
#259=LINE('',#3530,#469);
#260=LINE('',#3532,#470);
#261=LINE('',#3534,#471);
#262=LINE('',#3536,#472);
#263=LINE('',#3538,#473);
#264=LINE('',#3540,#474);
#265=LINE('',#3542,#475);
#266=LINE('',#3544,#476);
#267=LINE('',#3546,#477);
#268=LINE('',#3548,#478);
#269=LINE('',#3550,#479);
#270=LINE('',#3552,#480);
#271=LINE('',#3554,#481);
#272=LINE('',#3556,#482);
#273=LINE('',#3558,#483);
#274=LINE('',#3560,#484);
#275=LINE('',#3562,#485);
#276=LINE('',#3564,#486);
#277=LINE('',#3566,#487);
#278=LINE('',#3568,#488);
#279=LINE('',#3570,#489);
#280=LINE('',#3572,#490);
#281=LINE('',#3575,#491);
#282=LINE('',#3577,#492);
#283=LINE('',#3579,#493);
#284=LINE('',#3581,#494);
#285=LINE('',#3582,#495);
#286=LINE('',#3584,#496);
#287=LINE('',#3586,#497);
#288=LINE('',#3588,#498);
#289=LINE('',#3590,#499);
#290=LINE('',#3592,#500);
#291=LINE('',#3594,#501);
#292=LINE('',#3596,#502);
#293=LINE('',#3598,#503);
#294=LINE('',#3600,#504);
#295=LINE('',#3602,#505);
#296=LINE('',#3604,#506);
#297=LINE('',#3606,#507);
#298=LINE('',#3608,#508);
#299=LINE('',#3610,#509);
#300=LINE('',#3612,#510);
#301=LINE('',#3614,#511);
#302=LINE('',#3624,#512);
#303=LINE('',#3627,#513);
#304=LINE('',#3628,#514);
#305=LINE('',#3648,#515);
#306=LINE('',#3650,#516);
#307=LINE('',#3652,#517);
#308=LINE('',#3654,#518);
#309=LINE('',#3656,#519);
#310=LINE('',#3666,#520);
#311=LINE('',#3667,#521);
#312=LINE('',#3669,#522);
#313=LINE('',#3671,#523);
#314=LINE('',#3690,#524);
#315=LINE('',#3703,#525);
#316=LINE('',#3705,#526);
#317=LINE('',#3706,#527);
#318=VECTOR('',#2417,1.);
#319=VECTOR('',#2418,1.);
#320=VECTOR('',#2419,1.);
#321=VECTOR('',#2420,1.);
#322=VECTOR('',#2427,1.);
#323=VECTOR('',#2428,1.);
#324=VECTOR('',#2429,1.);
#325=VECTOR('',#2430,1.);
#326=VECTOR('',#2437,1.);
#327=VECTOR('',#2438,1.);
#328=VECTOR('',#2439,1.);
#329=VECTOR('',#2442,1.);
#330=VECTOR('',#2443,1.);
#331=VECTOR('',#2444,1.);
#332=VECTOR('',#2445,1.);
#333=VECTOR('',#2448,1.);
#334=VECTOR('',#2449,1.);
#335=VECTOR('',#2450,1.);
#336=VECTOR('',#2451,1.);
#337=VECTOR('',#2452,1.);
#338=VECTOR('',#2453,1.);
#339=VECTOR('',#2454,1.);
#340=VECTOR('',#2455,1.);
#341=VECTOR('',#2456,1.);
#342=VECTOR('',#2457,1.);
#343=VECTOR('',#2458,1.);
#344=VECTOR('',#2459,1.);
#345=VECTOR('',#2460,1.);
#346=VECTOR('',#2461,1.);
#347=VECTOR('',#2462,1.);
#348=VECTOR('',#2463,1.);
#349=VECTOR('',#2464,1.);
#350=VECTOR('',#2465,1.);
#351=VECTOR('',#2466,1.);
#352=VECTOR('',#2467,1.);
#353=VECTOR('',#2468,1.);
#354=VECTOR('',#2469,1.);
#355=VECTOR('',#2470,1.);
#356=VECTOR('',#2471,1.);
#357=VECTOR('',#2472,1.);
#358=VECTOR('',#2473,1.);
#359=VECTOR('',#2486,1.);
#360=VECTOR('',#2489,1.);
#361=VECTOR('',#2492,1.);
#362=VECTOR('',#2499,1.);
#363=VECTOR('',#2500,1.);
#364=VECTOR('',#2505,1.);
#365=VECTOR('',#2508,1.);
#366=VECTOR('',#2519,1.);
#367=VECTOR('',#2522,1.);
#368=VECTOR('',#2523,1.);
#369=VECTOR('',#2526,1.);
#370=VECTOR('',#2529,1.);
#371=VECTOR('',#2530,1.);
#372=VECTOR('',#2531,1.);
#373=VECTOR('',#2532,1.);
#374=VECTOR('',#2533,1.);
#375=VECTOR('',#2534,1.);
#376=VECTOR('',#2535,1.);
#377=VECTOR('',#2536,1.);
#378=VECTOR('',#2537,1.);
#379=VECTOR('',#2538,1.);
#380=VECTOR('',#2539,1.);
#381=VECTOR('',#2540,1.);
#382=VECTOR('',#2541,1.);
#383=VECTOR('',#2542,1.);
#384=VECTOR('',#2545,1.);
#385=VECTOR('',#2550,1.);
#386=VECTOR('',#2551,1.);
#387=VECTOR('',#2554,1.);
#388=VECTOR('',#2559,1.);
#389=VECTOR('',#2560,1.);
#390=VECTOR('',#2563,1.);
#391=VECTOR('',#2568,1.);
#392=VECTOR('',#2569,1.);
#393=VECTOR('',#2574,1.);
#394=VECTOR('',#2575,1.);
#395=VECTOR('',#2576,1.);
#396=VECTOR('',#2577,1.);
#397=VECTOR('',#2578,1.);
#398=VECTOR('',#2579,1.);
#399=VECTOR('',#2580,1.);
#400=VECTOR('',#2583,1.);
#401=VECTOR('',#2584,1.);
#402=VECTOR('',#2585,1.);
#403=VECTOR('',#2586,1.);
#404=VECTOR('',#2587,1.);
#405=VECTOR('',#2588,1.);
#406=VECTOR('',#2593,1.);
#407=VECTOR('',#2596,1.);
#408=VECTOR('',#2597,1.);
#409=VECTOR('',#2600,1.);
#410=VECTOR('',#2607,1.);
#411=VECTOR('',#2614,1.);
#412=VECTOR('',#2621,1.);
#413=VECTOR('',#2628,1.);
#414=VECTOR('',#2643,1.);
#415=VECTOR('',#2656,1.);
#416=VECTOR('',#2657,1.);
#417=VECTOR('',#2662,1.);
#418=VECTOR('',#2663,1.);
#419=VECTOR('',#2666,1.);
#420=VECTOR('',#2669,1.);
#421=VECTOR('',#2672,1.);
#422=VECTOR('',#2675,1.);
#423=VECTOR('',#2680,1.);
#424=VECTOR('',#2681,1.);
#425=VECTOR('',#2682,1.);
#426=VECTOR('',#2687,1.);
#427=VECTOR('',#2688,1.);
#428=VECTOR('',#2689,1.);
#429=VECTOR('',#2690,1.);
#430=VECTOR('',#2691,1.);
#431=VECTOR('',#2692,1.);
#432=VECTOR('',#2693,1.);
#433=VECTOR('',#2694,1.);
#434=VECTOR('',#2695,1.);
#435=VECTOR('',#2708,1.);
#436=VECTOR('',#2717,1.);
#437=VECTOR('',#2718,1.);
#438=VECTOR('',#2719,1.);
#439=VECTOR('',#2722,1.);
#440=VECTOR('',#2723,1.);
#441=VECTOR('',#2726,1.);
#442=VECTOR('',#2727,1.);
#443=VECTOR('',#2730,1.);
#444=VECTOR('',#2733,1.);
#445=VECTOR('',#2734,1.);
#446=VECTOR('',#2735,1.);
#447=VECTOR('',#2738,1.);
#448=VECTOR('',#2745,1.);
#449=VECTOR('',#2746,1.);
#450=VECTOR('',#2747,1.);
#451=VECTOR('',#2750,1.);
#452=VECTOR('',#2753,1.);
#453=VECTOR('',#2756,1.);
#454=VECTOR('',#2757,1.);
#455=VECTOR('',#2758,1.);
#456=VECTOR('',#2761,1.);
#457=VECTOR('',#2764,1.);
#458=VECTOR('',#2767,1.);
#459=VECTOR('',#2768,1.);
#460=VECTOR('',#2769,1.);
#461=VECTOR('',#2772,1.);
#462=VECTOR('',#2773,1.);
#463=VECTOR('',#2774,1.);
#464=VECTOR('',#2777,1.);
#465=VECTOR('',#2778,1.);
#466=VECTOR('',#2779,1.);
#467=VECTOR('',#2782,1.);
#468=VECTOR('',#2783,1.);
#469=VECTOR('',#2786,1.);
#470=VECTOR('',#2787,1.);
#471=VECTOR('',#2788,1.);
#472=VECTOR('',#2791,1.);
#473=VECTOR('',#2792,1.);
#474=VECTOR('',#2793,1.);
#475=VECTOR('',#2796,1.);
#476=VECTOR('',#2797,1.);
#477=VECTOR('',#2798,1.);
#478=VECTOR('',#2801,1.);
#479=VECTOR('',#2802,1.);
#480=VECTOR('',#2803,1.);
#481=VECTOR('',#2806,1.);
#482=VECTOR('',#2807,1.);
#483=VECTOR('',#2808,1.);
#484=VECTOR('',#2811,1.);
#485=VECTOR('',#2812,1.);
#486=VECTOR('',#2813,1.);
#487=VECTOR('',#2816,1.);
#488=VECTOR('',#2817,1.);
#489=VECTOR('',#2818,1.);
#490=VECTOR('',#2821,1.);
#491=VECTOR('',#2822,1.);
#492=VECTOR('',#2823,1.);
#493=VECTOR('',#2824,1.);
#494=VECTOR('',#2825,1.);
#495=VECTOR('',#2826,1.);
#496=VECTOR('',#2827,1.);
#497=VECTOR('',#2830,1.);
#498=VECTOR('',#2833,1.);
#499=VECTOR('',#2836,1.);
#500=VECTOR('',#2839,1.);
#501=VECTOR('',#2842,1.);
#502=VECTOR('',#2845,1.);
#503=VECTOR('',#2846,1.);
#504=VECTOR('',#2849,1.);
#505=VECTOR('',#2852,1.);
#506=VECTOR('',#2853,1.);
#507=VECTOR('',#2856,1.);
#508=VECTOR('',#2859,1.);
#509=VECTOR('',#2862,1.);
#510=VECTOR('',#2865,1.);
#511=VECTOR('',#2868,1.);
#512=VECTOR('',#2879,1.);
#513=VECTOR('',#2880,1.);
#514=VECTOR('',#2881,1.);
#515=VECTOR('',#2920,1.);
#516=VECTOR('',#2921,1.);
#517=VECTOR('',#2922,1.);
#518=VECTOR('',#2925,1.);
#519=VECTOR('',#2928,1.);
#520=VECTOR('',#2939,1.);
#521=VECTOR('',#2940,1.);
#522=VECTOR('',#2943,1.);
#523=VECTOR('',#2946,1.);
#524=VECTOR('',#2963,1.);
#525=VECTOR('',#2964,1.);
#526=VECTOR('',#2967,1.);
#527=VECTOR('',#2968,1.);
#528=ORIENTED_EDGE('',*,*,#1144,.T.);
#529=ORIENTED_EDGE('',*,*,#1145,.T.);
#530=ORIENTED_EDGE('',*,*,#1146,.F.);
#531=ORIENTED_EDGE('',*,*,#1147,.T.);
#532=ORIENTED_EDGE('',*,*,#1148,.T.);
#533=ORIENTED_EDGE('',*,*,#1149,.T.);
#534=ORIENTED_EDGE('',*,*,#1150,.T.);
#535=ORIENTED_EDGE('',*,*,#1151,.T.);
#536=ORIENTED_EDGE('',*,*,#1152,.T.);
#537=ORIENTED_EDGE('',*,*,#1153,.T.);
#538=ORIENTED_EDGE('',*,*,#1154,.F.);
#539=ORIENTED_EDGE('',*,*,#1155,.F.);
#540=ORIENTED_EDGE('',*,*,#1156,.T.);
#541=ORIENTED_EDGE('',*,*,#1157,.T.);
#542=ORIENTED_EDGE('',*,*,#1158,.F.);
#543=ORIENTED_EDGE('',*,*,#1159,.T.);
#544=ORIENTED_EDGE('',*,*,#1160,.T.);
#545=ORIENTED_EDGE('',*,*,#1161,.F.);
#546=ORIENTED_EDGE('',*,*,#1162,.T.);
#547=ORIENTED_EDGE('',*,*,#1163,.T.);
#548=ORIENTED_EDGE('',*,*,#1164,.T.);
#549=ORIENTED_EDGE('',*,*,#1165,.F.);
#550=ORIENTED_EDGE('',*,*,#1166,.T.);
#551=ORIENTED_EDGE('',*,*,#1167,.F.);
#552=ORIENTED_EDGE('',*,*,#1168,.F.);
#553=ORIENTED_EDGE('',*,*,#1169,.T.);
#554=ORIENTED_EDGE('',*,*,#1170,.F.);
#555=ORIENTED_EDGE('',*,*,#1171,.F.);
#556=ORIENTED_EDGE('',*,*,#1172,.T.);
#557=ORIENTED_EDGE('',*,*,#1173,.T.);
#558=ORIENTED_EDGE('',*,*,#1174,.T.);
#559=ORIENTED_EDGE('',*,*,#1175,.F.);
#560=ORIENTED_EDGE('',*,*,#1176,.T.);
#561=ORIENTED_EDGE('',*,*,#1177,.T.);
#562=ORIENTED_EDGE('',*,*,#1178,.T.);
#563=ORIENTED_EDGE('',*,*,#1179,.T.);
#564=ORIENTED_EDGE('',*,*,#1180,.T.);
#565=ORIENTED_EDGE('',*,*,#1181,.T.);
#566=ORIENTED_EDGE('',*,*,#1182,.T.);
#567=ORIENTED_EDGE('',*,*,#1183,.F.);
#568=ORIENTED_EDGE('',*,*,#1184,.T.);
#569=ORIENTED_EDGE('',*,*,#1185,.F.);
#570=ORIENTED_EDGE('',*,*,#1186,.T.);
#571=ORIENTED_EDGE('',*,*,#1187,.T.);
#572=ORIENTED_EDGE('',*,*,#1188,.T.);
#573=ORIENTED_EDGE('',*,*,#1189,.T.);
#574=ORIENTED_EDGE('',*,*,#1190,.F.);
#575=ORIENTED_EDGE('',*,*,#1191,.T.);
#576=ORIENTED_EDGE('',*,*,#1192,.F.);
#577=ORIENTED_EDGE('',*,*,#1193,.F.);
#578=ORIENTED_EDGE('',*,*,#1194,.F.);
#579=ORIENTED_EDGE('',*,*,#1195,.F.);
#580=ORIENTED_EDGE('',*,*,#1196,.F.);
#581=ORIENTED_EDGE('',*,*,#1197,.T.);
#582=ORIENTED_EDGE('',*,*,#1198,.F.);
#583=ORIENTED_EDGE('',*,*,#1199,.F.);
#584=ORIENTED_EDGE('',*,*,#1200,.T.);
#585=ORIENTED_EDGE('',*,*,#1201,.F.);
#586=ORIENTED_EDGE('',*,*,#1202,.T.);
#587=ORIENTED_EDGE('',*,*,#1203,.F.);
#588=ORIENTED_EDGE('',*,*,#1204,.T.);
#589=ORIENTED_EDGE('',*,*,#1205,.T.);
#590=ORIENTED_EDGE('',*,*,#1206,.T.);
#591=ORIENTED_EDGE('',*,*,#1207,.F.);
#592=ORIENTED_EDGE('',*,*,#1208,.T.);
#593=ORIENTED_EDGE('',*,*,#1209,.F.);
#594=ORIENTED_EDGE('',*,*,#1210,.T.);
#595=ORIENTED_EDGE('',*,*,#1211,.F.);
#596=ORIENTED_EDGE('',*,*,#1159,.F.);
#597=ORIENTED_EDGE('',*,*,#1212,.T.);
#598=ORIENTED_EDGE('',*,*,#1204,.F.);
#599=ORIENTED_EDGE('',*,*,#1213,.F.);
#600=ORIENTED_EDGE('',*,*,#1208,.F.);
#601=ORIENTED_EDGE('',*,*,#1214,.F.);
#602=ORIENTED_EDGE('',*,*,#1163,.F.);
#603=ORIENTED_EDGE('',*,*,#1206,.F.);
#604=ORIENTED_EDGE('',*,*,#1215,.T.);
#605=ORIENTED_EDGE('',*,*,#1216,.F.);
#606=ORIENTED_EDGE('',*,*,#1217,.T.);
#607=ORIENTED_EDGE('',*,*,#1218,.F.);
#608=ORIENTED_EDGE('',*,*,#1219,.T.);
#609=ORIENTED_EDGE('',*,*,#1220,.F.);
#610=ORIENTED_EDGE('',*,*,#1221,.T.);
#611=ORIENTED_EDGE('',*,*,#1222,.T.);
#612=ORIENTED_EDGE('',*,*,#1223,.T.);
#613=ORIENTED_EDGE('',*,*,#1224,.T.);
#614=ORIENTED_EDGE('',*,*,#1225,.T.);
#615=ORIENTED_EDGE('',*,*,#1226,.T.);
#616=ORIENTED_EDGE('',*,*,#1227,.F.);
#617=ORIENTED_EDGE('',*,*,#1228,.T.);
#618=ORIENTED_EDGE('',*,*,#1229,.T.);
#619=ORIENTED_EDGE('',*,*,#1230,.T.);
#620=ORIENTED_EDGE('',*,*,#1231,.T.);
#621=ORIENTED_EDGE('',*,*,#1232,.T.);
#622=ORIENTED_EDGE('',*,*,#1233,.T.);
#623=ORIENTED_EDGE('',*,*,#1234,.T.);
#624=ORIENTED_EDGE('',*,*,#1235,.T.);
#625=ORIENTED_EDGE('',*,*,#1236,.T.);
#626=ORIENTED_EDGE('',*,*,#1237,.T.);
#627=ORIENTED_EDGE('',*,*,#1238,.T.);
#628=ORIENTED_EDGE('',*,*,#1239,.T.);
#629=ORIENTED_EDGE('',*,*,#1234,.F.);
#630=ORIENTED_EDGE('',*,*,#1240,.T.);
#631=ORIENTED_EDGE('',*,*,#1241,.F.);
#632=ORIENTED_EDGE('',*,*,#1242,.T.);
#633=ORIENTED_EDGE('',*,*,#1243,.T.);
#634=ORIENTED_EDGE('',*,*,#1244,.T.);
#635=ORIENTED_EDGE('',*,*,#1224,.F.);
#636=ORIENTED_EDGE('',*,*,#1245,.T.);
#637=ORIENTED_EDGE('',*,*,#1246,.F.);
#638=ORIENTED_EDGE('',*,*,#1247,.T.);
#639=ORIENTED_EDGE('',*,*,#1248,.T.);
#640=ORIENTED_EDGE('',*,*,#1249,.T.);
#641=ORIENTED_EDGE('',*,*,#1250,.F.);
#642=ORIENTED_EDGE('',*,*,#1251,.F.);
#643=ORIENTED_EDGE('',*,*,#1252,.T.);
#644=ORIENTED_EDGE('',*,*,#1253,.T.);
#645=ORIENTED_EDGE('',*,*,#1223,.F.);
#646=ORIENTED_EDGE('',*,*,#1254,.T.);
#647=ORIENTED_EDGE('',*,*,#1255,.T.);
#648=ORIENTED_EDGE('',*,*,#1256,.T.);
#649=ORIENTED_EDGE('',*,*,#1257,.F.);
#650=ORIENTED_EDGE('',*,*,#1258,.F.);
#651=ORIENTED_EDGE('',*,*,#1259,.T.);
#652=ORIENTED_EDGE('',*,*,#1260,.T.);
#653=ORIENTED_EDGE('',*,*,#1261,.F.);
#654=ORIENTED_EDGE('',*,*,#1220,.T.);
#655=ORIENTED_EDGE('',*,*,#1262,.F.);
#656=ORIENTED_EDGE('',*,*,#1197,.F.);
#657=ORIENTED_EDGE('',*,*,#1263,.T.);
#658=ORIENTED_EDGE('',*,*,#1264,.T.);
#659=ORIENTED_EDGE('',*,*,#1265,.T.);
#660=ORIENTED_EDGE('',*,*,#1266,.F.);
#661=ORIENTED_EDGE('',*,*,#1267,.T.);
#662=ORIENTED_EDGE('',*,*,#1268,.T.);
#663=ORIENTED_EDGE('',*,*,#1216,.T.);
#664=ORIENTED_EDGE('',*,*,#1260,.F.);
#665=ORIENTED_EDGE('',*,*,#1269,.T.);
#666=ORIENTED_EDGE('',*,*,#1227,.T.);
#667=ORIENTED_EDGE('',*,*,#1270,.T.);
#668=ORIENTED_EDGE('',*,*,#1250,.T.);
#669=ORIENTED_EDGE('',*,*,#1271,.T.);
#670=ORIENTED_EDGE('',*,*,#1272,.F.);
#671=ORIENTED_EDGE('',*,*,#1273,.T.);
#672=ORIENTED_EDGE('',*,*,#1258,.T.);
#673=ORIENTED_EDGE('',*,*,#1274,.T.);
#674=ORIENTED_EDGE('',*,*,#1275,.F.);
#675=ORIENTED_EDGE('',*,*,#1276,.T.);
#676=ORIENTED_EDGE('',*,*,#1272,.T.);
#677=ORIENTED_EDGE('',*,*,#1277,.T.);
#678=ORIENTED_EDGE('',*,*,#1278,.F.);
#679=ORIENTED_EDGE('',*,*,#1279,.T.);
#680=ORIENTED_EDGE('',*,*,#1275,.T.);
#681=ORIENTED_EDGE('',*,*,#1280,.T.);
#682=ORIENTED_EDGE('',*,*,#1281,.F.);
#683=ORIENTED_EDGE('',*,*,#1282,.T.);
#684=ORIENTED_EDGE('',*,*,#1278,.T.);
#685=ORIENTED_EDGE('',*,*,#1283,.T.);
#686=ORIENTED_EDGE('',*,*,#1284,.F.);
#687=ORIENTED_EDGE('',*,*,#1285,.T.);
#688=ORIENTED_EDGE('',*,*,#1281,.T.);
#689=ORIENTED_EDGE('',*,*,#1286,.T.);
#690=ORIENTED_EDGE('',*,*,#1229,.F.);
#691=ORIENTED_EDGE('',*,*,#1287,.T.);
#692=ORIENTED_EDGE('',*,*,#1284,.T.);
#693=ORIENTED_EDGE('',*,*,#1288,.F.);
#694=ORIENTED_EDGE('',*,*,#1257,.T.);
#695=ORIENTED_EDGE('',*,*,#1289,.T.);
#696=ORIENTED_EDGE('',*,*,#1290,.F.);
#697=ORIENTED_EDGE('',*,*,#1264,.F.);
#698=ORIENTED_EDGE('',*,*,#1291,.T.);
#699=ORIENTED_EDGE('',*,*,#1292,.T.);
#700=ORIENTED_EDGE('',*,*,#1293,.T.);
#701=ORIENTED_EDGE('',*,*,#1294,.T.);
#702=ORIENTED_EDGE('',*,*,#1295,.T.);
#703=ORIENTED_EDGE('',*,*,#1296,.F.);
#704=ORIENTED_EDGE('',*,*,#1297,.T.);
#705=ORIENTED_EDGE('',*,*,#1298,.T.);
#706=ORIENTED_EDGE('',*,*,#1299,.T.);
#707=ORIENTED_EDGE('',*,*,#1230,.F.);
#708=ORIENTED_EDGE('',*,*,#1288,.T.);
#709=ORIENTED_EDGE('',*,*,#1286,.F.);
#710=ORIENTED_EDGE('',*,*,#1283,.F.);
#711=ORIENTED_EDGE('',*,*,#1280,.F.);
#712=ORIENTED_EDGE('',*,*,#1277,.F.);
#713=ORIENTED_EDGE('',*,*,#1274,.F.);
#714=ORIENTED_EDGE('',*,*,#1300,.T.);
#715=ORIENTED_EDGE('',*,*,#1296,.T.);
#716=ORIENTED_EDGE('',*,*,#1301,.F.);
#717=ORIENTED_EDGE('',*,*,#1191,.F.);
#718=ORIENTED_EDGE('',*,*,#1295,.F.);
#719=ORIENTED_EDGE('',*,*,#1302,.F.);
#720=ORIENTED_EDGE('',*,*,#1192,.T.);
#721=ORIENTED_EDGE('',*,*,#1301,.T.);
#722=ORIENTED_EDGE('',*,*,#1294,.F.);
#723=ORIENTED_EDGE('',*,*,#1303,.F.);
#724=ORIENTED_EDGE('',*,*,#1193,.T.);
#725=ORIENTED_EDGE('',*,*,#1302,.T.);
#726=ORIENTED_EDGE('',*,*,#1293,.F.);
#727=ORIENTED_EDGE('',*,*,#1304,.F.);
#728=ORIENTED_EDGE('',*,*,#1194,.T.);
#729=ORIENTED_EDGE('',*,*,#1303,.T.);
#730=ORIENTED_EDGE('',*,*,#1292,.F.);
#731=ORIENTED_EDGE('',*,*,#1305,.F.);
#732=ORIENTED_EDGE('',*,*,#1195,.T.);
#733=ORIENTED_EDGE('',*,*,#1304,.T.);
#734=ORIENTED_EDGE('',*,*,#1291,.F.);
#735=ORIENTED_EDGE('',*,*,#1263,.F.);
#736=ORIENTED_EDGE('',*,*,#1196,.T.);
#737=ORIENTED_EDGE('',*,*,#1305,.T.);
#738=ORIENTED_EDGE('',*,*,#1306,.F.);
#739=ORIENTED_EDGE('',*,*,#1253,.F.);
#740=ORIENTED_EDGE('',*,*,#1307,.F.);
#741=ORIENTED_EDGE('',*,*,#1198,.T.);
#742=ORIENTED_EDGE('',*,*,#1262,.T.);
#743=ORIENTED_EDGE('',*,*,#1219,.F.);
#744=ORIENTED_EDGE('',*,*,#1308,.T.);
#745=ORIENTED_EDGE('',*,*,#1309,.T.);
#746=ORIENTED_EDGE('',*,*,#1310,.F.);
#747=ORIENTED_EDGE('',*,*,#1297,.F.);
#748=ORIENTED_EDGE('',*,*,#1300,.F.);
#749=ORIENTED_EDGE('',*,*,#1190,.T.);
#750=ORIENTED_EDGE('',*,*,#1307,.T.);
#751=ORIENTED_EDGE('',*,*,#1252,.F.);
#752=ORIENTED_EDGE('',*,*,#1311,.T.);
#753=ORIENTED_EDGE('',*,*,#1312,.T.);
#754=ORIENTED_EDGE('',*,*,#1313,.F.);
#755=ORIENTED_EDGE('',*,*,#1247,.F.);
#756=ORIENTED_EDGE('',*,*,#1314,.T.);
#757=ORIENTED_EDGE('',*,*,#1315,.T.);
#758=ORIENTED_EDGE('',*,*,#1316,.F.);
#759=ORIENTED_EDGE('',*,*,#1242,.F.);
#760=ORIENTED_EDGE('',*,*,#1317,.T.);
#761=ORIENTED_EDGE('',*,*,#1318,.T.);
#762=ORIENTED_EDGE('',*,*,#1319,.F.);
#763=ORIENTED_EDGE('',*,*,#1282,.F.);
#764=ORIENTED_EDGE('',*,*,#1320,.F.);
#765=ORIENTED_EDGE('',*,*,#1156,.F.);
#766=ORIENTED_EDGE('',*,*,#1320,.T.);
#767=ORIENTED_EDGE('',*,*,#1285,.F.);
#768=ORIENTED_EDGE('',*,*,#1321,.F.);
#769=ORIENTED_EDGE('',*,*,#1157,.F.);
#770=ORIENTED_EDGE('',*,*,#1319,.T.);
#771=ORIENTED_EDGE('',*,*,#1151,.F.);
#772=ORIENTED_EDGE('',*,*,#1322,.F.);
#773=ORIENTED_EDGE('',*,*,#1279,.F.);
#774=ORIENTED_EDGE('',*,*,#1321,.T.);
#775=ORIENTED_EDGE('',*,*,#1287,.F.);
#776=ORIENTED_EDGE('',*,*,#1323,.F.);
#777=ORIENTED_EDGE('',*,*,#1144,.F.);
#778=ORIENTED_EDGE('',*,*,#1322,.T.);
#779=ORIENTED_EDGE('',*,*,#1150,.F.);
#780=ORIENTED_EDGE('',*,*,#1324,.F.);
#781=ORIENTED_EDGE('',*,*,#1276,.F.);
#782=ORIENTED_EDGE('',*,*,#1323,.T.);
#783=ORIENTED_EDGE('',*,*,#1228,.F.);
#784=ORIENTED_EDGE('',*,*,#1325,.F.);
#785=ORIENTED_EDGE('',*,*,#1205,.F.);
#786=ORIENTED_EDGE('',*,*,#1326,.F.);
#787=ORIENTED_EDGE('',*,*,#1324,.T.);
#788=ORIENTED_EDGE('',*,*,#1149,.F.);
#789=ORIENTED_EDGE('',*,*,#1327,.F.);
#790=ORIENTED_EDGE('',*,*,#1273,.F.);
#791=ORIENTED_EDGE('',*,*,#1325,.T.);
#792=ORIENTED_EDGE('',*,*,#1269,.F.);
#793=ORIENTED_EDGE('',*,*,#1328,.F.);
#794=ORIENTED_EDGE('',*,*,#1329,.F.);
#795=ORIENTED_EDGE('',*,*,#1215,.F.);
#796=ORIENTED_EDGE('',*,*,#1327,.T.);
#797=ORIENTED_EDGE('',*,*,#1148,.F.);
#798=ORIENTED_EDGE('',*,*,#1330,.T.);
#799=ORIENTED_EDGE('',*,*,#1331,.F.);
#800=ORIENTED_EDGE('',*,*,#1164,.F.);
#801=ORIENTED_EDGE('',*,*,#1332,.F.);
#802=ORIENTED_EDGE('',*,*,#1328,.T.);
#803=ORIENTED_EDGE('',*,*,#1259,.F.);
#804=ORIENTED_EDGE('',*,*,#1333,.T.);
#805=ORIENTED_EDGE('',*,*,#1334,.T.);
#806=ORIENTED_EDGE('',*,*,#1221,.F.);
#807=ORIENTED_EDGE('',*,*,#1261,.T.);
#808=ORIENTED_EDGE('',*,*,#1290,.T.);
#809=ORIENTED_EDGE('',*,*,#1335,.T.);
#810=ORIENTED_EDGE('',*,*,#1336,.F.);
#811=ORIENTED_EDGE('',*,*,#1265,.F.);
#812=ORIENTED_EDGE('',*,*,#1336,.T.);
#813=ORIENTED_EDGE('',*,*,#1337,.T.);
#814=ORIENTED_EDGE('',*,*,#1333,.F.);
#815=ORIENTED_EDGE('',*,*,#1266,.T.);
#816=ORIENTED_EDGE('',*,*,#1338,.T.);
#817=ORIENTED_EDGE('',*,*,#1339,.T.);
#818=ORIENTED_EDGE('',*,*,#1340,.F.);
#819=ORIENTED_EDGE('',*,*,#1312,.F.);
#820=ORIENTED_EDGE('',*,*,#1340,.T.);
#821=ORIENTED_EDGE('',*,*,#1341,.T.);
#822=ORIENTED_EDGE('',*,*,#1243,.F.);
#823=ORIENTED_EDGE('',*,*,#1313,.T.);
#824=ORIENTED_EDGE('',*,*,#1251,.T.);
#825=ORIENTED_EDGE('',*,*,#1270,.F.);
#826=ORIENTED_EDGE('',*,*,#1342,.T.);
#827=ORIENTED_EDGE('',*,*,#1338,.F.);
#828=ORIENTED_EDGE('',*,*,#1311,.F.);
#829=ORIENTED_EDGE('',*,*,#1343,.T.);
#830=ORIENTED_EDGE('',*,*,#1344,.T.);
#831=ORIENTED_EDGE('',*,*,#1345,.F.);
#832=ORIENTED_EDGE('',*,*,#1315,.F.);
#833=ORIENTED_EDGE('',*,*,#1345,.T.);
#834=ORIENTED_EDGE('',*,*,#1346,.T.);
#835=ORIENTED_EDGE('',*,*,#1238,.F.);
#836=ORIENTED_EDGE('',*,*,#1316,.T.);
#837=ORIENTED_EDGE('',*,*,#1246,.T.);
#838=ORIENTED_EDGE('',*,*,#1347,.T.);
#839=ORIENTED_EDGE('',*,*,#1343,.F.);
#840=ORIENTED_EDGE('',*,*,#1314,.F.);
#841=ORIENTED_EDGE('',*,*,#1348,.T.);
#842=ORIENTED_EDGE('',*,*,#1349,.T.);
#843=ORIENTED_EDGE('',*,*,#1350,.F.);
#844=ORIENTED_EDGE('',*,*,#1318,.F.);
#845=ORIENTED_EDGE('',*,*,#1350,.T.);
#846=ORIENTED_EDGE('',*,*,#1351,.T.);
#847=ORIENTED_EDGE('',*,*,#1298,.F.);
#848=ORIENTED_EDGE('',*,*,#1310,.T.);
#849=ORIENTED_EDGE('',*,*,#1241,.T.);
#850=ORIENTED_EDGE('',*,*,#1352,.T.);
#851=ORIENTED_EDGE('',*,*,#1348,.F.);
#852=ORIENTED_EDGE('',*,*,#1317,.F.);
#853=ORIENTED_EDGE('',*,*,#1353,.T.);
#854=ORIENTED_EDGE('',*,*,#1167,.T.);
#855=ORIENTED_EDGE('',*,*,#1354,.F.);
#856=ORIENTED_EDGE('',*,*,#1355,.F.);
#857=ORIENTED_EDGE('',*,*,#1169,.F.);
#858=ORIENTED_EDGE('',*,*,#1356,.F.);
#859=ORIENTED_EDGE('',*,*,#1357,.T.);
#860=ORIENTED_EDGE('',*,*,#1358,.T.);
#861=ORIENTED_EDGE('',*,*,#1359,.T.);
#862=ORIENTED_EDGE('',*,*,#1171,.T.);
#863=ORIENTED_EDGE('',*,*,#1360,.F.);
#864=ORIENTED_EDGE('',*,*,#1361,.F.);
#865=ORIENTED_EDGE('',*,*,#1172,.F.);
#866=ORIENTED_EDGE('',*,*,#1359,.F.);
#867=ORIENTED_EDGE('',*,*,#1362,.T.);
#868=ORIENTED_EDGE('',*,*,#1363,.T.);
#869=ORIENTED_EDGE('',*,*,#1174,.F.);
#870=ORIENTED_EDGE('',*,*,#1364,.F.);
#871=ORIENTED_EDGE('',*,*,#1365,.T.);
#872=ORIENTED_EDGE('',*,*,#1366,.T.);
#873=ORIENTED_EDGE('',*,*,#1176,.F.);
#874=ORIENTED_EDGE('',*,*,#1367,.F.);
#875=ORIENTED_EDGE('',*,*,#1368,.T.);
#876=ORIENTED_EDGE('',*,*,#1369,.T.);
#877=ORIENTED_EDGE('',*,*,#1178,.F.);
#878=ORIENTED_EDGE('',*,*,#1370,.F.);
#879=ORIENTED_EDGE('',*,*,#1371,.T.);
#880=ORIENTED_EDGE('',*,*,#1372,.T.);
#881=ORIENTED_EDGE('',*,*,#1180,.F.);
#882=ORIENTED_EDGE('',*,*,#1373,.F.);
#883=ORIENTED_EDGE('',*,*,#1374,.T.);
#884=ORIENTED_EDGE('',*,*,#1375,.T.);
#885=ORIENTED_EDGE('',*,*,#1182,.F.);
#886=ORIENTED_EDGE('',*,*,#1376,.F.);
#887=ORIENTED_EDGE('',*,*,#1377,.T.);
#888=ORIENTED_EDGE('',*,*,#1378,.T.);
#889=ORIENTED_EDGE('',*,*,#1184,.F.);
#890=ORIENTED_EDGE('',*,*,#1379,.F.);
#891=ORIENTED_EDGE('',*,*,#1380,.T.);
#892=ORIENTED_EDGE('',*,*,#1381,.T.);
#893=ORIENTED_EDGE('',*,*,#1186,.F.);
#894=ORIENTED_EDGE('',*,*,#1382,.F.);
#895=ORIENTED_EDGE('',*,*,#1383,.T.);
#896=ORIENTED_EDGE('',*,*,#1384,.T.);
#897=ORIENTED_EDGE('',*,*,#1385,.F.);
#898=ORIENTED_EDGE('',*,*,#1386,.T.);
#899=ORIENTED_EDGE('',*,*,#1387,.T.);
#900=ORIENTED_EDGE('',*,*,#1388,.T.);
#901=ORIENTED_EDGE('',*,*,#1389,.T.);
#902=ORIENTED_EDGE('',*,*,#1189,.F.);
#903=ORIENTED_EDGE('',*,*,#1390,.F.);
#904=ORIENTED_EDGE('',*,*,#1391,.T.);
#905=ORIENTED_EDGE('',*,*,#1177,.F.);
#906=ORIENTED_EDGE('',*,*,#1369,.F.);
#907=ORIENTED_EDGE('',*,*,#1392,.T.);
#908=ORIENTED_EDGE('',*,*,#1370,.T.);
#909=ORIENTED_EDGE('',*,*,#1179,.F.);
#910=ORIENTED_EDGE('',*,*,#1372,.F.);
#911=ORIENTED_EDGE('',*,*,#1393,.T.);
#912=ORIENTED_EDGE('',*,*,#1373,.T.);
#913=ORIENTED_EDGE('',*,*,#1181,.F.);
#914=ORIENTED_EDGE('',*,*,#1375,.F.);
#915=ORIENTED_EDGE('',*,*,#1394,.T.);
#916=ORIENTED_EDGE('',*,*,#1376,.T.);
#917=ORIENTED_EDGE('',*,*,#1379,.T.);
#918=ORIENTED_EDGE('',*,*,#1183,.T.);
#919=ORIENTED_EDGE('',*,*,#1378,.F.);
#920=ORIENTED_EDGE('',*,*,#1395,.F.);
#921=ORIENTED_EDGE('',*,*,#1382,.T.);
#922=ORIENTED_EDGE('',*,*,#1185,.T.);
#923=ORIENTED_EDGE('',*,*,#1381,.F.);
#924=ORIENTED_EDGE('',*,*,#1396,.F.);
#925=ORIENTED_EDGE('',*,*,#1187,.F.);
#926=ORIENTED_EDGE('',*,*,#1384,.F.);
#927=ORIENTED_EDGE('',*,*,#1397,.T.);
#928=ORIENTED_EDGE('',*,*,#1398,.T.);
#929=ORIENTED_EDGE('',*,*,#1188,.F.);
#930=ORIENTED_EDGE('',*,*,#1398,.F.);
#931=ORIENTED_EDGE('',*,*,#1399,.T.);
#932=ORIENTED_EDGE('',*,*,#1390,.T.);
#933=ORIENTED_EDGE('',*,*,#1400,.T.);
#934=ORIENTED_EDGE('',*,*,#1165,.T.);
#935=ORIENTED_EDGE('',*,*,#1389,.F.);
#936=ORIENTED_EDGE('',*,*,#1401,.F.);
#937=ORIENTED_EDGE('',*,*,#1166,.F.);
#938=ORIENTED_EDGE('',*,*,#1400,.F.);
#939=ORIENTED_EDGE('',*,*,#1402,.T.);
#940=ORIENTED_EDGE('',*,*,#1354,.T.);
#941=ORIENTED_EDGE('',*,*,#1356,.T.);
#942=ORIENTED_EDGE('',*,*,#1168,.T.);
#943=ORIENTED_EDGE('',*,*,#1353,.F.);
#944=ORIENTED_EDGE('',*,*,#1403,.F.);
#945=ORIENTED_EDGE('',*,*,#1360,.T.);
#946=ORIENTED_EDGE('',*,*,#1170,.T.);
#947=ORIENTED_EDGE('',*,*,#1358,.F.);
#948=ORIENTED_EDGE('',*,*,#1404,.F.);
#949=ORIENTED_EDGE('',*,*,#1173,.F.);
#950=ORIENTED_EDGE('',*,*,#1363,.F.);
#951=ORIENTED_EDGE('',*,*,#1405,.T.);
#952=ORIENTED_EDGE('',*,*,#1364,.T.);
#953=ORIENTED_EDGE('',*,*,#1367,.T.);
#954=ORIENTED_EDGE('',*,*,#1175,.T.);
#955=ORIENTED_EDGE('',*,*,#1366,.F.);
#956=ORIENTED_EDGE('',*,*,#1406,.F.);
#957=ORIENTED_EDGE('',*,*,#1407,.T.);
#958=ORIENTED_EDGE('',*,*,#1408,.T.);
#959=ORIENTED_EDGE('',*,*,#1409,.T.);
#960=ORIENTED_EDGE('',*,*,#1410,.T.);
#961=ORIENTED_EDGE('',*,*,#1411,.F.);
#962=ORIENTED_EDGE('',*,*,#1412,.T.);
#963=ORIENTED_EDGE('',*,*,#1391,.F.);
#964=ORIENTED_EDGE('',*,*,#1399,.F.);
#965=ORIENTED_EDGE('',*,*,#1397,.F.);
#966=ORIENTED_EDGE('',*,*,#1383,.F.);
#967=ORIENTED_EDGE('',*,*,#1396,.T.);
#968=ORIENTED_EDGE('',*,*,#1380,.F.);
#969=ORIENTED_EDGE('',*,*,#1395,.T.);
#970=ORIENTED_EDGE('',*,*,#1377,.F.);
#971=ORIENTED_EDGE('',*,*,#1394,.F.);
#972=ORIENTED_EDGE('',*,*,#1374,.F.);
#973=ORIENTED_EDGE('',*,*,#1393,.F.);
#974=ORIENTED_EDGE('',*,*,#1371,.F.);
#975=ORIENTED_EDGE('',*,*,#1392,.F.);
#976=ORIENTED_EDGE('',*,*,#1368,.F.);
#977=ORIENTED_EDGE('',*,*,#1406,.T.);
#978=ORIENTED_EDGE('',*,*,#1365,.F.);
#979=ORIENTED_EDGE('',*,*,#1405,.F.);
#980=ORIENTED_EDGE('',*,*,#1362,.F.);
#981=ORIENTED_EDGE('',*,*,#1361,.T.);
#982=ORIENTED_EDGE('',*,*,#1404,.T.);
#983=ORIENTED_EDGE('',*,*,#1357,.F.);
#984=ORIENTED_EDGE('',*,*,#1403,.T.);
#985=ORIENTED_EDGE('',*,*,#1355,.T.);
#986=ORIENTED_EDGE('',*,*,#1402,.F.);
#987=ORIENTED_EDGE('',*,*,#1401,.T.);
#988=ORIENTED_EDGE('',*,*,#1388,.F.);
#989=ORIENTED_EDGE('',*,*,#1413,.F.);
#990=ORIENTED_EDGE('',*,*,#1289,.F.);
#991=ORIENTED_EDGE('',*,*,#1256,.F.);
#992=ORIENTED_EDGE('',*,*,#1414,.F.);
#993=ORIENTED_EDGE('',*,*,#1335,.F.);
#994=ORIENTED_EDGE('',*,*,#1414,.T.);
#995=ORIENTED_EDGE('',*,*,#1255,.F.);
#996=ORIENTED_EDGE('',*,*,#1415,.F.);
#997=ORIENTED_EDGE('',*,*,#1337,.F.);
#998=ORIENTED_EDGE('',*,*,#1222,.F.);
#999=ORIENTED_EDGE('',*,*,#1334,.F.);
#1000=ORIENTED_EDGE('',*,*,#1415,.T.);
#1001=ORIENTED_EDGE('',*,*,#1254,.F.);
#1002=ORIENTED_EDGE('',*,*,#1342,.F.);
#1003=ORIENTED_EDGE('',*,*,#1226,.F.);
#1004=ORIENTED_EDGE('',*,*,#1416,.F.);
#1005=ORIENTED_EDGE('',*,*,#1339,.F.);
#1006=ORIENTED_EDGE('',*,*,#1416,.T.);
#1007=ORIENTED_EDGE('',*,*,#1225,.F.);
#1008=ORIENTED_EDGE('',*,*,#1244,.F.);
#1009=ORIENTED_EDGE('',*,*,#1341,.F.);
#1010=ORIENTED_EDGE('',*,*,#1239,.F.);
#1011=ORIENTED_EDGE('',*,*,#1346,.F.);
#1012=ORIENTED_EDGE('',*,*,#1417,.F.);
#1013=ORIENTED_EDGE('',*,*,#1235,.F.);
#1014=ORIENTED_EDGE('',*,*,#1417,.T.);
#1015=ORIENTED_EDGE('',*,*,#1344,.F.);
#1016=ORIENTED_EDGE('',*,*,#1418,.F.);
#1017=ORIENTED_EDGE('',*,*,#1236,.F.);
#1018=ORIENTED_EDGE('',*,*,#1418,.T.);
#1019=ORIENTED_EDGE('',*,*,#1347,.F.);
#1020=ORIENTED_EDGE('',*,*,#1245,.F.);
#1021=ORIENTED_EDGE('',*,*,#1237,.F.);
#1022=ORIENTED_EDGE('',*,*,#1299,.F.);
#1023=ORIENTED_EDGE('',*,*,#1351,.F.);
#1024=ORIENTED_EDGE('',*,*,#1419,.F.);
#1025=ORIENTED_EDGE('',*,*,#1231,.F.);
#1026=ORIENTED_EDGE('',*,*,#1419,.T.);
#1027=ORIENTED_EDGE('',*,*,#1349,.F.);
#1028=ORIENTED_EDGE('',*,*,#1420,.F.);
#1029=ORIENTED_EDGE('',*,*,#1232,.F.);
#1030=ORIENTED_EDGE('',*,*,#1420,.T.);
#1031=ORIENTED_EDGE('',*,*,#1352,.F.);
#1032=ORIENTED_EDGE('',*,*,#1240,.F.);
#1033=ORIENTED_EDGE('',*,*,#1233,.F.);
#1034=ORIENTED_EDGE('',*,*,#1411,.T.);
#1035=ORIENTED_EDGE('',*,*,#1421,.F.);
#1036=ORIENTED_EDGE('',*,*,#1422,.F.);
#1037=ORIENTED_EDGE('',*,*,#1423,.T.);
#1038=ORIENTED_EDGE('',*,*,#1424,.F.);
#1039=ORIENTED_EDGE('',*,*,#1421,.T.);
#1040=ORIENTED_EDGE('',*,*,#1413,.T.);
#1041=ORIENTED_EDGE('',*,*,#1387,.F.);
#1042=ORIENTED_EDGE('',*,*,#1385,.T.);
#1043=ORIENTED_EDGE('',*,*,#1412,.F.);
#1044=ORIENTED_EDGE('',*,*,#1423,.F.);
#1045=ORIENTED_EDGE('',*,*,#1425,.T.);
#1046=ORIENTED_EDGE('',*,*,#1425,.F.);
#1047=ORIENTED_EDGE('',*,*,#1422,.T.);
#1048=ORIENTED_EDGE('',*,*,#1424,.T.);
#1049=ORIENTED_EDGE('',*,*,#1386,.F.);
#1050=ORIENTED_EDGE('',*,*,#1426,.T.);
#1051=ORIENTED_EDGE('',*,*,#1427,.T.);
#1052=ORIENTED_EDGE('',*,*,#1428,.T.);
#1053=ORIENTED_EDGE('',*,*,#1429,.F.);
#1054=ORIENTED_EDGE('',*,*,#1309,.F.);
#1055=ORIENTED_EDGE('',*,*,#1430,.T.);
#1056=ORIENTED_EDGE('',*,*,#1429,.T.);
#1057=ORIENTED_EDGE('',*,*,#1431,.T.);
#1058=ORIENTED_EDGE('',*,*,#1248,.F.);
#1059=ORIENTED_EDGE('',*,*,#1306,.T.);
#1060=ORIENTED_EDGE('',*,*,#1218,.T.);
#1061=ORIENTED_EDGE('',*,*,#1432,.T.);
#1062=ORIENTED_EDGE('',*,*,#1430,.F.);
#1063=ORIENTED_EDGE('',*,*,#1308,.F.);
#1064=ORIENTED_EDGE('',*,*,#1431,.F.);
#1065=ORIENTED_EDGE('',*,*,#1428,.F.);
#1066=ORIENTED_EDGE('',*,*,#1433,.F.);
#1067=ORIENTED_EDGE('',*,*,#1271,.F.);
#1068=ORIENTED_EDGE('',*,*,#1249,.F.);
#1069=ORIENTED_EDGE('',*,*,#1427,.F.);
#1070=ORIENTED_EDGE('',*,*,#1434,.F.);
#1071=ORIENTED_EDGE('',*,*,#1267,.F.);
#1072=ORIENTED_EDGE('',*,*,#1433,.T.);
#1073=ORIENTED_EDGE('',*,*,#1217,.F.);
#1074=ORIENTED_EDGE('',*,*,#1268,.F.);
#1075=ORIENTED_EDGE('',*,*,#1434,.T.);
#1076=ORIENTED_EDGE('',*,*,#1426,.F.);
#1077=ORIENTED_EDGE('',*,*,#1432,.F.);
#1078=ORIENTED_EDGE('',*,*,#1329,.T.);
#1079=ORIENTED_EDGE('',*,*,#1332,.T.);
#1080=ORIENTED_EDGE('',*,*,#1214,.T.);
#1081=ORIENTED_EDGE('',*,*,#1207,.T.);
#1082=ORIENTED_EDGE('',*,*,#1154,.T.);
#1083=ORIENTED_EDGE('',*,*,#1153,.F.);
#1084=ORIENTED_EDGE('',*,*,#1435,.T.);
#1085=ORIENTED_EDGE('',*,*,#1152,.F.);
#1086=ORIENTED_EDGE('',*,*,#1155,.T.);
#1087=ORIENTED_EDGE('',*,*,#1435,.F.);
#1088=ORIENTED_EDGE('',*,*,#1436,.F.);
#1089=ORIENTED_EDGE('',*,*,#1437,.F.);
#1090=ORIENTED_EDGE('',*,*,#1438,.T.);
#1091=ORIENTED_EDGE('',*,*,#1202,.F.);
#1092=ORIENTED_EDGE('',*,*,#1439,.F.);
#1093=ORIENTED_EDGE('',*,*,#1210,.F.);
#1094=ORIENTED_EDGE('',*,*,#1440,.T.);
#1095=ORIENTED_EDGE('',*,*,#1200,.F.);
#1096=ORIENTED_EDGE('',*,*,#1199,.T.);
#1097=ORIENTED_EDGE('',*,*,#1438,.F.);
#1098=ORIENTED_EDGE('',*,*,#1441,.T.);
#1099=ORIENTED_EDGE('',*,*,#1442,.F.);
#1100=ORIENTED_EDGE('',*,*,#1160,.F.);
#1101=ORIENTED_EDGE('',*,*,#1211,.T.);
#1102=ORIENTED_EDGE('',*,*,#1203,.T.);
#1103=ORIENTED_EDGE('',*,*,#1439,.T.);
#1104=ORIENTED_EDGE('',*,*,#1201,.T.);
#1105=ORIENTED_EDGE('',*,*,#1440,.F.);
#1106=ORIENTED_EDGE('',*,*,#1209,.T.);
#1107=ORIENTED_EDGE('',*,*,#1213,.T.);
#1108=ORIENTED_EDGE('',*,*,#1162,.F.);
#1109=ORIENTED_EDGE('',*,*,#1443,.F.);
#1110=ORIENTED_EDGE('',*,*,#1444,.T.);
#1111=ORIENTED_EDGE('',*,*,#1436,.T.);
#1112=ORIENTED_EDGE('',*,*,#1445,.F.);
#1113=ORIENTED_EDGE('',*,*,#1445,.T.);
#1114=ORIENTED_EDGE('',*,*,#1410,.F.);
#1115=ORIENTED_EDGE('',*,*,#1446,.F.);
#1116=ORIENTED_EDGE('',*,*,#1446,.T.);
#1117=ORIENTED_EDGE('',*,*,#1409,.F.);
#1118=ORIENTED_EDGE('',*,*,#1447,.F.);
#1119=ORIENTED_EDGE('',*,*,#1447,.T.);
#1120=ORIENTED_EDGE('',*,*,#1408,.F.);
#1121=ORIENTED_EDGE('',*,*,#1448,.F.);
#1122=ORIENTED_EDGE('',*,*,#1448,.T.);
#1123=ORIENTED_EDGE('',*,*,#1407,.F.);
#1124=ORIENTED_EDGE('',*,*,#1441,.F.);
#1125=ORIENTED_EDGE('',*,*,#1437,.T.);
#1126=ORIENTED_EDGE('',*,*,#1444,.F.);
#1127=ORIENTED_EDGE('',*,*,#1449,.F.);
#1128=ORIENTED_EDGE('',*,*,#1330,.F.);
#1129=ORIENTED_EDGE('',*,*,#1147,.F.);
#1130=ORIENTED_EDGE('',*,*,#1450,.T.);
#1131=ORIENTED_EDGE('',*,*,#1326,.T.);
#1132=ORIENTED_EDGE('',*,*,#1451,.F.);
#1133=ORIENTED_EDGE('',*,*,#1158,.T.);
#1134=ORIENTED_EDGE('',*,*,#1442,.T.);
#1135=ORIENTED_EDGE('',*,*,#1451,.T.);
#1136=ORIENTED_EDGE('',*,*,#1212,.F.);
#1137=ORIENTED_EDGE('',*,*,#1449,.T.);
#1138=ORIENTED_EDGE('',*,*,#1443,.T.);
#1139=ORIENTED_EDGE('',*,*,#1161,.T.);
#1140=ORIENTED_EDGE('',*,*,#1331,.T.);
#1141=ORIENTED_EDGE('',*,*,#1450,.F.);
#1142=ORIENTED_EDGE('',*,*,#1146,.T.);
#1143=ORIENTED_EDGE('',*,*,#1145,.F.);
#1144=EDGE_CURVE('',#1452,#1453,#1656,.T.);
#1145=EDGE_CURVE('',#1453,#1454,#108,.T.);
#1146=EDGE_CURVE('',#1455,#1454,#109,.T.);
#1147=EDGE_CURVE('',#1455,#1456,#110,.T.);
#1148=EDGE_CURVE('',#1456,#1457,#111,.F.);
#1149=EDGE_CURVE('',#1457,#1458,#1657,.T.);
#1150=EDGE_CURVE('',#1458,#1459,#1658,.T.);
#1151=EDGE_CURVE('',#1459,#1460,#1659,.T.);
#1152=EDGE_CURVE('',#1460,#1461,#112,.T.);
#1153=EDGE_CURVE('',#1461,#1462,#113,.T.);
#1154=EDGE_CURVE('',#1463,#1462,#114,.T.);
#1155=EDGE_CURVE('',#1460,#1463,#115,.T.);
#1156=EDGE_CURVE('',#1460,#1464,#1660,.T.);
#1157=EDGE_CURVE('',#1464,#1452,#1661,.T.);
#1158=EDGE_CURVE('',#1465,#1466,#116,.T.);
#1159=EDGE_CURVE('',#1465,#1467,#117,.T.);
#1160=EDGE_CURVE('',#1467,#1466,#118,.T.);
#1161=EDGE_CURVE('',#1468,#1469,#119,.T.);
#1162=EDGE_CURVE('',#1468,#1470,#120,.T.);
#1163=EDGE_CURVE('',#1470,#1471,#121,.T.);
#1164=EDGE_CURVE('',#1471,#1469,#122,.F.);
#1165=EDGE_CURVE('',#1472,#1473,#123,.T.);
#1166=EDGE_CURVE('',#1472,#1474,#124,.T.);
#1167=EDGE_CURVE('',#1475,#1474,#125,.T.);
#1168=EDGE_CURVE('',#1476,#1475,#126,.T.);
#1169=EDGE_CURVE('',#1476,#1477,#127,.T.);
#1170=EDGE_CURVE('',#1478,#1477,#128,.T.);
#1171=EDGE_CURVE('',#1479,#1478,#129,.T.);
#1172=EDGE_CURVE('',#1479,#1480,#130,.T.);
#1173=EDGE_CURVE('',#1480,#1481,#131,.T.);
#1174=EDGE_CURVE('',#1481,#1482,#132,.T.);
#1175=EDGE_CURVE('',#1483,#1482,#133,.T.);
#1176=EDGE_CURVE('',#1483,#1484,#134,.T.);
#1177=EDGE_CURVE('',#1484,#1485,#135,.T.);
#1178=EDGE_CURVE('',#1485,#1486,#136,.T.);
#1179=EDGE_CURVE('',#1486,#1487,#137,.T.);
#1180=EDGE_CURVE('',#1487,#1488,#138,.T.);
#1181=EDGE_CURVE('',#1488,#1489,#139,.T.);
#1182=EDGE_CURVE('',#1489,#1490,#140,.T.);
#1183=EDGE_CURVE('',#1491,#1490,#141,.T.);
#1184=EDGE_CURVE('',#1491,#1492,#142,.T.);
#1185=EDGE_CURVE('',#1493,#1492,#143,.T.);
#1186=EDGE_CURVE('',#1493,#1494,#144,.T.);
#1187=EDGE_CURVE('',#1494,#1495,#145,.T.);
#1188=EDGE_CURVE('',#1495,#1496,#146,.T.);
#1189=EDGE_CURVE('',#1496,#1473,#147,.T.);
#1190=EDGE_CURVE('',#1497,#1498,#148,.T.);
#1191=EDGE_CURVE('',#1497,#1499,#1662,.T.);
#1192=EDGE_CURVE('',#1500,#1499,#1663,.T.);
#1193=EDGE_CURVE('',#1501,#1500,#1664,.T.);
#1194=EDGE_CURVE('',#1502,#1501,#1665,.T.);
#1195=EDGE_CURVE('',#1503,#1502,#1666,.T.);
#1196=EDGE_CURVE('',#1504,#1503,#1667,.T.);
#1197=EDGE_CURVE('',#1504,#1505,#149,.T.);
#1198=EDGE_CURVE('',#1498,#1505,#1668,.T.);
#1199=EDGE_CURVE('',#1506,#1507,#150,.T.);
#1200=EDGE_CURVE('',#1506,#1508,#1669,.T.);
#1201=EDGE_CURVE('',#1509,#1508,#151,.T.);
#1202=EDGE_CURVE('',#1509,#1507,#1670,.T.);
#1203=EDGE_CURVE('',#1510,#1511,#69,.T.);
#1204=EDGE_CURVE('',#1510,#1512,#1671,.T.);
#1205=EDGE_CURVE('',#1512,#1513,#152,.T.);
#1206=EDGE_CURVE('',#1513,#1514,#70,.T.);
#1207=EDGE_CURVE('',#1515,#1514,#153,.T.);
#1208=EDGE_CURVE('',#1515,#1516,#1672,.T.);
#1209=EDGE_CURVE('',#1517,#1516,#71,.T.);
#1210=EDGE_CURVE('',#1517,#1511,#72,.T.);
#1211=EDGE_CURVE('',#1467,#1510,#73,.T.);
#1212=EDGE_CURVE('',#1465,#1512,#154,.T.);
#1213=EDGE_CURVE('',#1516,#1470,#74,.T.);
#1214=EDGE_CURVE('',#1471,#1515,#155,.T.);
#1215=EDGE_CURVE('',#1513,#1514,#1673,.T.);
#1216=EDGE_CURVE('',#1518,#1519,#1674,.T.);
#1217=EDGE_CURVE('',#1518,#1520,#1675,.F.);
#1218=EDGE_CURVE('',#1521,#1520,#156,.T.);
#1219=EDGE_CURVE('',#1521,#1522,#1676,.T.);
#1220=EDGE_CURVE('',#1523,#1522,#157,.T.);
#1221=EDGE_CURVE('',#1523,#1524,#158,.T.);
#1222=EDGE_CURVE('',#1524,#1525,#1677,.F.);
#1223=EDGE_CURVE('',#1525,#1519,#159,.T.);
#1224=EDGE_CURVE('',#1526,#1527,#160,.T.);
#1225=EDGE_CURVE('',#1527,#1528,#161,.F.);
#1226=EDGE_CURVE('',#1528,#1529,#162,.T.);
#1227=EDGE_CURVE('',#1530,#1529,#163,.T.);
#1228=EDGE_CURVE('',#1530,#1531,#164,.F.);
#1229=EDGE_CURVE('',#1531,#1532,#165,.T.);
#1230=EDGE_CURVE('',#1532,#1533,#166,.T.);
#1231=EDGE_CURVE('',#1533,#1534,#167,.F.);
#1232=EDGE_CURVE('',#1534,#1535,#168,.T.);
#1233=EDGE_CURVE('',#1535,#1536,#169,.T.);
#1234=EDGE_CURVE('',#1536,#1537,#170,.T.);
#1235=EDGE_CURVE('',#1537,#1538,#171,.F.);
#1236=EDGE_CURVE('',#1538,#1539,#172,.T.);
#1237=EDGE_CURVE('',#1539,#1526,#173,.T.);
#1238=EDGE_CURVE('',#1540,#1541,#174,.T.);
#1239=EDGE_CURVE('',#1541,#1537,#1678,.F.);
#1240=EDGE_CURVE('',#1536,#1542,#1679,.F.);
#1241=EDGE_CURVE('',#1543,#1542,#175,.T.);
#1242=EDGE_CURVE('',#1543,#1540,#176,.T.);
#1243=EDGE_CURVE('',#1544,#1545,#177,.T.);
#1244=EDGE_CURVE('',#1545,#1527,#1680,.F.);
#1245=EDGE_CURVE('',#1526,#1546,#1681,.F.);
#1246=EDGE_CURVE('',#1547,#1546,#178,.T.);
#1247=EDGE_CURVE('',#1547,#1544,#179,.T.);
#1248=EDGE_CURVE('',#1548,#1549,#180,.T.);
#1249=EDGE_CURVE('',#1549,#1550,#1682,.F.);
#1250=EDGE_CURVE('',#1551,#1550,#1683,.T.);
#1251=EDGE_CURVE('',#1552,#1551,#181,.T.);
#1252=EDGE_CURVE('',#1552,#1553,#182,.T.);
#1253=EDGE_CURVE('',#1553,#1548,#1684,.T.);
#1254=EDGE_CURVE('',#1525,#1554,#183,.T.);
#1255=EDGE_CURVE('',#1554,#1555,#184,.T.);
#1256=EDGE_CURVE('',#1555,#1556,#185,.F.);
#1257=EDGE_CURVE('',#1557,#1556,#186,.T.);
#1258=EDGE_CURVE('',#1558,#1557,#187,.T.);
#1259=EDGE_CURVE('',#1558,#1559,#188,.T.);
#1260=EDGE_CURVE('',#1559,#1519,#189,.T.);
#1261=EDGE_CURVE('',#1523,#1560,#190,.T.);
#1262=EDGE_CURVE('',#1505,#1522,#191,.T.);
#1263=EDGE_CURVE('',#1504,#1561,#192,.T.);
#1264=EDGE_CURVE('',#1561,#1562,#193,.T.);
#1265=EDGE_CURVE('',#1562,#1563,#194,.T.);
#1266=EDGE_CURVE('',#1560,#1563,#195,.T.);
#1267=EDGE_CURVE('',#1564,#1565,#1685,.F.);
#1268=EDGE_CURVE('',#1565,#1518,#196,.T.);
#1269=EDGE_CURVE('',#1559,#1530,#1686,.F.);
#1270=EDGE_CURVE('',#1529,#1551,#197,.T.);
#1271=EDGE_CURVE('',#1550,#1564,#198,.F.);
#1272=EDGE_CURVE('',#1566,#1567,#199,.T.);
#1273=EDGE_CURVE('',#1566,#1558,#1687,.F.);
#1274=EDGE_CURVE('',#1557,#1567,#1688,.T.);
#1275=EDGE_CURVE('',#1568,#1569,#200,.T.);
#1276=EDGE_CURVE('',#1568,#1566,#1689,.F.);
#1277=EDGE_CURVE('',#1567,#1569,#1690,.T.);
#1278=EDGE_CURVE('',#1570,#1571,#201,.T.);
#1279=EDGE_CURVE('',#1570,#1568,#1691,.F.);
#1280=EDGE_CURVE('',#1569,#1571,#1692,.T.);
#1281=EDGE_CURVE('',#1572,#1573,#202,.T.);
#1282=EDGE_CURVE('',#1572,#1570,#1693,.F.);
#1283=EDGE_CURVE('',#1571,#1573,#1694,.T.);
#1284=EDGE_CURVE('',#1574,#1575,#203,.T.);
#1285=EDGE_CURVE('',#1574,#1572,#1695,.F.);
#1286=EDGE_CURVE('',#1573,#1575,#1696,.T.);
#1287=EDGE_CURVE('',#1531,#1574,#1697,.F.);
#1288=EDGE_CURVE('',#1532,#1575,#1698,.F.);
#1289=EDGE_CURVE('',#1556,#1576,#1699,.F.);
#1290=EDGE_CURVE('',#1562,#1576,#204,.T.);
#1291=EDGE_CURVE('',#1561,#1577,#1700,.T.);
#1292=EDGE_CURVE('',#1577,#1578,#1701,.T.);
#1293=EDGE_CURVE('',#1578,#1579,#1702,.T.);
#1294=EDGE_CURVE('',#1579,#1580,#1703,.T.);
#1295=EDGE_CURVE('',#1580,#1581,#1704,.T.);
#1296=EDGE_CURVE('',#1582,#1581,#1705,.F.);
#1297=EDGE_CURVE('',#1582,#1583,#205,.T.);
#1298=EDGE_CURVE('',#1583,#1584,#206,.T.);
#1299=EDGE_CURVE('',#1584,#1533,#1706,.F.);
#1300=EDGE_CURVE('',#1497,#1582,#207,.T.);
#1301=EDGE_CURVE('',#1499,#1581,#208,.T.);
#1302=EDGE_CURVE('',#1500,#1580,#209,.T.);
#1303=EDGE_CURVE('',#1501,#1579,#210,.T.);
#1304=EDGE_CURVE('',#1502,#1578,#211,.T.);
#1305=EDGE_CURVE('',#1503,#1577,#212,.T.);
#1306=EDGE_CURVE('',#1548,#1585,#213,.F.);
#1307=EDGE_CURVE('',#1498,#1553,#214,.T.);
#1308=EDGE_CURVE('',#1521,#1586,#215,.F.);
#1309=EDGE_CURVE('',#1586,#1585,#1707,.T.);
#1310=EDGE_CURVE('',#1583,#1587,#216,.T.);
#1311=EDGE_CURVE('',#1552,#1588,#217,.T.);
#1312=EDGE_CURVE('',#1588,#1589,#218,.T.);
#1313=EDGE_CURVE('',#1544,#1589,#219,.T.);
#1314=EDGE_CURVE('',#1547,#1590,#220,.T.);
#1315=EDGE_CURVE('',#1590,#1591,#221,.T.);
#1316=EDGE_CURVE('',#1540,#1591,#222,.T.);
#1317=EDGE_CURVE('',#1543,#1592,#223,.T.);
#1318=EDGE_CURVE('',#1592,#1587,#224,.T.);
#1319=EDGE_CURVE('',#1570,#1460,#75,.T.);
#1320=EDGE_CURVE('',#1464,#1572,#76,.F.);
#1321=EDGE_CURVE('',#1452,#1574,#77,.F.);
#1322=EDGE_CURVE('',#1568,#1459,#78,.T.);
#1323=EDGE_CURVE('',#1453,#1531,#79,.F.);
#1324=EDGE_CURVE('',#1566,#1458,#80,.T.);
#1325=EDGE_CURVE('',#1513,#1530,#81,.F.);
#1326=EDGE_CURVE('',#1453,#1512,#225,.T.);
#1327=EDGE_CURVE('',#1558,#1457,#82,.T.);
#1328=EDGE_CURVE('',#1593,#1559,#83,.F.);
#1329=EDGE_CURVE('',#1514,#1593,#1708,.T.);
#1330=EDGE_CURVE('',#1456,#1594,#226,.T.);
#1331=EDGE_CURVE('',#1469,#1594,#227,.T.);
#1332=EDGE_CURVE('',#1593,#1471,#228,.F.);
#1333=EDGE_CURVE('',#1560,#1595,#229,.T.);
#1334=EDGE_CURVE('',#1595,#1524,#230,.F.);
#1335=EDGE_CURVE('',#1576,#1596,#231,.T.);
#1336=EDGE_CURVE('',#1563,#1596,#232,.T.);
#1337=EDGE_CURVE('',#1596,#1595,#233,.F.);
#1338=EDGE_CURVE('',#1588,#1597,#234,.T.);
#1339=EDGE_CURVE('',#1597,#1598,#235,.F.);
#1340=EDGE_CURVE('',#1589,#1598,#236,.T.);
#1341=EDGE_CURVE('',#1598,#1545,#237,.T.);
#1342=EDGE_CURVE('',#1529,#1597,#1709,.F.);
#1343=EDGE_CURVE('',#1590,#1599,#238,.T.);
#1344=EDGE_CURVE('',#1599,#1600,#239,.F.);
#1345=EDGE_CURVE('',#1591,#1600,#240,.T.);
#1346=EDGE_CURVE('',#1600,#1541,#241,.T.);
#1347=EDGE_CURVE('',#1546,#1599,#242,.F.);
#1348=EDGE_CURVE('',#1592,#1601,#243,.T.);
#1349=EDGE_CURVE('',#1601,#1602,#244,.F.);
#1350=EDGE_CURVE('',#1587,#1602,#245,.T.);
#1351=EDGE_CURVE('',#1602,#1584,#246,.T.);
#1352=EDGE_CURVE('',#1542,#1601,#247,.F.);
#1353=EDGE_CURVE('',#1603,#1475,#248,.T.);
#1354=EDGE_CURVE('',#1604,#1474,#249,.T.);
#1355=EDGE_CURVE('',#1603,#1604,#250,.T.);
#1356=EDGE_CURVE('',#1605,#1476,#251,.T.);
#1357=EDGE_CURVE('',#1605,#1606,#252,.F.);
#1358=EDGE_CURVE('',#1606,#1477,#253,.T.);
#1359=EDGE_CURVE('',#1607,#1479,#254,.T.);
#1360=EDGE_CURVE('',#1608,#1478,#255,.T.);
#1361=EDGE_CURVE('',#1607,#1608,#256,.T.);
#1362=EDGE_CURVE('',#1607,#1609,#257,.T.);
#1363=EDGE_CURVE('',#1609,#1480,#258,.T.);
#1364=EDGE_CURVE('',#1610,#1481,#259,.T.);
#1365=EDGE_CURVE('',#1610,#1611,#260,.F.);
#1366=EDGE_CURVE('',#1611,#1482,#261,.T.);
#1367=EDGE_CURVE('',#1612,#1483,#262,.T.);
#1368=EDGE_CURVE('',#1612,#1613,#263,.T.);
#1369=EDGE_CURVE('',#1613,#1484,#264,.T.);
#1370=EDGE_CURVE('',#1614,#1485,#265,.T.);
#1371=EDGE_CURVE('',#1614,#1615,#266,.T.);
#1372=EDGE_CURVE('',#1615,#1486,#267,.T.);
#1373=EDGE_CURVE('',#1616,#1487,#268,.T.);
#1374=EDGE_CURVE('',#1616,#1617,#269,.T.);
#1375=EDGE_CURVE('',#1617,#1488,#270,.T.);
#1376=EDGE_CURVE('',#1618,#1489,#271,.T.);
#1377=EDGE_CURVE('',#1618,#1619,#272,.T.);
#1378=EDGE_CURVE('',#1619,#1490,#273,.T.);
#1379=EDGE_CURVE('',#1620,#1491,#274,.T.);
#1380=EDGE_CURVE('',#1620,#1621,#275,.T.);
#1381=EDGE_CURVE('',#1621,#1492,#276,.T.);
#1382=EDGE_CURVE('',#1622,#1493,#277,.T.);
#1383=EDGE_CURVE('',#1622,#1623,#278,.T.);
#1384=EDGE_CURVE('',#1623,#1494,#279,.T.);
#1385=EDGE_CURVE('',#1624,#1625,#280,.T.);
#1386=EDGE_CURVE('',#1624,#1626,#281,.T.);
#1387=EDGE_CURVE('',#1626,#1627,#282,.T.);
#1388=EDGE_CURVE('',#1627,#1628,#283,.T.);
#1389=EDGE_CURVE('',#1628,#1473,#284,.T.);
#1390=EDGE_CURVE('',#1629,#1496,#285,.T.);
#1391=EDGE_CURVE('',#1629,#1625,#286,.T.);
#1392=EDGE_CURVE('',#1613,#1614,#287,.T.);
#1393=EDGE_CURVE('',#1615,#1616,#288,.T.);
#1394=EDGE_CURVE('',#1617,#1618,#289,.T.);
#1395=EDGE_CURVE('',#1620,#1619,#290,.T.);
#1396=EDGE_CURVE('',#1622,#1621,#291,.T.);
#1397=EDGE_CURVE('',#1623,#1630,#292,.T.);
#1398=EDGE_CURVE('',#1630,#1495,#293,.T.);
#1399=EDGE_CURVE('',#1630,#1629,#294,.T.);
#1400=EDGE_CURVE('',#1631,#1472,#295,.T.);
#1401=EDGE_CURVE('',#1631,#1628,#296,.T.);
#1402=EDGE_CURVE('',#1631,#1604,#297,.T.);
#1403=EDGE_CURVE('',#1605,#1603,#298,.T.);
#1404=EDGE_CURVE('',#1608,#1606,#299,.T.);
#1405=EDGE_CURVE('',#1609,#1610,#300,.T.);
#1406=EDGE_CURVE('',#1612,#1611,#301,.T.);
#1407=EDGE_CURVE('',#1632,#1632,#1710,.T.);
#1408=EDGE_CURVE('',#1633,#1633,#1711,.T.);
#1409=EDGE_CURVE('',#1634,#1634,#1712,.T.);
#1410=EDGE_CURVE('',#1635,#1635,#1713,.T.);
#1411=EDGE_CURVE('',#1636,#1637,#302,.T.);
#1412=EDGE_CURVE('',#1636,#1625,#303,.T.);
#1413=EDGE_CURVE('',#1637,#1627,#304,.T.);
#1414=EDGE_CURVE('',#1596,#1555,#16,.F.);
#1415=EDGE_CURVE('',#1595,#1554,#17,.F.);
#1416=EDGE_CURVE('',#1598,#1528,#18,.T.);
#1417=EDGE_CURVE('',#1538,#1600,#19,.F.);
#1418=EDGE_CURVE('',#1539,#1599,#20,.F.);
#1419=EDGE_CURVE('',#1534,#1602,#21,.F.);
#1420=EDGE_CURVE('',#1535,#1601,#22,.F.);
#1421=EDGE_CURVE('',#1638,#1637,#305,.T.);
#1422=EDGE_CURVE('',#1639,#1638,#306,.T.);
#1423=EDGE_CURVE('',#1639,#1636,#307,.T.);
#1424=EDGE_CURVE('',#1638,#1626,#308,.T.);
#1425=EDGE_CURVE('',#1639,#1624,#309,.T.);
#1426=EDGE_CURVE('',#1640,#1641,#1714,.F.);
#1427=EDGE_CURVE('',#1641,#1642,#1715,.T.);
#1428=EDGE_CURVE('',#1642,#1643,#1716,.F.);
#1429=EDGE_CURVE('',#1585,#1643,#310,.T.);
#1430=EDGE_CURVE('',#1586,#1640,#311,.T.);
#1431=EDGE_CURVE('',#1643,#1549,#312,.T.);
#1432=EDGE_CURVE('',#1520,#1640,#313,.T.);
#1433=EDGE_CURVE('',#1564,#1642,#84,.F.);
#1434=EDGE_CURVE('',#1565,#1641,#85,.F.);
#1435=EDGE_CURVE('',#1461,#1463,#1717,.T.);
#1436=EDGE_CURVE('',#1644,#1509,#314,.T.);
#1437=EDGE_CURVE('',#1645,#1644,#86,.T.);
#1438=EDGE_CURVE('',#1645,#1507,#315,.T.);
#1439=EDGE_CURVE('',#1511,#1506,#316,.T.);
#1440=EDGE_CURVE('',#1517,#1508,#317,.T.);
#1441=EDGE_CURVE('',#1645,#1646,#23,.T.);
#1442=EDGE_CURVE('',#1466,#1646,#87,.T.);
#1443=EDGE_CURVE('',#1647,#1468,#88,.T.);
#1444=EDGE_CURVE('',#1647,#1644,#24,.T.);
#1445=EDGE_CURVE('',#1649,#1649,#1718,.T.);
#1446=EDGE_CURVE('',#1651,#1651,#1719,.T.);
#1447=EDGE_CURVE('',#1653,#1653,#1720,.T.);
#1448=EDGE_CURVE('',#1655,#1655,#1721,.T.);
#1449=EDGE_CURVE('',#1594,#1647,#1722,.T.);
#1450=EDGE_CURVE('',#1455,#1453,#1723,.T.);
#1451=EDGE_CURVE('',#1646,#1512,#1724,.T.);
#1452=VERTEX_POINT('',#3018);
#1453=VERTEX_POINT('',#3019);
#1454=VERTEX_POINT('',#3021);
#1455=VERTEX_POINT('',#3023);
#1456=VERTEX_POINT('',#3025);
#1457=VERTEX_POINT('',#3027);
#1458=VERTEX_POINT('',#3029);
#1459=VERTEX_POINT('',#3031);
#1460=VERTEX_POINT('',#3033);
#1461=VERTEX_POINT('',#3035);
#1462=VERTEX_POINT('',#3037);
#1463=VERTEX_POINT('',#3039);
#1464=VERTEX_POINT('',#3042);
#1465=VERTEX_POINT('',#3046);
#1466=VERTEX_POINT('',#3047);
#1467=VERTEX_POINT('',#3049);
#1468=VERTEX_POINT('',#3053);
#1469=VERTEX_POINT('',#3054);
#1470=VERTEX_POINT('',#3056);
#1471=VERTEX_POINT('',#3058);
#1472=VERTEX_POINT('',#3062);
#1473=VERTEX_POINT('',#3063);
#1474=VERTEX_POINT('',#3065);
#1475=VERTEX_POINT('',#3067);
#1476=VERTEX_POINT('',#3069);
#1477=VERTEX_POINT('',#3071);
#1478=VERTEX_POINT('',#3073);
#1479=VERTEX_POINT('',#3075);
#1480=VERTEX_POINT('',#3077);
#1481=VERTEX_POINT('',#3079);
#1482=VERTEX_POINT('',#3081);
#1483=VERTEX_POINT('',#3083);
#1484=VERTEX_POINT('',#3085);
#1485=VERTEX_POINT('',#3087);
#1486=VERTEX_POINT('',#3089);
#1487=VERTEX_POINT('',#3091);
#1488=VERTEX_POINT('',#3093);
#1489=VERTEX_POINT('',#3095);
#1490=VERTEX_POINT('',#3097);
#1491=VERTEX_POINT('',#3099);
#1492=VERTEX_POINT('',#3101);
#1493=VERTEX_POINT('',#3103);
#1494=VERTEX_POINT('',#3105);
#1495=VERTEX_POINT('',#3107);
#1496=VERTEX_POINT('',#3109);
#1497=VERTEX_POINT('',#3112);
#1498=VERTEX_POINT('',#3113);
#1499=VERTEX_POINT('',#3115);
#1500=VERTEX_POINT('',#3117);
#1501=VERTEX_POINT('',#3119);
#1502=VERTEX_POINT('',#3121);
#1503=VERTEX_POINT('',#3123);
#1504=VERTEX_POINT('',#3125);
#1505=VERTEX_POINT('',#3127);
#1506=VERTEX_POINT('',#3130);
#1507=VERTEX_POINT('',#3131);
#1508=VERTEX_POINT('',#3133);
#1509=VERTEX_POINT('',#3135);
#1510=VERTEX_POINT('',#3142);
#1511=VERTEX_POINT('',#3143);
#1512=VERTEX_POINT('',#3145);
#1513=VERTEX_POINT('',#3147);
#1514=VERTEX_POINT('',#3162);
#1515=VERTEX_POINT('',#3164);
#1516=VERTEX_POINT('',#3166);
#1517=VERTEX_POINT('',#3171);
#1518=VERTEX_POINT('',#3197);
#1519=VERTEX_POINT('',#3198);
#1520=VERTEX_POINT('',#3200);
#1521=VERTEX_POINT('',#3202);
#1522=VERTEX_POINT('',#3204);
#1523=VERTEX_POINT('',#3206);
#1524=VERTEX_POINT('',#3208);
#1525=VERTEX_POINT('',#3210);
#1526=VERTEX_POINT('',#3214);
#1527=VERTEX_POINT('',#3215);
#1528=VERTEX_POINT('',#3217);
#1529=VERTEX_POINT('',#3219);
#1530=VERTEX_POINT('',#3221);
#1531=VERTEX_POINT('',#3223);
#1532=VERTEX_POINT('',#3225);
#1533=VERTEX_POINT('',#3227);
#1534=VERTEX_POINT('',#3229);
#1535=VERTEX_POINT('',#3231);
#1536=VERTEX_POINT('',#3233);
#1537=VERTEX_POINT('',#3235);
#1538=VERTEX_POINT('',#3237);
#1539=VERTEX_POINT('',#3239);
#1540=VERTEX_POINT('',#3243);
#1541=VERTEX_POINT('',#3244);
#1542=VERTEX_POINT('',#3247);
#1543=VERTEX_POINT('',#3249);
#1544=VERTEX_POINT('',#3253);
#1545=VERTEX_POINT('',#3254);
#1546=VERTEX_POINT('',#3257);
#1547=VERTEX_POINT('',#3259);
#1548=VERTEX_POINT('',#3263);
#1549=VERTEX_POINT('',#3264);
#1550=VERTEX_POINT('',#3266);
#1551=VERTEX_POINT('',#3268);
#1552=VERTEX_POINT('',#3270);
#1553=VERTEX_POINT('',#3272);
#1554=VERTEX_POINT('',#3276);
#1555=VERTEX_POINT('',#3278);
#1556=VERTEX_POINT('',#3280);
#1557=VERTEX_POINT('',#3282);
#1558=VERTEX_POINT('',#3284);
#1559=VERTEX_POINT('',#3286);
#1560=VERTEX_POINT('',#3290);
#1561=VERTEX_POINT('',#3293);
#1562=VERTEX_POINT('',#3295);
#1563=VERTEX_POINT('',#3297);
#1564=VERTEX_POINT('',#3301);
#1565=VERTEX_POINT('',#3302);
#1566=VERTEX_POINT('',#3309);
#1567=VERTEX_POINT('',#3310);
#1568=VERTEX_POINT('',#3315);
#1569=VERTEX_POINT('',#3316);
#1570=VERTEX_POINT('',#3321);
#1571=VERTEX_POINT('',#3322);
#1572=VERTEX_POINT('',#3327);
#1573=VERTEX_POINT('',#3328);
#1574=VERTEX_POINT('',#3333);
#1575=VERTEX_POINT('',#3334);
#1576=VERTEX_POINT('',#3342);
#1577=VERTEX_POINT('',#3345);
#1578=VERTEX_POINT('',#3347);
#1579=VERTEX_POINT('',#3349);
#1580=VERTEX_POINT('',#3351);
#1581=VERTEX_POINT('',#3353);
#1582=VERTEX_POINT('',#3355);
#1583=VERTEX_POINT('',#3357);
#1584=VERTEX_POINT('',#3359);
#1585=VERTEX_POINT('',#3375);
#1586=VERTEX_POINT('',#3378);
#1587=VERTEX_POINT('',#3382);
#1588=VERTEX_POINT('',#3384);
#1589=VERTEX_POINT('',#3386);
#1590=VERTEX_POINT('',#3389);
#1591=VERTEX_POINT('',#3391);
#1592=VERTEX_POINT('',#3394);
#1593=VERTEX_POINT('',#3460);
#1594=VERTEX_POINT('',#3464);
#1595=VERTEX_POINT('',#3469);
#1596=VERTEX_POINT('',#3473);
#1597=VERTEX_POINT('',#3479);
#1598=VERTEX_POINT('',#3481);
#1599=VERTEX_POINT('',#3489);
#1600=VERTEX_POINT('',#3491);
#1601=VERTEX_POINT('',#3499);
#1602=VERTEX_POINT('',#3501);
#1603=VERTEX_POINT('',#3509);
#1604=VERTEX_POINT('',#3511);
#1605=VERTEX_POINT('',#3515);
#1606=VERTEX_POINT('',#3517);
#1607=VERTEX_POINT('',#3521);
#1608=VERTEX_POINT('',#3523);
#1609=VERTEX_POINT('',#3527);
#1610=VERTEX_POINT('',#3531);
#1611=VERTEX_POINT('',#3533);
#1612=VERTEX_POINT('',#3537);
#1613=VERTEX_POINT('',#3539);
#1614=VERTEX_POINT('',#3543);
#1615=VERTEX_POINT('',#3545);
#1616=VERTEX_POINT('',#3549);
#1617=VERTEX_POINT('',#3551);
#1618=VERTEX_POINT('',#3555);
#1619=VERTEX_POINT('',#3557);
#1620=VERTEX_POINT('',#3561);
#1621=VERTEX_POINT('',#3563);
#1622=VERTEX_POINT('',#3567);
#1623=VERTEX_POINT('',#3569);
#1624=VERTEX_POINT('',#3573);
#1625=VERTEX_POINT('',#3574);
#1626=VERTEX_POINT('',#3576);
#1627=VERTEX_POINT('',#3578);
#1628=VERTEX_POINT('',#3580);
#1629=VERTEX_POINT('',#3583);
#1630=VERTEX_POINT('',#3597);
#1631=VERTEX_POINT('',#3603);
#1632=VERTEX_POINT('',#3617);
#1633=VERTEX_POINT('',#3619);
#1634=VERTEX_POINT('',#3621);
#1635=VERTEX_POINT('',#3623);
#1636=VERTEX_POINT('',#3625);
#1637=VERTEX_POINT('',#3626);
#1638=VERTEX_POINT('',#3649);
#1639=VERTEX_POINT('',#3651);
#1640=VERTEX_POINT('',#3660);
#1641=VERTEX_POINT('',#3661);
#1642=VERTEX_POINT('',#3663);
#1643=VERTEX_POINT('',#3665);
#1644=VERTEX_POINT('',#3691);
#1645=VERTEX_POINT('',#3702);
#1646=VERTEX_POINT('',#3709);
#1647=VERTEX_POINT('',#3719);
#1648=VERTEX_POINT('',#3722);
#1649=VERTEX_POINT('',#3724);
#1650=VERTEX_POINT('',#3727);
#1651=VERTEX_POINT('',#3729);
#1652=VERTEX_POINT('',#3732);
#1653=VERTEX_POINT('',#3734);
#1654=VERTEX_POINT('',#3737);
#1655=VERTEX_POINT('',#3739);
#1656=CIRCLE('',#2216,0.0125906260083247);
#1657=CIRCLE('',#2217,0.0101556691028714);
#1658=CIRCLE('',#2218,0.0104060065459607);
#1659=CIRCLE('',#2219,0.0104103720142961);
#1660=CIRCLE('',#2220,0.00894765101725287);
#1661=CIRCLE('',#2221,0.010735839402617);
#1662=CIRCLE('',#2225,0.0135906260083247);
#1663=CIRCLE('',#2226,0.011735839402617);
#1664=CIRCLE('',#2227,0.00994765101725287);
#1665=CIRCLE('',#2228,0.0114103720142961);
#1666=CIRCLE('',#2229,0.0114060065459607);
#1667=CIRCLE('',#2230,0.0111556691028715);
#1668=CIRCLE('',#2231,0.0175);
#1669=CIRCLE('',#2232,0.001500002540005);
#1670=CIRCLE('',#2233,0.001500002540005);
#1671=CIRCLE('',#2235,0.0183708775534522);
#1672=CIRCLE('',#2236,0.0183708775534522);
#1673=CIRCLE('',#2240,0.0165);
#1674=CIRCLE('',#2242,0.0195);
#1675=CIRCLE('',#2243,0.001);
#1676=CIRCLE('',#2244,0.0175);
#1677=CIRCLE('',#2245,0.001);
#1678=CIRCLE('',#2248,0.001);
#1679=CIRCLE('',#2249,0.001);
#1680=CIRCLE('',#2251,0.001);
#1681=CIRCLE('',#2252,0.001);
#1682=CIRCLE('',#2254,0.001);
#1683=CIRCLE('',#2255,0.0195);
#1684=CIRCLE('',#2256,0.0175);
#1685=CIRCLE('',#2260,0.0195);
#1686=CIRCLE('',#2261,0.0195);
#1687=CIRCLE('',#2263,0.0131556691028715);
#1688=CIRCLE('',#2264,0.0131556691028715);
#1689=CIRCLE('',#2266,0.0134060065459607);
#1690=CIRCLE('',#2267,0.0134060065459607);
#1691=CIRCLE('',#2269,0.0134103720142961);
#1692=CIRCLE('',#2270,0.0134103720142961);
#1693=CIRCLE('',#2272,0.0119476510172529);
#1694=CIRCLE('',#2273,0.0119476510172529);
#1695=CIRCLE('',#2275,0.013735839402617);
#1696=CIRCLE('',#2276,0.013735839402617);
#1697=CIRCLE('',#2278,0.0155906260083248);
#1698=CIRCLE('',#2279,0.0155906260083248);
#1699=CIRCLE('',#2281,0.001);
#1700=CIRCLE('',#2282,0.0111556691028715);
#1701=CIRCLE('',#2283,0.0114060065459607);
#1702=CIRCLE('',#2284,0.0114103720142961);
#1703=CIRCLE('',#2285,0.00994765101725287);
#1704=CIRCLE('',#2286,0.011735839402617);
#1705=CIRCLE('',#2287,0.0135906260083247);
#1706=CIRCLE('',#2288,0.001);
#1707=CIRCLE('',#2296,0.0175);
#1708=CIRCLE('',#2306,0.0165);
#1709=CIRCLE('',#2314,0.001);
#1710=CIRCLE('',#2347,0.00165);
#1711=CIRCLE('',#2348,0.00165);
#1712=CIRCLE('',#2349,0.00125);
#1713=CIRCLE('',#2350,0.00125);
#1714=CIRCLE('',#2374,0.001);
#1715=CIRCLE('',#2375,0.0185);
#1716=CIRCLE('',#2376,0.001);
#1717=CIRCLE('',#2384,0.0105045728062376);
#1718=CIRCLE('',#2393,0.00125);
#1719=CIRCLE('',#2396,0.00125);
#1720=CIRCLE('',#2399,0.00165);
#1721=CIRCLE('',#2402,0.00165);
#1722=CIRCLE('',#2405,0.0183709494486439);
#1723=CIRCLE('',#2406,0.0521462940050958);
#1724=CIRCLE('',#2407,0.0183709494486439);
#1725=EDGE_LOOP('',(#528,#529,#530,#531,#532,#533,#534,#535,#536,#537,#538,
#539,#540,#541));
#1726=EDGE_LOOP('',(#542,#543,#544));
#1727=EDGE_LOOP('',(#545,#546,#547,#548));
#1728=EDGE_LOOP('',(#549,#550,#551,#552,#553,#554,#555,#556,#557,#558,#559,
#560,#561,#562,#563,#564,#565,#566,#567,#568,#569,#570,#571,#572,#573));
#1729=EDGE_LOOP('',(#574,#575,#576,#577,#578,#579,#580,#581,#582));
#1730=EDGE_LOOP('',(#583,#584,#585,#586));
#1731=EDGE_LOOP('',(#587,#588,#589,#590,#591,#592,#593,#594));
#1732=EDGE_LOOP('',(#595,#596,#597,#598));
#1733=EDGE_LOOP('',(#599,#600,#601,#602));
#1734=EDGE_LOOP('',(#603,#604));
#1735=EDGE_LOOP('',(#605,#606,#607,#608,#609,#610,#611,#612));
#1736=EDGE_LOOP('',(#613,#614,#615,#616,#617,#618,#619,#620,#621,#622,#623,
#624,#625,#626));
#1737=EDGE_LOOP('',(#627,#628,#629,#630,#631,#632));
#1738=EDGE_LOOP('',(#633,#634,#635,#636,#637,#638));
#1739=EDGE_LOOP('',(#639,#640,#641,#642,#643,#644));
#1740=EDGE_LOOP('',(#645,#646,#647,#648,#649,#650,#651,#652));
#1741=EDGE_LOOP('',(#653,#654,#655,#656,#657,#658,#659,#660));
#1742=EDGE_LOOP('',(#661,#662,#663,#664,#665,#666,#667,#668,#669));
#1743=EDGE_LOOP('',(#670,#671,#672,#673));
#1744=EDGE_LOOP('',(#674,#675,#676,#677));
#1745=EDGE_LOOP('',(#678,#679,#680,#681));
#1746=EDGE_LOOP('',(#682,#683,#684,#685));
#1747=EDGE_LOOP('',(#686,#687,#688,#689));
#1748=EDGE_LOOP('',(#690,#691,#692,#693));
#1749=EDGE_LOOP('',(#694,#695,#696,#697,#698,#699,#700,#701,#702,#703,#704,
#705,#706,#707,#708,#709,#710,#711,#712,#713));
#1750=EDGE_LOOP('',(#714,#715,#716,#717));
#1751=EDGE_LOOP('',(#718,#719,#720,#721));
#1752=EDGE_LOOP('',(#722,#723,#724,#725));
#1753=EDGE_LOOP('',(#726,#727,#728,#729));
#1754=EDGE_LOOP('',(#730,#731,#732,#733));
#1755=EDGE_LOOP('',(#734,#735,#736,#737));
#1756=EDGE_LOOP('',(#738,#739,#740,#741,#742,#743,#744,#745));
#1757=EDGE_LOOP('',(#746,#747,#748,#749,#750,#751,#752,#753,#754,#755,#756,
#757,#758,#759,#760,#761));
#1758=EDGE_LOOP('',(#762,#763,#764,#765));
#1759=EDGE_LOOP('',(#766,#767,#768,#769));
#1760=EDGE_LOOP('',(#770,#771,#772,#773));
#1761=EDGE_LOOP('',(#774,#775,#776,#777));
#1762=EDGE_LOOP('',(#778,#779,#780,#781));
#1763=EDGE_LOOP('',(#782,#783,#784,#785,#786));
#1764=EDGE_LOOP('',(#787,#788,#789,#790));
#1765=EDGE_LOOP('',(#791,#792,#793,#794,#795));
#1766=EDGE_LOOP('',(#796,#797,#798,#799,#800,#801,#802,#803));
#1767=EDGE_LOOP('',(#804,#805,#806,#807));
#1768=EDGE_LOOP('',(#808,#809,#810,#811));
#1769=EDGE_LOOP('',(#812,#813,#814,#815));
#1770=EDGE_LOOP('',(#816,#817,#818,#819));
#1771=EDGE_LOOP('',(#820,#821,#822,#823));
#1772=EDGE_LOOP('',(#824,#825,#826,#827,#828));
#1773=EDGE_LOOP('',(#829,#830,#831,#832));
#1774=EDGE_LOOP('',(#833,#834,#835,#836));
#1775=EDGE_LOOP('',(#837,#838,#839,#840));
#1776=EDGE_LOOP('',(#841,#842,#843,#844));
#1777=EDGE_LOOP('',(#845,#846,#847,#848));
#1778=EDGE_LOOP('',(#849,#850,#851,#852));
#1779=EDGE_LOOP('',(#853,#854,#855,#856));
#1780=EDGE_LOOP('',(#857,#858,#859,#860));
#1781=EDGE_LOOP('',(#861,#862,#863,#864));
#1782=EDGE_LOOP('',(#865,#866,#867,#868));
#1783=EDGE_LOOP('',(#869,#870,#871,#872));
#1784=EDGE_LOOP('',(#873,#874,#875,#876));
#1785=EDGE_LOOP('',(#877,#878,#879,#880));
#1786=EDGE_LOOP('',(#881,#882,#883,#884));
#1787=EDGE_LOOP('',(#885,#886,#887,#888));
#1788=EDGE_LOOP('',(#889,#890,#891,#892));
#1789=EDGE_LOOP('',(#893,#894,#895,#896));
#1790=EDGE_LOOP('',(#897,#898,#899,#900,#901,#902,#903,#904));
#1791=EDGE_LOOP('',(#905,#906,#907,#908));
#1792=EDGE_LOOP('',(#909,#910,#911,#912));
#1793=EDGE_LOOP('',(#913,#914,#915,#916));
#1794=EDGE_LOOP('',(#917,#918,#919,#920));
#1795=EDGE_LOOP('',(#921,#922,#923,#924));
#1796=EDGE_LOOP('',(#925,#926,#927,#928));
#1797=EDGE_LOOP('',(#929,#930,#931,#932));
#1798=EDGE_LOOP('',(#933,#934,#935,#936));
#1799=EDGE_LOOP('',(#937,#938,#939,#940));
#1800=EDGE_LOOP('',(#941,#942,#943,#944));
#1801=EDGE_LOOP('',(#945,#946,#947,#948));
#1802=EDGE_LOOP('',(#949,#950,#951,#952));
#1803=EDGE_LOOP('',(#953,#954,#955,#956));
#1804=EDGE_LOOP('',(#957));
#1805=EDGE_LOOP('',(#958));
#1806=EDGE_LOOP('',(#959));
#1807=EDGE_LOOP('',(#960));
#1808=EDGE_LOOP('',(#961,#962,#963,#964,#965,#966,#967,#968,#969,#970,#971,
#972,#973,#974,#975,#976,#977,#978,#979,#980,#981,#982,#983,#984,#985,#986,
#987,#988,#989));
#1809=EDGE_LOOP('',(#990,#991,#992,#993));
#1810=EDGE_LOOP('',(#994,#995,#996,#997));
#1811=EDGE_LOOP('',(#998,#999,#1000,#1001));
#1812=EDGE_LOOP('',(#1002,#1003,#1004,#1005));
#1813=EDGE_LOOP('',(#1006,#1007,#1008,#1009));
#1814=EDGE_LOOP('',(#1010,#1011,#1012,#1013));
#1815=EDGE_LOOP('',(#1014,#1015,#1016,#1017));
#1816=EDGE_LOOP('',(#1018,#1019,#1020,#1021));
#1817=EDGE_LOOP('',(#1022,#1023,#1024,#1025));
#1818=EDGE_LOOP('',(#1026,#1027,#1028,#1029));
#1819=EDGE_LOOP('',(#1030,#1031,#1032,#1033));
#1820=EDGE_LOOP('',(#1034,#1035,#1036,#1037));
#1821=EDGE_LOOP('',(#1038,#1039,#1040,#1041));
#1822=EDGE_LOOP('',(#1042,#1043,#1044,#1045));
#1823=EDGE_LOOP('',(#1046,#1047,#1048,#1049));
#1824=EDGE_LOOP('',(#1050,#1051,#1052,#1053,#1054,#1055));
#1825=EDGE_LOOP('',(#1056,#1057,#1058,#1059));
#1826=EDGE_LOOP('',(#1060,#1061,#1062,#1063));
#1827=EDGE_LOOP('',(#1064,#1065,#1066,#1067,#1068));
#1828=EDGE_LOOP('',(#1069,#1070,#1071,#1072));
#1829=EDGE_LOOP('',(#1073,#1074,#1075,#1076,#1077));
#1830=EDGE_LOOP('',(#1078,#1079,#1080,#1081));
#1831=EDGE_LOOP('',(#1082,#1083,#1084));
#1832=EDGE_LOOP('',(#1085,#1086,#1087));
#1833=EDGE_LOOP('',(#1088,#1089,#1090,#1091));
#1834=EDGE_LOOP('',(#1092,#1093,#1094,#1095));
#1835=EDGE_LOOP('',(#1096,#1097,#1098,#1099,#1100,#1101,#1102,#1103));
#1836=EDGE_LOOP('',(#1104,#1105,#1106,#1107,#1108,#1109,#1110,#1111));
#1837=EDGE_LOOP('',(#1112));
#1838=EDGE_LOOP('',(#1113));
#1839=EDGE_LOOP('',(#1114));
#1840=EDGE_LOOP('',(#1115));
#1841=EDGE_LOOP('',(#1116));
#1842=EDGE_LOOP('',(#1117));
#1843=EDGE_LOOP('',(#1118));
#1844=EDGE_LOOP('',(#1119));
#1845=EDGE_LOOP('',(#1120));
#1846=EDGE_LOOP('',(#1121));
#1847=EDGE_LOOP('',(#1122));
#1848=EDGE_LOOP('',(#1123));
#1849=EDGE_LOOP('',(#1124,#1125,#1126,#1127,#1128,#1129,#1130,#1131,#1132));
#1850=EDGE_LOOP('',(#1133,#1134,#1135,#1136));
#1851=EDGE_LOOP('',(#1137,#1138,#1139,#1140));
#1852=EDGE_LOOP('',(#1141,#1142,#1143));
#1853=FACE_BOUND('',#1725,.T.);
#1854=FACE_BOUND('',#1726,.T.);
#1855=FACE_BOUND('',#1727,.T.);
#1856=FACE_BOUND('',#1728,.T.);
#1857=FACE_BOUND('',#1729,.T.);
#1858=FACE_BOUND('',#1730,.T.);
#1859=FACE_BOUND('',#1731,.T.);
#1860=FACE_BOUND('',#1732,.T.);
#1861=FACE_BOUND('',#1733,.T.);
#1862=FACE_BOUND('',#1734,.T.);
#1863=FACE_BOUND('',#1735,.T.);
#1864=FACE_BOUND('',#1736,.T.);
#1865=FACE_BOUND('',#1737,.T.);
#1866=FACE_BOUND('',#1738,.T.);
#1867=FACE_BOUND('',#1739,.T.);
#1868=FACE_BOUND('',#1740,.T.);
#1869=FACE_BOUND('',#1741,.T.);
#1870=FACE_BOUND('',#1742,.T.);
#1871=FACE_BOUND('',#1743,.T.);
#1872=FACE_BOUND('',#1744,.T.);
#1873=FACE_BOUND('',#1745,.T.);
#1874=FACE_BOUND('',#1746,.T.);
#1875=FACE_BOUND('',#1747,.T.);
#1876=FACE_BOUND('',#1748,.T.);
#1877=FACE_BOUND('',#1749,.T.);
#1878=FACE_BOUND('',#1750,.T.);
#1879=FACE_BOUND('',#1751,.T.);
#1880=FACE_BOUND('',#1752,.T.);
#1881=FACE_BOUND('',#1753,.T.);
#1882=FACE_BOUND('',#1754,.T.);
#1883=FACE_BOUND('',#1755,.T.);
#1884=FACE_BOUND('',#1756,.T.);
#1885=FACE_BOUND('',#1757,.T.);
#1886=FACE_BOUND('',#1758,.T.);
#1887=FACE_BOUND('',#1759,.T.);
#1888=FACE_BOUND('',#1760,.T.);
#1889=FACE_BOUND('',#1761,.T.);
#1890=FACE_BOUND('',#1762,.T.);
#1891=FACE_BOUND('',#1763,.T.);
#1892=FACE_BOUND('',#1764,.T.);
#1893=FACE_BOUND('',#1765,.T.);
#1894=FACE_BOUND('',#1766,.T.);
#1895=FACE_BOUND('',#1767,.T.);
#1896=FACE_BOUND('',#1768,.T.);
#1897=FACE_BOUND('',#1769,.T.);
#1898=FACE_BOUND('',#1770,.T.);
#1899=FACE_BOUND('',#1771,.T.);
#1900=FACE_BOUND('',#1772,.T.);
#1901=FACE_BOUND('',#1773,.T.);
#1902=FACE_BOUND('',#1774,.T.);
#1903=FACE_BOUND('',#1775,.T.);
#1904=FACE_BOUND('',#1776,.T.);
#1905=FACE_BOUND('',#1777,.T.);
#1906=FACE_BOUND('',#1778,.T.);
#1907=FACE_BOUND('',#1779,.T.);
#1908=FACE_BOUND('',#1780,.T.);
#1909=FACE_BOUND('',#1781,.T.);
#1910=FACE_BOUND('',#1782,.T.);
#1911=FACE_BOUND('',#1783,.T.);
#1912=FACE_BOUND('',#1784,.T.);
#1913=FACE_BOUND('',#1785,.T.);
#1914=FACE_BOUND('',#1786,.T.);
#1915=FACE_BOUND('',#1787,.T.);
#1916=FACE_BOUND('',#1788,.T.);
#1917=FACE_BOUND('',#1789,.T.);
#1918=FACE_BOUND('',#1790,.T.);
#1919=FACE_BOUND('',#1791,.T.);
#1920=FACE_BOUND('',#1792,.T.);
#1921=FACE_BOUND('',#1793,.T.);
#1922=FACE_BOUND('',#1794,.T.);
#1923=FACE_BOUND('',#1795,.T.);
#1924=FACE_BOUND('',#1796,.T.);
#1925=FACE_BOUND('',#1797,.T.);
#1926=FACE_BOUND('',#1798,.T.);
#1927=FACE_BOUND('',#1799,.T.);
#1928=FACE_BOUND('',#1800,.T.);
#1929=FACE_BOUND('',#1801,.T.);
#1930=FACE_BOUND('',#1802,.T.);
#1931=FACE_BOUND('',#1803,.T.);
#1932=FACE_BOUND('',#1804,.T.);
#1933=FACE_BOUND('',#1805,.T.);
#1934=FACE_BOUND('',#1806,.T.);
#1935=FACE_BOUND('',#1807,.T.);
#1936=FACE_BOUND('',#1808,.T.);
#1937=FACE_BOUND('',#1809,.T.);
#1938=FACE_BOUND('',#1810,.T.);
#1939=FACE_BOUND('',#1811,.T.);
#1940=FACE_BOUND('',#1812,.T.);
#1941=FACE_BOUND('',#1813,.T.);
#1942=FACE_BOUND('',#1814,.T.);
#1943=FACE_BOUND('',#1815,.T.);
#1944=FACE_BOUND('',#1816,.T.);
#1945=FACE_BOUND('',#1817,.T.);
#1946=FACE_BOUND('',#1818,.T.);
#1947=FACE_BOUND('',#1819,.T.);
#1948=FACE_BOUND('',#1820,.T.);
#1949=FACE_BOUND('',#1821,.T.);
#1950=FACE_BOUND('',#1822,.T.);
#1951=FACE_BOUND('',#1823,.T.);
#1952=FACE_BOUND('',#1824,.T.);
#1953=FACE_BOUND('',#1825,.T.);
#1954=FACE_BOUND('',#1826,.T.);
#1955=FACE_BOUND('',#1827,.T.);
#1956=FACE_BOUND('',#1828,.T.);
#1957=FACE_BOUND('',#1829,.T.);
#1958=FACE_BOUND('',#1830,.T.);
#1959=FACE_BOUND('',#1831,.T.);
#1960=FACE_BOUND('',#1832,.T.);
#1961=FACE_BOUND('',#1833,.T.);
#1962=FACE_BOUND('',#1834,.T.);
#1963=FACE_BOUND('',#1835,.T.);
#1964=FACE_BOUND('',#1836,.T.);
#1965=FACE_BOUND('',#12,.T.);
#1966=FACE_BOUND('',#1837,.T.);
#1967=FACE_BOUND('',#1838,.T.);
#1968=FACE_BOUND('',#1839,.T.);
#1969=FACE_BOUND('',#13,.T.);
#1970=FACE_BOUND('',#1840,.T.);
#1971=FACE_BOUND('',#1841,.T.);
#1972=FACE_BOUND('',#1842,.T.);
#1973=FACE_BOUND('',#14,.T.);
#1974=FACE_BOUND('',#1843,.T.);
#1975=FACE_BOUND('',#1844,.T.);
#1976=FACE_BOUND('',#1845,.T.);
#1977=FACE_BOUND('',#15,.T.);
#1978=FACE_BOUND('',#1846,.T.);
#1979=FACE_BOUND('',#1847,.T.);
#1980=FACE_BOUND('',#1848,.T.);
#1981=FACE_BOUND('',#1849,.T.);
#1982=FACE_BOUND('',#1850,.T.);
#1983=FACE_BOUND('',#1851,.T.);
#1984=FACE_BOUND('',#1852,.T.);
#1985=PLANE('',#2215);
#1986=PLANE('',#2222);
#1987=PLANE('',#2223);
#1988=PLANE('',#2224);
#1989=PLANE('',#2241);
#1990=PLANE('',#2246);
#1991=PLANE('',#2247);
#1992=PLANE('',#2250);
#1993=PLANE('',#2253);
#1994=PLANE('',#2257);
#1995=PLANE('',#2258);
#1996=PLANE('',#2280);
#1997=PLANE('',#2297);
#1998=PLANE('',#2308);
#1999=PLANE('',#2309);
#2000=PLANE('',#2310);
#2001=PLANE('',#2311);
#2002=PLANE('',#2312);
#2003=PLANE('',#2313);
#2004=PLANE('',#2315);
#2005=PLANE('',#2316);
#2006=PLANE('',#2317);
#2007=PLANE('',#2318);
#2008=PLANE('',#2319);
#2009=PLANE('',#2320);
#2010=PLANE('',#2321);
#2011=PLANE('',#2322);
#2012=PLANE('',#2323);
#2013=PLANE('',#2324);
#2014=PLANE('',#2325);
#2015=PLANE('',#2326);
#2016=PLANE('',#2327);
#2017=PLANE('',#2328);
#2018=PLANE('',#2329);
#2019=PLANE('',#2330);
#2020=PLANE('',#2331);
#2021=PLANE('',#2332);
#2022=PLANE('',#2333);
#2023=PLANE('',#2334);
#2024=PLANE('',#2335);
#2025=PLANE('',#2336);
#2026=PLANE('',#2337);
#2027=PLANE('',#2338);
#2028=PLANE('',#2339);
#2029=PLANE('',#2340);
#2030=PLANE('',#2341);
#2031=PLANE('',#2342);
#2032=PLANE('',#2343);
#2033=PLANE('',#2344);
#2034=PLANE('',#2345);
#2035=PLANE('',#2346);
#2036=PLANE('',#2369);
#2037=PLANE('',#2370);
#2038=PLANE('',#2371);
#2039=PLANE('',#2372);
#2040=PLANE('',#2373);
#2041=PLANE('',#2377);
#2042=PLANE('',#2378);
#2043=PLANE('',#2382);
#2044=PLANE('',#2388);
#2045=PLANE('',#2390);
#2046=ADVANCED_FACE('',(#1853),#1985,.T.);
#2047=ADVANCED_FACE('',(#1854),#1986,.T.);
#2048=ADVANCED_FACE('',(#1855),#1987,.T.);
#2049=ADVANCED_FACE('',(#1856,#1857,#1858),#1988,.F.);
#2050=ADVANCED_FACE('Face appearance 3',(#1859),#89,.T.);
#2051=ADVANCED_FACE('Face appearance 3',(#1860),#90,.T.);
#2052=ADVANCED_FACE('Face appearance 3',(#1861),#91,.T.);
#2053=ADVANCED_FACE('Face appearance 2',(#1862),#68,.T.);
#2054=ADVANCED_FACE('',(#1863),#1989,.F.);
#2055=ADVANCED_FACE('',(#1864),#1990,.F.);
#2056=ADVANCED_FACE('',(#1865),#1991,.F.);
#2057=ADVANCED_FACE('',(#1866),#1992,.F.);
#2058=ADVANCED_FACE('',(#1867),#1993,.F.);
#2059=ADVANCED_FACE('',(#1868),#1994,.T.);
#2060=ADVANCED_FACE('',(#1869),#1995,.F.);
#2061=ADVANCED_FACE('',(#1870),#33,.T.);
#2062=ADVANCED_FACE('',(#1871),#34,.T.);
#2063=ADVANCED_FACE('',(#1872),#35,.T.);
#2064=ADVANCED_FACE('',(#1873),#36,.T.);
#2065=ADVANCED_FACE('',(#1874),#37,.T.);
#2066=ADVANCED_FACE('',(#1875),#38,.T.);
#2067=ADVANCED_FACE('',(#1876),#39,.T.);
#2068=ADVANCED_FACE('',(#1877),#1996,.F.);
#2069=ADVANCED_FACE('',(#1878),#40,.F.);
#2070=ADVANCED_FACE('',(#1879),#41,.F.);
#2071=ADVANCED_FACE('',(#1880),#42,.F.);
#2072=ADVANCED_FACE('',(#1881),#43,.F.);
#2073=ADVANCED_FACE('',(#1882),#44,.F.);
#2074=ADVANCED_FACE('',(#1883),#45,.F.);
#2075=ADVANCED_FACE('',(#1884),#46,.F.);
#2076=ADVANCED_FACE('',(#1885),#1997,.T.);
#2077=ADVANCED_FACE('',(#1886),#25,.T.);
#2078=ADVANCED_FACE('',(#1887),#26,.T.);
#2079=ADVANCED_FACE('',(#1888),#27,.T.);
#2080=ADVANCED_FACE('',(#1889),#28,.T.);
#2081=ADVANCED_FACE('',(#1890),#29,.T.);
#2082=ADVANCED_FACE('',(#1891),#47,.T.);
#2083=ADVANCED_FACE('',(#1892),#30,.T.);
#2084=ADVANCED_FACE('',(#1893),#31,.T.);
#2085=ADVANCED_FACE('',(#1894),#48,.T.);
#2086=ADVANCED_FACE('',(#1895),#1998,.T.);
#2087=ADVANCED_FACE('',(#1896),#1999,.F.);
#2088=ADVANCED_FACE('',(#1897),#2000,.T.);
#2089=ADVANCED_FACE('',(#1898),#2001,.T.);
#2090=ADVANCED_FACE('',(#1899),#2002,.F.);
#2091=ADVANCED_FACE('',(#1900),#2003,.T.);
#2092=ADVANCED_FACE('',(#1901),#2004,.T.);
#2093=ADVANCED_FACE('',(#1902),#2005,.F.);
#2094=ADVANCED_FACE('',(#1903),#2006,.T.);
#2095=ADVANCED_FACE('',(#1904),#2007,.T.);
#2096=ADVANCED_FACE('',(#1905),#2008,.F.);
#2097=ADVANCED_FACE('',(#1906),#2009,.T.);
#2098=ADVANCED_FACE('',(#1907),#2010,.F.);
#2099=ADVANCED_FACE('',(#1908),#2011,.T.);
#2100=ADVANCED_FACE('',(#1909),#2012,.F.);
#2101=ADVANCED_FACE('',(#1910),#2013,.T.);
#2102=ADVANCED_FACE('',(#1911),#2014,.T.);
#2103=ADVANCED_FACE('',(#1912),#2015,.T.);
#2104=ADVANCED_FACE('',(#1913),#2016,.T.);
#2105=ADVANCED_FACE('',(#1914),#2017,.T.);
#2106=ADVANCED_FACE('',(#1915),#2018,.T.);
#2107=ADVANCED_FACE('',(#1916),#2019,.T.);
#2108=ADVANCED_FACE('',(#1917),#2020,.T.);
#2109=ADVANCED_FACE('',(#1918),#2021,.T.);
#2110=ADVANCED_FACE('',(#1919),#2022,.T.);
#2111=ADVANCED_FACE('',(#1920),#2023,.T.);
#2112=ADVANCED_FACE('',(#1921),#2024,.T.);
#2113=ADVANCED_FACE('',(#1922),#2025,.F.);
#2114=ADVANCED_FACE('',(#1923),#2026,.F.);
#2115=ADVANCED_FACE('',(#1924),#2027,.T.);
#2116=ADVANCED_FACE('',(#1925),#2028,.T.);
#2117=ADVANCED_FACE('',(#1926),#2029,.F.);
#2118=ADVANCED_FACE('',(#1927),#2030,.T.);
#2119=ADVANCED_FACE('',(#1928),#2031,.F.);
#2120=ADVANCED_FACE('',(#1929),#2032,.F.);
#2121=ADVANCED_FACE('',(#1930),#2033,.T.);
#2122=ADVANCED_FACE('',(#1931),#2034,.F.);
#2123=ADVANCED_FACE('',(#1932,#1933,#1934,#1935,#1936),#2035,.F.);
#2124=ADVANCED_FACE('',(#1937),#49,.T.);
#2125=ADVANCED_FACE('',(#1938),#50,.T.);
#2126=ADVANCED_FACE('',(#1939),#51,.T.);
#2127=ADVANCED_FACE('',(#1940),#52,.T.);
#2128=ADVANCED_FACE('',(#1941),#53,.T.);
#2129=ADVANCED_FACE('',(#1942),#54,.T.);
#2130=ADVANCED_FACE('',(#1943),#55,.T.);
#2131=ADVANCED_FACE('',(#1944),#56,.T.);
#2132=ADVANCED_FACE('',(#1945),#57,.T.);
#2133=ADVANCED_FACE('',(#1946),#58,.T.);
#2134=ADVANCED_FACE('',(#1947),#59,.T.);
#2135=ADVANCED_FACE('',(#1948),#2036,.T.);
#2136=ADVANCED_FACE('',(#1949),#2037,.T.);
#2137=ADVANCED_FACE('',(#1950),#2038,.F.);
#2138=ADVANCED_FACE('',(#1951),#2039,.T.);
#2139=ADVANCED_FACE('',(#1952),#2040,.T.);
#2140=ADVANCED_FACE('',(#1953),#2041,.F.);
#2141=ADVANCED_FACE('',(#1954),#2042,.T.);
#2142=ADVANCED_FACE('',(#1955),#60,.T.);
#2143=ADVANCED_FACE('',(#1956),#32,.T.);
#2144=ADVANCED_FACE('',(#1957),#61,.T.);
#2145=ADVANCED_FACE('',(#1958),#2043,.T.);
#2146=ADVANCED_FACE('',(#1959),#92,.T.);
#2147=ADVANCED_FACE('',(#1960),#93,.T.);
#2148=ADVANCED_FACE('',(#1961),#62,.F.);
#2149=ADVANCED_FACE('',(#1962),#63,.F.);
#2150=ADVANCED_FACE('',(#1963),#2044,.T.);
#2151=ADVANCED_FACE('',(#1964),#2045,.T.);
#2152=ADVANCED_FACE('',(#1965,#1966),#94,.F.);
#2153=ADVANCED_FACE('',(#1967,#1968),#64,.F.);
#2154=ADVANCED_FACE('',(#1969,#1970),#95,.F.);
#2155=ADVANCED_FACE('',(#1971,#1972),#65,.F.);
#2156=ADVANCED_FACE('',(#1973,#1974),#96,.F.);
#2157=ADVANCED_FACE('',(#1975,#1976),#66,.F.);
#2158=ADVANCED_FACE('',(#1977,#1978),#97,.F.);
#2159=ADVANCED_FACE('',(#1979,#1980),#67,.F.);
#2160=ADVANCED_FACE('Face appearance 4',(#1981),#98,.T.);
#2161=ADVANCED_FACE('',(#1982),#99,.T.);
#2162=ADVANCED_FACE('',(#1983),#100,.T.);
#2163=ADVANCED_FACE('Face appearance 4',(#1984),#101,.F.);
#2164=CLOSED_SHELL('',(#2046,#2047,#2048,#2049,#2050,#2051,#2052,#2053,
#2054,#2055,#2056,#2057,#2058,#2059,#2060,#2061,#2062,#2063,#2064,#2065,
#2066,#2067,#2068,#2069,#2070,#2071,#2072,#2073,#2074,#2075,#2076,#2077,
#2078,#2079,#2080,#2081,#2082,#2083,#2084,#2085,#2086,#2087,#2088,#2089,
#2090,#2091,#2092,#2093,#2094,#2095,#2096,#2097,#2098,#2099,#2100,#2101,
#2102,#2103,#2104,#2105,#2106,#2107,#2108,#2109,#2110,#2111,#2112,#2113,
#2114,#2115,#2116,#2117,#2118,#2119,#2120,#2121,#2122,#2123,#2124,#2125,
#2126,#2127,#2128,#2129,#2130,#2131,#2132,#2133,#2134,#2135,#2136,#2137,
#2138,#2139,#2140,#2141,#2142,#2143,#2144,#2145,#2146,#2147,#2148,#2149,
#2150,#2151,#2152,#2153,#2154,#2155,#2156,#2157,#2158,#2159,#2160,#2161,
#2162,#2163));
#2165=STYLED_ITEM('',(#2166),#2211);
#2166=PRESENTATION_STYLE_ASSIGNMENT((#2173));
#2167=PRESENTATION_STYLE_ASSIGNMENT((#2174));
#2168=PRESENTATION_STYLE_ASSIGNMENT((#2175));
#2169=PRESENTATION_STYLE_ASSIGNMENT((#2176));
#2170=PRESENTATION_STYLE_ASSIGNMENT((#2177));
#2171=PRESENTATION_STYLE_ASSIGNMENT((#2178));
#2172=PRESENTATION_STYLE_ASSIGNMENT((#2179));
#2173=SURFACE_STYLE_USAGE(.BOTH.,#2180);
#2174=SURFACE_STYLE_USAGE(.BOTH.,#2181);
#2175=SURFACE_STYLE_USAGE(.BOTH.,#2182);
#2176=SURFACE_STYLE_USAGE(.BOTH.,#2183);
#2177=SURFACE_STYLE_USAGE(.BOTH.,#2184);
#2178=SURFACE_STYLE_USAGE(.BOTH.,#2185);
#2179=SURFACE_STYLE_USAGE(.BOTH.,#2186);
#2180=SURFACE_SIDE_STYLE('',(#2187));
#2181=SURFACE_SIDE_STYLE('',(#2188));
#2182=SURFACE_SIDE_STYLE('',(#2189));
#2183=SURFACE_SIDE_STYLE('',(#2190));
#2184=SURFACE_SIDE_STYLE('',(#2191));
#2185=SURFACE_SIDE_STYLE('',(#2192));
#2186=SURFACE_SIDE_STYLE('',(#2193));
#2187=SURFACE_STYLE_FILL_AREA(#2194);
#2188=SURFACE_STYLE_FILL_AREA(#2195);
#2189=SURFACE_STYLE_FILL_AREA(#2196);
#2190=SURFACE_STYLE_FILL_AREA(#2197);
#2191=SURFACE_STYLE_FILL_AREA(#2198);
#2192=SURFACE_STYLE_FILL_AREA(#2199);
#2193=SURFACE_STYLE_FILL_AREA(#2200);
#2194=FILL_AREA_STYLE('',(#2201));
#2195=FILL_AREA_STYLE('',(#2202));
#2196=FILL_AREA_STYLE('',(#2203));
#2197=FILL_AREA_STYLE('',(#2204));
#2198=FILL_AREA_STYLE('',(#2205));
#2199=FILL_AREA_STYLE('',(#2206));
#2200=FILL_AREA_STYLE('',(#2207));
#2201=FILL_AREA_STYLE_COLOUR('',#2208);
#2202=FILL_AREA_STYLE_COLOUR('',#2209);
#2203=FILL_AREA_STYLE_COLOUR('',#2209);
#2204=FILL_AREA_STYLE_COLOUR('',#2209);
#2205=FILL_AREA_STYLE_COLOUR('',#2210);
#2206=FILL_AREA_STYLE_COLOUR('',#2210);
#2207=FILL_AREA_STYLE_COLOUR('',#2210);
#2208=COLOUR_RGB('',0.403921568627451,0.0745098039215686,0.447058823529412);
#2209=COLOUR_RGB('',0.490196078431373,0.0862745098039216,0.556862745098039);
#2210=COLOUR_RGB('',0.917647058823529,0.917647058823529,0.917647058823529);
#2211=MANIFOLD_SOLID_BREP('TopCase',#2164);
#2212=SHAPE_DEFINITION_REPRESENTATION(#3754,#2213);
#2213=SHAPE_REPRESENTATION('TopCase',(#2214),#3749);
#2214=AXIS2_PLACEMENT_3D('',#3015,#2411,#2412);
#2215=AXIS2_PLACEMENT_3D('',#3016,#2413,#2414);
#2216=AXIS2_PLACEMENT_3D('',#3017,#2415,#2416);
#2217=AXIS2_PLACEMENT_3D('',#3028,#2421,#2422);
#2218=AXIS2_PLACEMENT_3D('',#3030,#2423,#2424);
#2219=AXIS2_PLACEMENT_3D('',#3032,#2425,#2426);
#2220=AXIS2_PLACEMENT_3D('',#3041,#2431,#2432);
#2221=AXIS2_PLACEMENT_3D('',#3043,#2433,#2434);
#2222=AXIS2_PLACEMENT_3D('',#3044,#2435,#2436);
#2223=AXIS2_PLACEMENT_3D('',#3051,#2440,#2441);
#2224=AXIS2_PLACEMENT_3D('',#3060,#2446,#2447);
#2225=AXIS2_PLACEMENT_3D('',#3114,#2474,#2475);
#2226=AXIS2_PLACEMENT_3D('',#3116,#2476,#2477);
#2227=AXIS2_PLACEMENT_3D('',#3118,#2478,#2479);
#2228=AXIS2_PLACEMENT_3D('',#3120,#2480,#2481);
#2229=AXIS2_PLACEMENT_3D('',#3122,#2482,#2483);
#2230=AXIS2_PLACEMENT_3D('',#3124,#2484,#2485);
#2231=AXIS2_PLACEMENT_3D('',#3128,#2487,#2488);
#2232=AXIS2_PLACEMENT_3D('',#3132,#2490,#2491);
#2233=AXIS2_PLACEMENT_3D('',#3136,#2493,#2494);
#2234=AXIS2_PLACEMENT_3D('',#3137,#2495,#2496);
#2235=AXIS2_PLACEMENT_3D('',#3144,#2497,#2498);
#2236=AXIS2_PLACEMENT_3D('',#3165,#2501,#2502);
#2237=AXIS2_PLACEMENT_3D('',#3181,#2503,#2504);
#2238=AXIS2_PLACEMENT_3D('',#3187,#2506,#2507);
#2239=AXIS2_PLACEMENT_3D('',#3193,#2509,#2510);
#2240=AXIS2_PLACEMENT_3D('',#3194,#2511,#2512);
#2241=AXIS2_PLACEMENT_3D('',#3195,#2513,#2514);
#2242=AXIS2_PLACEMENT_3D('',#3196,#2515,#2516);
#2243=AXIS2_PLACEMENT_3D('',#3199,#2517,#2518);
#2244=AXIS2_PLACEMENT_3D('',#3203,#2520,#2521);
#2245=AXIS2_PLACEMENT_3D('',#3209,#2524,#2525);
#2246=AXIS2_PLACEMENT_3D('',#3212,#2527,#2528);
#2247=AXIS2_PLACEMENT_3D('',#3241,#2543,#2544);
#2248=AXIS2_PLACEMENT_3D('',#3245,#2546,#2547);
#2249=AXIS2_PLACEMENT_3D('',#3246,#2548,#2549);
#2250=AXIS2_PLACEMENT_3D('',#3251,#2552,#2553);
#2251=AXIS2_PLACEMENT_3D('',#3255,#2555,#2556);
#2252=AXIS2_PLACEMENT_3D('',#3256,#2557,#2558);
#2253=AXIS2_PLACEMENT_3D('',#3261,#2561,#2562);
#2254=AXIS2_PLACEMENT_3D('',#3265,#2564,#2565);
#2255=AXIS2_PLACEMENT_3D('',#3267,#2566,#2567);
#2256=AXIS2_PLACEMENT_3D('',#3273,#2570,#2571);
#2257=AXIS2_PLACEMENT_3D('',#3274,#2572,#2573);
#2258=AXIS2_PLACEMENT_3D('',#3288,#2581,#2582);
#2259=AXIS2_PLACEMENT_3D('',#3299,#2589,#2590);
#2260=AXIS2_PLACEMENT_3D('',#3300,#2591,#2592);
#2261=AXIS2_PLACEMENT_3D('',#3304,#2594,#2595);
#2262=AXIS2_PLACEMENT_3D('',#3307,#2598,#2599);
#2263=AXIS2_PLACEMENT_3D('',#3311,#2601,#2602);
#2264=AXIS2_PLACEMENT_3D('',#3312,#2603,#2604);
#2265=AXIS2_PLACEMENT_3D('',#3313,#2605,#2606);
#2266=AXIS2_PLACEMENT_3D('',#3317,#2608,#2609);
#2267=AXIS2_PLACEMENT_3D('',#3318,#2610,#2611);
#2268=AXIS2_PLACEMENT_3D('',#3319,#2612,#2613);
#2269=AXIS2_PLACEMENT_3D('',#3323,#2615,#2616);
#2270=AXIS2_PLACEMENT_3D('',#3324,#2617,#2618);
#2271=AXIS2_PLACEMENT_3D('',#3325,#2619,#2620);
#2272=AXIS2_PLACEMENT_3D('',#3329,#2622,#2623);
#2273=AXIS2_PLACEMENT_3D('',#3330,#2624,#2625);
#2274=AXIS2_PLACEMENT_3D('',#3331,#2626,#2627);
#2275=AXIS2_PLACEMENT_3D('',#3335,#2629,#2630);
#2276=AXIS2_PLACEMENT_3D('',#3336,#2631,#2632);
#2277=AXIS2_PLACEMENT_3D('',#3337,#2633,#2634);
#2278=AXIS2_PLACEMENT_3D('',#3338,#2635,#2636);
#2279=AXIS2_PLACEMENT_3D('',#3339,#2637,#2638);
#2280=AXIS2_PLACEMENT_3D('',#3340,#2639,#2640);
#2281=AXIS2_PLACEMENT_3D('',#3341,#2641,#2642);
#2282=AXIS2_PLACEMENT_3D('',#3344,#2644,#2645);
#2283=AXIS2_PLACEMENT_3D('',#3346,#2646,#2647);
#2284=AXIS2_PLACEMENT_3D('',#3348,#2648,#2649);
#2285=AXIS2_PLACEMENT_3D('',#3350,#2650,#2651);
#2286=AXIS2_PLACEMENT_3D('',#3352,#2652,#2653);
#2287=AXIS2_PLACEMENT_3D('',#3354,#2654,#2655);
#2288=AXIS2_PLACEMENT_3D('',#3360,#2658,#2659);
#2289=AXIS2_PLACEMENT_3D('',#3361,#2660,#2661);
#2290=AXIS2_PLACEMENT_3D('',#3364,#2664,#2665);
#2291=AXIS2_PLACEMENT_3D('',#3366,#2667,#2668);
#2292=AXIS2_PLACEMENT_3D('',#3368,#2670,#2671);
#2293=AXIS2_PLACEMENT_3D('',#3370,#2673,#2674);
#2294=AXIS2_PLACEMENT_3D('',#3372,#2676,#2677);
#2295=AXIS2_PLACEMENT_3D('',#3373,#2678,#2679);
#2296=AXIS2_PLACEMENT_3D('',#3379,#2683,#2684);
#2297=AXIS2_PLACEMENT_3D('',#3380,#2685,#2686);
#2298=AXIS2_PLACEMENT_3D('',#3396,#2696,#2697);
#2299=AXIS2_PLACEMENT_3D('',#3411,#2698,#2699);
#2300=AXIS2_PLACEMENT_3D('',#3419,#2700,#2701);
#2301=AXIS2_PLACEMENT_3D('',#3427,#2702,#2703);
#2302=AXIS2_PLACEMENT_3D('',#3433,#2704,#2705);
#2303=AXIS2_PLACEMENT_3D('',#3441,#2706,#2707);
#2304=AXIS2_PLACEMENT_3D('',#3448,#2709,#2710);
#2305=AXIS2_PLACEMENT_3D('',#3454,#2711,#2712);
#2306=AXIS2_PLACEMENT_3D('',#3461,#2713,#2714);
#2307=AXIS2_PLACEMENT_3D('',#3462,#2715,#2716);
#2308=AXIS2_PLACEMENT_3D('',#3467,#2720,#2721);
#2309=AXIS2_PLACEMENT_3D('',#3471,#2724,#2725);
#2310=AXIS2_PLACEMENT_3D('',#3475,#2728,#2729);
#2311=AXIS2_PLACEMENT_3D('',#3477,#2731,#2732);
#2312=AXIS2_PLACEMENT_3D('',#3483,#2736,#2737);
#2313=AXIS2_PLACEMENT_3D('',#3485,#2739,#2740);
#2314=AXIS2_PLACEMENT_3D('',#3486,#2741,#2742);
#2315=AXIS2_PLACEMENT_3D('',#3487,#2743,#2744);
#2316=AXIS2_PLACEMENT_3D('',#3493,#2748,#2749);
#2317=AXIS2_PLACEMENT_3D('',#3495,#2751,#2752);
#2318=AXIS2_PLACEMENT_3D('',#3497,#2754,#2755);
#2319=AXIS2_PLACEMENT_3D('',#3503,#2759,#2760);
#2320=AXIS2_PLACEMENT_3D('',#3505,#2762,#2763);
#2321=AXIS2_PLACEMENT_3D('',#3507,#2765,#2766);
#2322=AXIS2_PLACEMENT_3D('',#3513,#2770,#2771);
#2323=AXIS2_PLACEMENT_3D('',#3519,#2775,#2776);
#2324=AXIS2_PLACEMENT_3D('',#3525,#2780,#2781);
#2325=AXIS2_PLACEMENT_3D('',#3529,#2784,#2785);
#2326=AXIS2_PLACEMENT_3D('',#3535,#2789,#2790);
#2327=AXIS2_PLACEMENT_3D('',#3541,#2794,#2795);
#2328=AXIS2_PLACEMENT_3D('',#3547,#2799,#2800);
#2329=AXIS2_PLACEMENT_3D('',#3553,#2804,#2805);
#2330=AXIS2_PLACEMENT_3D('',#3559,#2809,#2810);
#2331=AXIS2_PLACEMENT_3D('',#3565,#2814,#2815);
#2332=AXIS2_PLACEMENT_3D('',#3571,#2819,#2820);
#2333=AXIS2_PLACEMENT_3D('',#3585,#2828,#2829);
#2334=AXIS2_PLACEMENT_3D('',#3587,#2831,#2832);
#2335=AXIS2_PLACEMENT_3D('',#3589,#2834,#2835);
#2336=AXIS2_PLACEMENT_3D('',#3591,#2837,#2838);
#2337=AXIS2_PLACEMENT_3D('',#3593,#2840,#2841);
#2338=AXIS2_PLACEMENT_3D('',#3595,#2843,#2844);
#2339=AXIS2_PLACEMENT_3D('',#3599,#2847,#2848);
#2340=AXIS2_PLACEMENT_3D('',#3601,#2850,#2851);
#2341=AXIS2_PLACEMENT_3D('',#3605,#2854,#2855);
#2342=AXIS2_PLACEMENT_3D('',#3607,#2857,#2858);
#2343=AXIS2_PLACEMENT_3D('',#3609,#2860,#2861);
#2344=AXIS2_PLACEMENT_3D('',#3611,#2863,#2864);
#2345=AXIS2_PLACEMENT_3D('',#3613,#2866,#2867);
#2346=AXIS2_PLACEMENT_3D('',#3615,#2869,#2870);
#2347=AXIS2_PLACEMENT_3D('',#3616,#2871,#2872);
#2348=AXIS2_PLACEMENT_3D('',#3618,#2873,#2874);
#2349=AXIS2_PLACEMENT_3D('',#3620,#2875,#2876);
#2350=AXIS2_PLACEMENT_3D('',#3622,#2877,#2878);
#2351=AXIS2_PLACEMENT_3D('',#3629,#2882,#2883);
#2352=AXIS2_PLACEMENT_3D('',#3630,#2884,#2885);
#2353=AXIS2_PLACEMENT_3D('',#3631,#2886,#2887);
#2354=AXIS2_PLACEMENT_3D('',#3632,#2888,#2889);
#2355=AXIS2_PLACEMENT_3D('',#3633,#2890,#2891);
#2356=AXIS2_PLACEMENT_3D('',#3634,#2892,#2893);
#2357=AXIS2_PLACEMENT_3D('',#3635,#2894,#2895);
#2358=AXIS2_PLACEMENT_3D('',#3636,#2896,#2897);
#2359=AXIS2_PLACEMENT_3D('',#3637,#2898,#2899);
#2360=AXIS2_PLACEMENT_3D('',#3638,#2900,#2901);
#2361=AXIS2_PLACEMENT_3D('',#3639,#2902,#2903);
#2362=AXIS2_PLACEMENT_3D('',#3640,#2904,#2905);
#2363=AXIS2_PLACEMENT_3D('',#3641,#2906,#2907);
#2364=AXIS2_PLACEMENT_3D('',#3642,#2908,#2909);
#2365=AXIS2_PLACEMENT_3D('',#3643,#2910,#2911);
#2366=AXIS2_PLACEMENT_3D('',#3644,#2912,#2913);
#2367=AXIS2_PLACEMENT_3D('',#3645,#2914,#2915);
#2368=AXIS2_PLACEMENT_3D('',#3646,#2916,#2917);
#2369=AXIS2_PLACEMENT_3D('',#3647,#2918,#2919);
#2370=AXIS2_PLACEMENT_3D('',#3653,#2923,#2924);
#2371=AXIS2_PLACEMENT_3D('',#3655,#2926,#2927);
#2372=AXIS2_PLACEMENT_3D('',#3657,#2929,#2930);
#2373=AXIS2_PLACEMENT_3D('',#3658,#2931,#2932);
#2374=AXIS2_PLACEMENT_3D('',#3659,#2933,#2934);
#2375=AXIS2_PLACEMENT_3D('',#3662,#2935,#2936);
#2376=AXIS2_PLACEMENT_3D('',#3664,#2937,#2938);
#2377=AXIS2_PLACEMENT_3D('',#3668,#2941,#2942);
#2378=AXIS2_PLACEMENT_3D('',#3670,#2944,#2945);
#2379=AXIS2_PLACEMENT_3D('',#3672,#2947,#2948);
#2380=AXIS2_PLACEMENT_3D('',#3678,#2949,#2950);
#2381=AXIS2_PLACEMENT_3D('',#3684,#2951,#2952);
#2382=AXIS2_PLACEMENT_3D('',#3685,#2953,#2954);
#2383=AXIS2_PLACEMENT_3D('',#3686,#2955,#2956);
#2384=AXIS2_PLACEMENT_3D('',#3687,#2957,#2958);
#2385=AXIS2_PLACEMENT_3D('',#3688,#2959,#2960);
#2386=AXIS2_PLACEMENT_3D('',#3689,#2961,#2962);
#2387=AXIS2_PLACEMENT_3D('',#3704,#2965,#2966);
#2388=AXIS2_PLACEMENT_3D('',#3707,#2969,#2970);
#2389=AXIS2_PLACEMENT_3D('',#3708,#2971,#2972);
#2390=AXIS2_PLACEMENT_3D('',#3714,#2973,#2974);
#2391=AXIS2_PLACEMENT_3D('',#3720,#2975,#2976);
#2392=AXIS2_PLACEMENT_3D('',#3721,#2977,#2978);
#2393=AXIS2_PLACEMENT_3D('',#3723,#2979,#2980);
#2394=AXIS2_PLACEMENT_3D('',#3725,#2981,#2982);
#2395=AXIS2_PLACEMENT_3D('',#3726,#2983,#2984);
#2396=AXIS2_PLACEMENT_3D('',#3728,#2985,#2986);
#2397=AXIS2_PLACEMENT_3D('',#3730,#2987,#2988);
#2398=AXIS2_PLACEMENT_3D('',#3731,#2989,#2990);
#2399=AXIS2_PLACEMENT_3D('',#3733,#2991,#2992);
#2400=AXIS2_PLACEMENT_3D('',#3735,#2993,#2994);
#2401=AXIS2_PLACEMENT_3D('',#3736,#2995,#2996);
#2402=AXIS2_PLACEMENT_3D('',#3738,#2997,#2998);
#2403=AXIS2_PLACEMENT_3D('',#3740,#2999,#3000);
#2404=AXIS2_PLACEMENT_3D('',#3741,#3001,#3002);
#2405=AXIS2_PLACEMENT_3D('',#3742,#3003,#3004);
#2406=AXIS2_PLACEMENT_3D('',#3743,#3005,#3006);
#2407=AXIS2_PLACEMENT_3D('',#3744,#3007,#3008);
#2408=AXIS2_PLACEMENT_3D('',#3745,#3009,#3010);
#2409=AXIS2_PLACEMENT_3D('',#3746,#3011,#3012);
#2410=AXIS2_PLACEMENT_3D('',#3747,#3013,#3014);
#2411=DIRECTION('',(0.,0.,1.));
#2412=DIRECTION('',(1.,0.,0.));
#2413=DIRECTION('',(0.,0.,1.));
#2414=DIRECTION('',(1.,0.,0.));
#2415=DIRECTION('',(0.,0.,1.));
#2416=DIRECTION('',(1.,0.,0.));
#2417=DIRECTION('',(0.162189711493221,0.986759594574963,0.));
#2418=DIRECTION('',(0.162860146989599,-0.986649163848288,-1.20836442944071E-16));
#2419=DIRECTION('',(0.885329511460747,-0.464964145001178,-5.69785164828175E-17));
#2420=DIRECTION('',(0.883345610004241,-0.468722234683011,0.));
#2421=DIRECTION('',(0.,0.,1.));
#2422=DIRECTION('',(1.,0.,0.));
#2423=DIRECTION('',(0.,0.,1.));
#2424=DIRECTION('',(1.,0.,0.));
#2425=DIRECTION('',(0.,0.,1.));
#2426=DIRECTION('',(1.,0.,0.));
#2427=DIRECTION('',(0.722433246980122,0.691440672550985,8.6863031771747E-17));
#2428=DIRECTION('',(0.165175758502753,-0.986264147580677,-1.20238900084826E-16));
#2429=DIRECTION('',(0.214281180101507,0.976772018361657,0.));
#2430=DIRECTION('',(0.686958489697009,-0.726696658471197,0.));
#2431=DIRECTION('',(0.,0.,1.));
#2432=DIRECTION('',(1.,0.,0.));
#2433=DIRECTION('',(0.,0.,1.));
#2434=DIRECTION('',(1.,0.,0.));
#2435=DIRECTION('',(0.,0.,1.));
#2436=DIRECTION('',(1.,0.,0.));
#2437=DIRECTION('',(-0.000679469386294132,0.99999976916065,1.22464672847318E-16));
#2438=DIRECTION('',(0.00563645021210918,0.999984115088338,1.22464193578614E-16));
#2439=DIRECTION('',(-0.882947592859174,0.469471562785426,0.));
#2440=DIRECTION('',(0.,0.,1.));
#2441=DIRECTION('',(1.,0.,0.));
#2442=DIRECTION('',(-0.000679469386294132,0.99999976916065,1.22464672847318E-16));
#2443=DIRECTION('',(0.882947592858879,-0.469471562785982,0.));
#2444=DIRECTION('',(0.00563645021210918,0.999984115088338,1.22464193578614E-16));
#2445=DIRECTION('',(0.883345610004241,-0.468722234683011,0.));
#2446=DIRECTION('',(0.,0.,1.));
#2447=DIRECTION('',(1.,0.,0.));
#2448=DIRECTION('',(0.999999975377722,0.000221911142909527,0.));
#2449=DIRECTION('',(-0.46300131621629,-0.886357592161303,0.));
#2450=DIRECTION('',(0.886357592161303,-0.46300131621629,0.));
#2451=DIRECTION('',(-0.46300131621629,-0.886357592161303,0.));
#2452=DIRECTION('',(-0.883345610004241,0.468722234683011,0.));
#2453=DIRECTION('',(0.442472009346634,0.896782315249778,0.));
#2454=DIRECTION('',(0.886357592161304,-0.46300131621629,0.));
#2455=DIRECTION('',(0.48216513207032,0.876080353287078,0.));
#2456=DIRECTION('',(0.,1.,0.));
#2457=DIRECTION('',(-0.883345610004241,0.468722234683011,0.));
#2458=DIRECTION('',(-2.96406177376988E-16,1.,0.));
#2459=DIRECTION('',(0.885013378189605,0.465565591968977,0.));
#2460=DIRECTION('',(-0.465565591968977,0.885013378189604,0.));
#2461=DIRECTION('',(0.888573167469973,0.458734919155256,0.));
#2462=DIRECTION('',(0.465565591968977,-0.885013378189605,0.));
#2463=DIRECTION('',(0.885013378189605,0.465565591968977,0.));
#2464=DIRECTION('',(-0.458734919155256,0.888573167469973,0.));
#2465=DIRECTION('',(0.888573167469973,0.458734919155256,0.));
#2466=DIRECTION('',(-0.458734919155256,0.888573167469973,0.));
#2467=DIRECTION('',(0.885013378189605,0.465565591968977,0.));
#2468=DIRECTION('',(0.458734919155456,-0.88857316746987,0.));
#2469=DIRECTION('',(0.888573167469973,0.458734919155256,0.));
#2470=DIRECTION('',(0.429716119154844,-0.902964039670739,0.));
#2471=DIRECTION('',(1.,0.,0.));
#2472=DIRECTION('',(-1.90481048734713E-16,1.,0.));
#2473=DIRECTION('',(0.885013378189605,0.465565591968977,0.));
#2474=DIRECTION('',(0.,0.,-1.));
#2475=DIRECTION('',(1.,0.,0.));
#2476=DIRECTION('',(0.,0.,1.));
#2477=DIRECTION('',(1.,0.,0.));
#2478=DIRECTION('',(0.,0.,1.));
#2479=DIRECTION('',(1.,0.,0.));
#2480=DIRECTION('',(0.,0.,1.));
#2481=DIRECTION('',(1.,0.,0.));
#2482=DIRECTION('',(0.,0.,1.));
#2483=DIRECTION('',(1.,0.,0.));
#2484=DIRECTION('',(0.,0.,1.));
#2485=DIRECTION('',(1.,0.,0.));
#2486=DIRECTION('',(0.883345610004241,-0.468722234683011,0.));
#2487=DIRECTION('',(0.,0.,1.));
#2488=DIRECTION('',(1.,0.,0.));
#2489=DIRECTION('',(-0.882947592859174,0.469471562785426,0.));
#2490=DIRECTION('',(0.,0.,1.));
#2491=DIRECTION('',(1.,0.,0.));
#2492=DIRECTION('',(0.882947592858879,-0.469471562785982,0.));
#2493=DIRECTION('',(0.,0.,1.));
#2494=DIRECTION('',(1.,0.,0.));
#2495=DIRECTION('',(-0.999996028764199,0.00281823629793548,0.));
#2496=DIRECTION('',(-0.00281823629793548,-0.999996028764199,0.));
#2497=DIRECTION('',(0.999996028764199,-0.00281823629793548,0.));
#2498=DIRECTION('',(0.00281823629793548,0.999996028764199,0.));
#2499=DIRECTION('',(0.885013378189605,0.465565591968977,0.));
#2500=DIRECTION('',(0.882375182550668,-0.470546530343892,-5.73205633451478E-17));
#2501=DIRECTION('',(0.999996028764199,-0.00281823629793548,0.));
#2502=DIRECTION('',(0.00281823629793548,0.999996028764199,0.));
#2503=DIRECTION('',(0.999996028764199,-0.00281823629793548,0.));
#2504=DIRECTION('',(0.00281823629793548,0.999996028764199,0.));
#2505=DIRECTION('',(0.,-1.,0.));
#2506=DIRECTION('',(0.999996028764199,-0.00281823629793548,0.));
#2507=DIRECTION('',(0.00281823629793548,0.999996028764199,0.));
#2508=DIRECTION('',(0.00563645021210918,0.999984115088338,1.22464193578614E-16));
#2509=DIRECTION('',(1.,0.,0.));
#2510=DIRECTION('',(0.,1.,1.22464679914735E-16));
#2511=DIRECTION('',(0.,0.,1.));
#2512=DIRECTION('',(1.,0.,0.));
#2513=DIRECTION('',(0.,0.,1.));
#2514=DIRECTION('',(1.,0.,0.));
#2515=DIRECTION('',(0.,0.,1.));
#2516=DIRECTION('',(1.,0.,0.));
#2517=DIRECTION('',(0.,0.,1.));
#2518=DIRECTION('',(1.,0.,0.));
#2519=DIRECTION('',(1.,0.,0.));
#2520=DIRECTION('',(0.,0.,1.));
#2521=DIRECTION('',(1.,0.,0.));
#2522=DIRECTION('',(0.883345610004241,-0.468722234683011,0.));
#2523=DIRECTION('',(0.468722234683011,0.883345610004241,0.));
#2524=DIRECTION('',(0.,0.,1.));
#2525=DIRECTION('',(1.,0.,0.));
#2526=DIRECTION('',(0.883345610004241,-0.468722234683011,0.));
#2527=DIRECTION('',(-0.465565591968977,0.885013378189605,0.));
#2528=DIRECTION('',(-0.885013378189605,-0.465565591968977,0.));
#2529=DIRECTION('',(0.885013378189605,0.465565591968977,0.));
#2530=DIRECTION('',(0.,0.,-1.));
#2531=DIRECTION('',(0.885013378189605,0.465565591968977,0.));
#2532=DIRECTION('',(0.,0.,-1.));
#2533=DIRECTION('',(0.885013378189605,0.465565591968977,0.));
#2534=DIRECTION('',(0.,0.,-1.));
#2535=DIRECTION('',(0.885013378189605,0.465565591968977,0.));
#2536=DIRECTION('',(0.,0.,-1.));
#2537=DIRECTION('',(0.885013378189605,0.465565591968977,2.39272203583008E-16));
#2538=DIRECTION('',(0.,0.,-1.));
#2539=DIRECTION('',(0.885013378189605,0.465565591968977,0.));
#2540=DIRECTION('',(0.,0.,-1.));
#2541=DIRECTION('',(0.885013378189605,0.465565591968977,1.82602471155453E-16));
#2542=DIRECTION('',(0.,0.,-1.));
#2543=DIRECTION('',(0.,0.,1.));
#2544=DIRECTION('',(1.,0.,0.));
#2545=DIRECTION('',(0.465565591968977,-0.885013378189605,0.));
#2546=DIRECTION('',(0.,0.,1.));
#2547=DIRECTION('',(1.,0.,0.));
#2548=DIRECTION('',(0.,0.,1.));
#2549=DIRECTION('',(1.,0.,0.));
#2550=DIRECTION('',(0.465565591968977,-0.885013378189605,0.));
#2551=DIRECTION('',(0.885013378189605,0.465565591968977,0.));
#2552=DIRECTION('',(0.,0.,1.));
#2553=DIRECTION('',(1.,0.,0.));
#2554=DIRECTION('',(0.465565591968977,-0.885013378189605,0.));
#2555=DIRECTION('',(0.,0.,1.));
#2556=DIRECTION('',(1.,0.,0.));
#2557=DIRECTION('',(0.,0.,1.));
#2558=DIRECTION('',(1.,0.,0.));
#2559=DIRECTION('',(0.465565591968977,-0.885013378189605,0.));
#2560=DIRECTION('',(0.885013378189605,0.465565591968977,0.));
#2561=DIRECTION('',(0.,0.,1.));
#2562=DIRECTION('',(1.,0.,0.));
#2563=DIRECTION('',(1.,0.,0.));
#2564=DIRECTION('',(0.,0.,1.));
#2565=DIRECTION('',(1.,0.,0.));
#2566=DIRECTION('',(0.,0.,1.));
#2567=DIRECTION('',(1.,0.,0.));
#2568=DIRECTION('',(0.465565591968977,-0.885013378189605,0.));
#2569=DIRECTION('',(0.885013378189605,0.465565591968977,0.));
#2570=DIRECTION('',(0.,0.,1.));
#2571=DIRECTION('',(1.,0.,0.));
#2572=DIRECTION('',(0.468722234683011,0.883345610004241,0.));
#2573=DIRECTION('',(-0.883345610004241,0.468722234683011,0.));
#2574=DIRECTION('',(0.,0.,1.));
#2575=DIRECTION('',(-0.883345610004241,0.468722234683011,2.26628691419744E-16));
#2576=DIRECTION('',(0.,0.,1.));
#2577=DIRECTION('',(0.883345610004241,-0.468722234683011,0.));
#2578=DIRECTION('',(0.,0.,-1.));
#2579=DIRECTION('',(0.883345610004241,-0.468722234683011,0.));
#2580=DIRECTION('',(0.,0.,-1.));
#2581=DIRECTION('',(0.468722234683011,0.883345610004241,0.));
#2582=DIRECTION('',(-0.883345610004241,0.468722234683011,0.));
#2583=DIRECTION('',(0.,0.,1.));
#2584=DIRECTION('',(0.,0.,-1.));
#2585=DIRECTION('',(0.,0.,-1.));
#2586=DIRECTION('',(0.883345610004241,-0.468722234683011,0.));
#2587=DIRECTION('',(0.,0.,1.));
#2588=DIRECTION('',(-0.883345610004241,0.468722234683011,2.26628691419744E-16));
#2589=DIRECTION('',(0.,0.,-1.));
#2590=DIRECTION('',(-1.,0.,0.));
#2591=DIRECTION('',(0.,0.,-1.));
#2592=DIRECTION('',(-1.,0.,0.));
#2593=DIRECTION('',(0.,0.,-1.));
#2594=DIRECTION('',(0.,0.,1.));
#2595=DIRECTION('',(1.,0.,0.));
#2596=DIRECTION('',(0.,0.,-1.));
#2597=DIRECTION('',(0.,0.,-1.));
#2598=DIRECTION('',(0.,0.,-1.));
#2599=DIRECTION('',(-1.,0.,0.));
#2600=DIRECTION('',(0.,0.,-1.));
#2601=DIRECTION('',(0.,0.,1.));
#2602=DIRECTION('',(1.,0.,0.));
#2603=DIRECTION('',(0.,0.,1.));
#2604=DIRECTION('',(1.,0.,0.));
#2605=DIRECTION('',(0.,0.,-1.));
#2606=DIRECTION('',(-1.,0.,0.));
#2607=DIRECTION('',(0.,0.,-1.));
#2608=DIRECTION('',(0.,0.,1.));
#2609=DIRECTION('',(1.,0.,0.));
#2610=DIRECTION('',(0.,0.,1.));
#2611=DIRECTION('',(1.,0.,0.));
#2612=DIRECTION('',(0.,0.,-1.));
#2613=DIRECTION('',(-1.,0.,0.));
#2614=DIRECTION('',(0.,0.,-1.));
#2615=DIRECTION('',(0.,0.,1.));
#2616=DIRECTION('',(1.,0.,0.));
#2617=DIRECTION('',(0.,0.,1.));
#2618=DIRECTION('',(1.,0.,0.));
#2619=DIRECTION('',(0.,0.,-1.));
#2620=DIRECTION('',(-1.,0.,0.));
#2621=DIRECTION('',(0.,0.,-1.));
#2622=DIRECTION('',(0.,0.,1.));
#2623=DIRECTION('',(1.,0.,0.));
#2624=DIRECTION('',(0.,0.,1.));
#2625=DIRECTION('',(1.,0.,0.));
#2626=DIRECTION('',(0.,0.,-1.));
#2627=DIRECTION('',(-1.,0.,0.));
#2628=DIRECTION('',(0.,0.,-1.));
#2629=DIRECTION('',(0.,0.,1.));
#2630=DIRECTION('',(1.,0.,0.));
#2631=DIRECTION('',(0.,0.,1.));
#2632=DIRECTION('',(1.,0.,0.));
#2633=DIRECTION('',(0.,0.,-1.));
#2634=DIRECTION('',(-1.,0.,0.));
#2635=DIRECTION('',(0.,0.,1.));
#2636=DIRECTION('',(1.,0.,0.));
#2637=DIRECTION('',(0.,0.,1.));
#2638=DIRECTION('',(1.,0.,0.));
#2639=DIRECTION('',(0.,0.,1.));
#2640=DIRECTION('',(1.,0.,0.));
#2641=DIRECTION('',(0.,0.,1.));
#2642=DIRECTION('',(1.,0.,0.));
#2643=DIRECTION('',(0.468722234683011,0.883345610004241,0.));
#2644=DIRECTION('',(0.,0.,1.));
#2645=DIRECTION('',(1.,0.,0.));
#2646=DIRECTION('',(0.,0.,1.));
#2647=DIRECTION('',(1.,0.,0.));
#2648=DIRECTION('',(0.,0.,1.));
#2649=DIRECTION('',(1.,0.,0.));
#2650=DIRECTION('',(0.,0.,1.));
#2651=DIRECTION('',(1.,0.,0.));
#2652=DIRECTION('',(0.,0.,1.));
#2653=DIRECTION('',(1.,0.,0.));
#2654=DIRECTION('',(0.,0.,1.));
#2655=DIRECTION('',(1.,0.,0.));
#2656=DIRECTION('',(0.885013378189605,0.465565591968977,0.));
#2657=DIRECTION('',(0.465565591968977,-0.885013378189605,0.));
#2658=DIRECTION('',(0.,0.,1.));
#2659=DIRECTION('',(1.,0.,0.));
#2660=DIRECTION('',(0.,0.,-1.));
#2661=DIRECTION('',(-1.,0.,0.));
#2662=DIRECTION('',(0.,0.,-1.));
#2663=DIRECTION('',(0.,0.,-1.));
#2664=DIRECTION('',(0.,0.,-1.));
#2665=DIRECTION('',(-1.,0.,0.));
#2666=DIRECTION('',(0.,0.,-1.));
#2667=DIRECTION('',(0.,0.,-1.));
#2668=DIRECTION('',(-1.,0.,0.));
#2669=DIRECTION('',(0.,0.,-1.));
#2670=DIRECTION('',(0.,0.,-1.));
#2671=DIRECTION('',(-1.,0.,0.));
#2672=DIRECTION('',(0.,0.,-1.));
#2673=DIRECTION('',(0.,0.,-1.));
#2674=DIRECTION('',(-1.,0.,0.));
#2675=DIRECTION('',(0.,0.,-1.));
#2676=DIRECTION('',(0.,0.,-1.));
#2677=DIRECTION('',(-1.,0.,0.));
#2678=DIRECTION('',(0.,0.,-1.));
#2679=DIRECTION('',(-1.,0.,0.));
#2680=DIRECTION('',(0.,0.,-1.));
#2681=DIRECTION('',(0.,0.,-1.));
#2682=DIRECTION('',(0.,0.,-1.));
#2683=DIRECTION('',(0.,0.,-1.));
#2684=DIRECTION('',(-1.,0.,0.));
#2685=DIRECTION('',(-0.465565591968977,0.885013378189605,0.));
#2686=DIRECTION('',(-0.885013378189605,-0.465565591968977,0.));
#2687=DIRECTION('',(0.,0.,1.));
#2688=DIRECTION('',(0.,0.,1.));
#2689=DIRECTION('',(-0.885013378189605,-0.465565591968977,0.));
#2690=DIRECTION('',(0.,0.,1.));
#2691=DIRECTION('',(0.,0.,1.));
#2692=DIRECTION('',(-0.885013378189605,-0.465565591968977,-1.82602471155453E-16));
#2693=DIRECTION('',(0.,0.,1.));
#2694=DIRECTION('',(0.,0.,1.));
#2695=DIRECTION('',(-0.885013378189605,-0.465565591968977,-2.39272203583008E-16));
#2696=DIRECTION('',(0.,0.,1.));
#2697=DIRECTION('',(1.,0.,0.));
#2698=DIRECTION('',(0.,0.,1.));
#2699=DIRECTION('',(1.,0.,0.));
#2700=DIRECTION('',(0.,0.,1.));
#2701=DIRECTION('',(1.,0.,0.));
#2702=DIRECTION('',(0.,0.,1.));
#2703=DIRECTION('',(1.,0.,0.));
#2704=DIRECTION('',(0.,0.,1.));
#2705=DIRECTION('',(1.,0.,0.));
#2706=DIRECTION('',(-0.885013378189605,-0.465565591968977,0.));
#2707=DIRECTION('',(0.465565591968977,-0.885013378189605,0.));
#2708=DIRECTION('',(0.885013378189605,0.465565591968977,0.));
#2709=DIRECTION('',(0.,0.,1.));
#2710=DIRECTION('',(1.,0.,0.));
#2711=DIRECTION('',(0.,0.,1.));
#2712=DIRECTION('',(1.,0.,0.));
#2713=DIRECTION('',(0.,0.,1.));
#2714=DIRECTION('',(1.,0.,0.));
#2715=DIRECTION('',(0.883345610004241,-0.468722234683011,0.));
#2716=DIRECTION('',(0.468722234683011,0.883345610004241,0.));
#2717=DIRECTION('',(0.885329511460747,-0.464964145001178,-5.69785164828175E-17));
#2718=DIRECTION('',(-0.000679469386294132,0.99999976916065,1.22464672847318E-16));
#2719=DIRECTION('',(0.883345610004241,-0.468722234683011,0.));
#2720=DIRECTION('',(-0.883345610004241,0.468722234683011,0.));
#2721=DIRECTION('',(-0.468722234683011,-0.883345610004241,0.));
#2722=DIRECTION('',(0.468722234683011,0.883345610004241,0.));
#2723=DIRECTION('',(0.,0.,1.));
#2724=DIRECTION('',(-0.883345610004241,0.468722234683011,0.));
#2725=DIRECTION('',(-0.468722234683011,-0.883345610004241,0.));
#2726=DIRECTION('',(0.,0.,1.));
#2727=DIRECTION('',(0.468722234683011,0.883345610004241,0.));
#2728=DIRECTION('',(-2.00191459666637E-16,1.06225906685549E-16,-1.));
#2729=DIRECTION('',(-1.,0.,2.00191459666637E-16));
#2730=DIRECTION('',(-0.883345610004241,0.468722234683011,2.26628691419744E-16));
#2731=DIRECTION('',(0.,0.,-1.));
#2732=DIRECTION('',(-1.,0.,0.));
#2733=DIRECTION('',(0.465565591968977,-0.885013378189605,0.));
#2734=DIRECTION('',(0.885013378189605,0.465565591968977,0.));
#2735=DIRECTION('',(0.465565591968977,-0.885013378189605,0.));
#2736=DIRECTION('',(-0.885013378189605,-0.465565591968977,0.));
#2737=DIRECTION('',(0.465565591968977,-0.885013378189605,0.));
#2738=DIRECTION('',(0.,0.,-1.));
#2739=DIRECTION('',(-0.885013378189605,-0.465565591968977,0.));
#2740=DIRECTION('',(0.465565591968977,-0.885013378189605,0.));
#2741=DIRECTION('',(-0.885013378189605,-0.465565591968977,0.));
#2742=DIRECTION('',(0.465565591968977,-0.885013378189605,0.));
#2743=DIRECTION('',(1.61605629863057E-16,8.50134275784867E-17,-1.));
#2744=DIRECTION('',(-1.,0.,-1.61605629863057E-16));
#2745=DIRECTION('',(0.465565591968977,-0.885013378189605,0.));
#2746=DIRECTION('',(0.885013378189605,0.465565591968977,1.82602471155453E-16));
#2747=DIRECTION('',(0.465565591968977,-0.885013378189605,0.));
#2748=DIRECTION('',(-0.885013378189605,-0.465565591968977,0.));
#2749=DIRECTION('',(0.465565591968977,-0.885013378189605,0.));
#2750=DIRECTION('',(0.,0.,-1.));
#2751=DIRECTION('',(-0.885013378189605,-0.465565591968977,0.));
#2752=DIRECTION('',(0.465565591968977,-0.885013378189605,0.));
#2753=DIRECTION('',(0.,0.,-1.));
#2754=DIRECTION('',(2.11759101199868E-16,1.11396905102844E-16,-1.));
#2755=DIRECTION('',(-1.,0.,-2.11759101199868E-16));
#2756=DIRECTION('',(0.465565591968977,-0.885013378189605,0.));
#2757=DIRECTION('',(0.885013378189605,0.465565591968977,2.39272203583008E-16));
#2758=DIRECTION('',(0.465565591968977,-0.885013378189605,0.));
#2759=DIRECTION('',(-0.885013378189605,-0.465565591968977,0.));
#2760=DIRECTION('',(0.465565591968977,-0.885013378189605,0.));
#2761=DIRECTION('',(0.,0.,-1.));
#2762=DIRECTION('',(-0.885013378189605,-0.465565591968977,0.));
#2763=DIRECTION('',(0.465565591968977,-0.885013378189605,0.));
#2764=DIRECTION('',(0.,0.,-1.));
#2765=DIRECTION('',(-0.46300131621629,-0.886357592161303,0.));
#2766=DIRECTION('',(0.886357592161303,-0.46300131621629,0.));
#2767=DIRECTION('',(0.,0.,1.));
#2768=DIRECTION('',(0.,0.,1.));
#2769=DIRECTION('',(0.886357592161303,-0.46300131621629,0.));
#2770=DIRECTION('',(0.468722234683011,0.883345610004241,0.));
#2771=DIRECTION('',(-0.883345610004241,0.468722234683011,0.));
#2772=DIRECTION('',(0.,0.,1.));
#2773=DIRECTION('',(0.883345610004241,-0.468722234683011,0.));
#2774=DIRECTION('',(0.,0.,1.));
#2775=DIRECTION('',(-0.46300131621629,-0.886357592161303,0.));
#2776=DIRECTION('',(0.886357592161304,-0.46300131621629,0.));
#2777=DIRECTION('',(0.,0.,1.));
#2778=DIRECTION('',(0.,0.,1.));
#2779=DIRECTION('',(0.886357592161303,-0.46300131621629,0.));
#2780=DIRECTION('',(0.876080353287078,-0.48216513207032,0.));
#2781=DIRECTION('',(0.48216513207032,0.876080353287078,0.));
#2782=DIRECTION('',(0.48216513207032,0.876080353287078,0.));
#2783=DIRECTION('',(0.,0.,1.));
#2784=DIRECTION('',(0.468722234683011,0.883345610004241,0.));
#2785=DIRECTION('',(-0.883345610004241,0.468722234683011,0.));
#2786=DIRECTION('',(0.,0.,1.));
#2787=DIRECTION('',(0.883345610004241,-0.468722234683011,0.));
#2788=DIRECTION('',(0.,0.,1.));
#2789=DIRECTION('',(0.465565591968977,-0.885013378189605,0.));
#2790=DIRECTION('',(0.885013378189605,0.465565591968977,0.));
#2791=DIRECTION('',(0.,0.,1.));
#2792=DIRECTION('',(0.885013378189605,0.465565591968977,0.));
#2793=DIRECTION('',(0.,0.,1.));
#2794=DIRECTION('',(0.458734919155256,-0.888573167469973,0.));
#2795=DIRECTION('',(0.888573167469973,0.458734919155256,0.));
#2796=DIRECTION('',(0.,0.,1.));
#2797=DIRECTION('',(0.888573167469973,0.458734919155256,0.));
#2798=DIRECTION('',(0.,0.,1.));
#2799=DIRECTION('',(0.465565591968977,-0.885013378189605,0.));
#2800=DIRECTION('',(0.885013378189605,0.465565591968977,0.));
#2801=DIRECTION('',(0.,0.,1.));
#2802=DIRECTION('',(0.885013378189605,0.465565591968977,0.));
#2803=DIRECTION('',(0.,0.,1.));
#2804=DIRECTION('',(0.458734919155256,-0.888573167469973,0.));
#2805=DIRECTION('',(0.888573167469973,0.458734919155256,0.));
#2806=DIRECTION('',(0.,0.,1.));
#2807=DIRECTION('',(0.888573167469973,0.458734919155256,0.));
#2808=DIRECTION('',(0.,0.,1.));
#2809=DIRECTION('',(0.465565591968977,-0.885013378189605,0.));
#2810=DIRECTION('',(0.885013378189605,0.465565591968977,0.));
#2811=DIRECTION('',(0.,0.,1.));
#2812=DIRECTION('',(0.885013378189605,0.465565591968977,0.));
#2813=DIRECTION('',(0.,0.,1.));
#2814=DIRECTION('',(0.458734919155256,-0.888573167469973,0.));
#2815=DIRECTION('',(0.888573167469973,0.458734919155256,0.));
#2816=DIRECTION('',(0.,0.,1.));
#2817=DIRECTION('',(0.888573167469973,0.458734919155256,0.));
#2818=DIRECTION('',(0.,0.,1.));
#2819=DIRECTION('',(1.,1.90481048734713E-16,0.));
#2820=DIRECTION('',(-1.90481048734713E-16,1.,0.));
#2821=DIRECTION('',(0.,0.,-1.));
#2822=DIRECTION('',(-1.90481048734713E-16,1.,0.));
#2823=DIRECTION('',(0.,0.,-1.));
#2824=DIRECTION('',(-1.90481048734713E-16,1.,0.));
#2825=DIRECTION('',(0.,0.,1.));
#2826=DIRECTION('',(0.,0.,1.));
#2827=DIRECTION('',(-1.90481048734713E-16,1.,0.));
#2828=DIRECTION('',(0.885013378189604,0.465565591968977,0.));
#2829=DIRECTION('',(-0.465565591968977,0.885013378189604,0.));
#2830=DIRECTION('',(-0.465565591968978,0.885013378189604,0.));
#2831=DIRECTION('',(-0.885013378189605,-0.465565591968977,0.));
#2832=DIRECTION('',(0.465565591968977,-0.885013378189605,0.));
#2833=DIRECTION('',(0.465565591968977,-0.885013378189605,0.));
#2834=DIRECTION('',(0.888573167469973,0.458734919155256,0.));
#2835=DIRECTION('',(-0.458734919155256,0.888573167469973,0.));
#2836=DIRECTION('',(-0.458734919155256,0.888573167469973,0.));
#2837=DIRECTION('',(0.888573167469973,0.458734919155256,0.));
#2838=DIRECTION('',(-0.458734919155256,0.888573167469973,0.));
#2839=DIRECTION('',(-0.458734919155256,0.888573167469973,0.));
#2840=DIRECTION('',(-0.88857316746987,-0.458734919155456,0.));
#2841=DIRECTION('',(0.458734919155456,-0.88857316746987,0.));
#2842=DIRECTION('',(0.458734919155456,-0.88857316746987,0.));
#2843=DIRECTION('',(-0.902964039670739,-0.429716119154844,0.));
#2844=DIRECTION('',(0.429716119154844,-0.902964039670739,0.));
#2845=DIRECTION('',(0.429716119154844,-0.902964039670739,0.));
#2846=DIRECTION('',(0.,0.,1.));
#2847=DIRECTION('',(0.,-1.,0.));
#2848=DIRECTION('',(0.,0.,-1.));
#2849=DIRECTION('',(1.,0.,0.));
#2850=DIRECTION('',(0.000221911142909527,-0.999999975377722,0.));
#2851=DIRECTION('',(0.999999975377722,0.000221911142909527,0.));
#2852=DIRECTION('',(0.,0.,1.));
#2853=DIRECTION('',(0.999999975377722,0.000221911142909527,0.));
#2854=DIRECTION('',(-0.886357592161303,0.46300131621629,0.));
#2855=DIRECTION('',(-0.46300131621629,-0.886357592161303,0.));
#2856=DIRECTION('',(-0.46300131621629,-0.886357592161303,0.));
#2857=DIRECTION('',(-0.886357592161303,0.46300131621629,0.));
#2858=DIRECTION('',(-0.46300131621629,-0.886357592161303,0.));
#2859=DIRECTION('',(-0.46300131621629,-0.886357592161303,0.));
#2860=DIRECTION('',(0.896782315249778,-0.442472009346633,0.));
#2861=DIRECTION('',(0.442472009346634,0.896782315249778,0.));
#2862=DIRECTION('',(0.442472009346633,0.896782315249778,0.));
#2863=DIRECTION('',(1.,0.,0.));
#2864=DIRECTION('',(0.,0.,-1.));
#2865=DIRECTION('',(0.,1.,0.));
#2866=DIRECTION('',(1.,2.96406177376988E-16,0.));
#2867=DIRECTION('',(-2.96406177376988E-16,1.,0.));
#2868=DIRECTION('',(-2.96406177376988E-16,1.,0.));
#2869=DIRECTION('',(0.,0.,1.));
#2870=DIRECTION('',(1.,0.,0.));
#2871=DIRECTION('',(0.,0.,1.));
#2872=DIRECTION('',(1.,0.,0.));
#2873=DIRECTION('',(0.,0.,1.));
#2874=DIRECTION('',(1.,0.,0.));
#2875=DIRECTION('',(0.,0.,1.));
#2876=DIRECTION('',(1.,0.,0.));
#2877=DIRECTION('',(0.,0.,1.));
#2878=DIRECTION('',(1.,0.,0.));
#2879=DIRECTION('',(0.,1.,0.));
#2880=DIRECTION('',(1.,0.,0.));
#2881=DIRECTION('',(1.,0.,0.));
#2882=DIRECTION('',(0.,0.,-1.));
#2883=DIRECTION('',(-1.,0.,0.));
#2884=DIRECTION('',(-0.624619670965366,0.33143667063727,-0.707106781186548));
#2885=DIRECTION('',(0.624619670965366,-0.331436670637269,-0.707106781186548));
#2886=DIRECTION('',(-0.883345610004241,0.468722234683011,2.26628691419744E-16));
#2887=DIRECTION('',(-0.468722234683011,-0.883345610004241,0.));
#2888=DIRECTION('',(-0.624619670965366,0.331436670637269,0.707106781186548));
#2889=DIRECTION('',(0.624619670965366,-0.33143667063727,0.707106781186548));
#2890=DIRECTION('',(0.,0.,1.));
#2891=DIRECTION('',(1.,0.,0.));
#2892=DIRECTION('',(-0.885013378189605,-0.465565591968977,0.));
#2893=DIRECTION('',(0.465565591968977,-0.885013378189605,0.));
#2894=DIRECTION('',(-0.625798961158684,-0.329204587168393,-0.707106781186548));
#2895=DIRECTION('',(0.625798961158684,0.329204587168393,-0.707106781186548));
#2896=DIRECTION('',(0.,0.,-1.));
#2897=DIRECTION('',(-1.,0.,0.));
#2898=DIRECTION('',(0.,0.,-1.));
#2899=DIRECTION('',(-1.,0.,0.));
#2900=DIRECTION('',(-0.625798961158684,-0.329204587168393,-0.707106781186548));
#2901=DIRECTION('',(-0.625798961158684,-0.329204587168393,0.707106781186548));
#2902=DIRECTION('',(-0.885013378189605,-0.465565591968977,-1.82602471155453E-16));
#2903=DIRECTION('',(0.465565591968977,-0.885013378189605,0.));
#2904=DIRECTION('',(-0.625798961158684,-0.329204587168393,0.707106781186548));
#2905=DIRECTION('',(0.625798961158684,0.329204587168393,0.707106781186548));
#2906=DIRECTION('',(0.,0.,1.));
#2907=DIRECTION('',(1.,0.,0.));
#2908=DIRECTION('',(0.,0.,-1.));
#2909=DIRECTION('',(-1.,0.,0.));
#2910=DIRECTION('',(-0.625798961158684,-0.329204587168393,-0.707106781186548));
#2911=DIRECTION('',(-0.625798961158684,-0.329204587168393,0.707106781186548));
#2912=DIRECTION('',(-0.885013378189605,-0.465565591968977,-2.39272203583008E-16));
#2913=DIRECTION('',(0.465565591968977,-0.885013378189605,0.));
#2914=DIRECTION('',(-0.625798961158684,-0.329204587168393,0.707106781186548));
#2915=DIRECTION('',(0.625798961158684,0.329204587168393,0.707106781186548));
#2916=DIRECTION('',(0.,0.,1.));
#2917=DIRECTION('',(1.,0.,0.));
#2918=DIRECTION('',(1.,0.,0.));
#2919=DIRECTION('',(0.,1.,0.));
#2920=DIRECTION('',(0.,0.,-1.));
#2921=DIRECTION('',(0.,1.,0.));
#2922=DIRECTION('',(0.,0.,-1.));
#2923=DIRECTION('',(0.,-1.,0.));
#2924=DIRECTION('',(0.,0.,-1.));
#2925=DIRECTION('',(1.,0.,0.));
#2926=DIRECTION('',(0.,-1.,0.));
#2927=DIRECTION('',(0.,0.,-1.));
#2928=DIRECTION('',(1.,0.,0.));
#2929=DIRECTION('',(0.,0.,-1.));
#2930=DIRECTION('',(-1.,0.,0.));
#2931=DIRECTION('',(0.,0.,-1.));
#2932=DIRECTION('',(-1.,0.,0.));
#2933=DIRECTION('',(0.,0.,-1.));
#2934=DIRECTION('',(-1.,0.,0.));
#2935=DIRECTION('',(0.,0.,-1.));
#2936=DIRECTION('',(-1.,0.,0.));
#2937=DIRECTION('',(0.,0.,-1.));
#2938=DIRECTION('',(-1.,0.,0.));
#2939=DIRECTION('',(1.,0.,0.));
#2940=DIRECTION('',(1.,0.,0.));
#2941=DIRECTION('',(0.,-1.,0.));
#2942=DIRECTION('',(0.,0.,-1.));
#2943=DIRECTION('',(0.,0.,-1.));
#2944=DIRECTION('',(0.,-1.,0.));
#2945=DIRECTION('',(0.,0.,-1.));
#2946=DIRECTION('',(0.,0.,1.));
#2947=DIRECTION('',(0.,0.,-1.));
#2948=DIRECTION('',(-1.,0.,0.));
#2949=DIRECTION('',(0.,0.,-1.));
#2950=DIRECTION('',(-1.,0.,0.));
#2951=DIRECTION('',(0.,0.,-1.));
#2952=DIRECTION('',(-1.,0.,0.));
#2953=DIRECTION('',(3.45134406150756E-19,1.22464193578614E-16,-1.));
#2954=DIRECTION('',(0.999984115088338,-0.00563645021210918,-3.45134406150756E-19));
#2955=DIRECTION('',(-0.999687270731765,0.0250072136967613,0.));
#2956=DIRECTION('',(-0.0250072136967613,-0.999687270731765,0.));
#2957=DIRECTION('',(0.999687270731765,-0.0250072136967613,0.));
#2958=DIRECTION('',(0.0250072136967613,0.999687270731765,0.));
#2959=DIRECTION('',(0.999687270731765,-0.0250072136967613,0.));
#2960=DIRECTION('',(0.0250072136967613,0.999687270731765,0.));
#2961=DIRECTION('',(0.,0.,-1.));
#2962=DIRECTION('',(-1.,0.,0.));
#2963=DIRECTION('',(0.,0.,-1.));
#2964=DIRECTION('',(0.,0.,-1.));
#2965=DIRECTION('',(0.,0.,-1.));
#2966=DIRECTION('',(-1.,0.,0.));
#2967=DIRECTION('',(0.,0.,-1.));
#2968=DIRECTION('',(0.,0.,-1.));
#2969=DIRECTION('',(0.469471562785426,0.882947592859174,0.));
#2970=DIRECTION('',(-0.882947592859174,0.469471562785426,0.));
#2971=DIRECTION('',(0.469471562785426,0.882947592859174,0.));
#2972=DIRECTION('',(-0.882947592859174,0.469471562785426,0.));
#2973=DIRECTION('',(-0.469471562785982,-0.882947592858879,0.));
#2974=DIRECTION('',(0.882947592858879,-0.469471562785982,0.));
#2975=DIRECTION('',(-0.469471562785982,-0.882947592858879,0.));
#2976=DIRECTION('',(-0.882947592858879,0.469471562785982,0.));
#2977=DIRECTION('',(0.,0.,-1.));
#2978=DIRECTION('',(-1.,0.,0.));
#2979=DIRECTION('',(0.,0.,1.));
#2980=DIRECTION('',(1.,0.,0.));
#2981=DIRECTION('',(0.,0.,1.));
#2982=DIRECTION('',(1.,0.,0.));
#2983=DIRECTION('',(0.,0.,-1.));
#2984=DIRECTION('',(-1.,0.,0.));
#2985=DIRECTION('',(0.,0.,1.));
#2986=DIRECTION('',(1.,0.,0.));
#2987=DIRECTION('',(0.,0.,1.));
#2988=DIRECTION('',(1.,0.,0.));
#2989=DIRECTION('',(0.,0.,-1.));
#2990=DIRECTION('',(-1.,0.,0.));
#2991=DIRECTION('',(0.,0.,1.));
#2992=DIRECTION('',(1.,0.,0.));
#2993=DIRECTION('',(0.,0.,1.));
#2994=DIRECTION('',(1.,0.,0.));
#2995=DIRECTION('',(0.,0.,-1.));
#2996=DIRECTION('',(-1.,0.,0.));
#2997=DIRECTION('',(0.,0.,1.));
#2998=DIRECTION('',(1.,0.,0.));
#2999=DIRECTION('',(0.,0.,1.));
#3000=DIRECTION('',(1.,0.,0.));
#3001=DIRECTION('',(-0.999999942290161,-0.000339734712753102,0.));
#3002=DIRECTION('',(0.000339734712753102,-0.999999942290161,0.));
#3003=DIRECTION('',(0.999999942290161,0.000339734712753102,0.));
#3004=DIRECTION('',(-0.000339734712753102,0.999999942290161,0.));
#3005=DIRECTION('',(0.999999942290161,0.000339734712753102,0.));
#3006=DIRECTION('',(-0.000339734712753102,0.999999942290161,0.));
#3007=DIRECTION('',(0.999999942290161,0.000339734712753102,0.));
#3008=DIRECTION('',(-0.000339734712753102,0.999999942290161,0.));
#3009=DIRECTION('',(-0.999999942290161,-0.000339734712753102,0.));
#3010=DIRECTION('',(0.000339734712753102,-0.999999942290161,0.));
#3011=DIRECTION('',(-0.999999942290161,-0.000339734712753102,0.));
#3012=DIRECTION('',(0.000339734712753102,-0.999999942290161,0.));
#3013=DIRECTION('',(-0.999999942290161,-0.000339734712753102,0.));
#3014=DIRECTION('',(0.000339734712753102,-0.999999942290161,0.));
#3015=CARTESIAN_POINT('',(0.,0.,0.));
#3016=CARTESIAN_POINT('',(-0.048397459776486,-0.0011868829263225,0.0239904));
#3017=CARTESIAN_POINT('',(-0.0875092028373828,-0.0435685475387557,0.0239904));
#3018=CARTESIAN_POINT('',(-0.0982380075424306,-0.0369794191531157,0.0239904));
#3019=CARTESIAN_POINT('',(-0.0782952942762997,-0.0521492090697511,0.0239904));
#3020=CARTESIAN_POINT('',(-0.07400951625087,-0.0260746045348756,0.0239904));
#3021=CARTESIAN_POINT('',(-0.0697237382254403,-6.7762635780344E-21,0.0239904));
#3022=CARTESIAN_POINT('',(-0.074027232157085,0.026071686460866,0.0239904));
#3023=CARTESIAN_POINT('',(-0.0783307260887297,0.0521433729217321,0.0239904));
#3024=CARTESIAN_POINT('',(-0.00858893579628736,0.0155158444429024,0.0239904));
#3025=CARTESIAN_POINT('',(-0.0145010996898263,0.0186208400341286,0.0239904));
#3026=CARTESIAN_POINT('',(-0.0327491479249362,0.0283036480432442,0.0239904));
#3027=CARTESIAN_POINT('',(-0.0765242105857468,0.0515316405315585,0.0239904));
#3028=CARTESIAN_POINT('',(-0.0829036745646192,0.043629738591564,0.0239904));
#3029=CARTESIAN_POINT('',(-0.0916807922017524,0.0385209402092679,0.0239904));
#3030=CARTESIAN_POINT('',(-0.0958641384914329,0.0289928456434487,0.0239904));
#3031=CARTESIAN_POINT('',(-0.101435812433878,0.0202041357430334,0.0239904));
#3032=CARTESIAN_POINT('',(-0.101652036343124,0.00979600946127113,0.0239904));
#3033=CARTESIAN_POINT('',(-0.105944650212102,0.000311848367746573,0.0239904));
#3034=CARTESIAN_POINT('',(-0.100595041807993,0.00543195717819148,0.0239904));
#3035=CARTESIAN_POINT('',(-0.095245433403885,0.0105520659886363,0.0239904));
#3036=CARTESIAN_POINT('',(-0.0943618235171626,0.00527603299431815,0.0239904));
#3037=CARTESIAN_POINT('',(-0.0934782136304403,-7.80625564189563E-18,0.0239904));
#3038=CARTESIAN_POINT('',(-0.0946245136141214,-0.00522525472455267,0.0239904));
#3039=CARTESIAN_POINT('',(-0.0957708135978025,-0.0104505094491053,0.0239904));
#3040=CARTESIAN_POINT('',(-0.100857731904952,-0.00506933054067941,0.0239904));
#3041=CARTESIAN_POINT('',(-0.104189712771897,-0.00846201357027786,0.0239904));
#3042=CARTESIAN_POINT('',(-0.106409458670703,-0.0171299537449273,0.0239904));
#3043=CARTESIAN_POINT('',(-0.102559080150355,-0.0271515720238692,0.0239904));
#3044=CARTESIAN_POINT('',(-0.048397459776486,-0.0011868829263225,0.0239904));
#3045=CARTESIAN_POINT('',(-0.0140550555415397,0.00920438783942667,0.0239904));
#3046=CARTESIAN_POINT('',(-0.0140488142923057,1.89147053815392E-5,0.0239904));
#3047=CARTESIAN_POINT('',(-0.0140553556331724,0.00964604359250083,0.0239904));
#3048=CARTESIAN_POINT('',(-0.0139970408183597,0.00920424404933282,0.0239904));
#3049=CARTESIAN_POINT('',(-0.0139947322859272,0.0096138095869917,0.0239904));
#3050=CARTESIAN_POINT('',(-0.0363378866160283,0.0214938754773594,0.0239904));
#3051=CARTESIAN_POINT('',(-0.048397459776486,-0.0011868829263225,0.0239904));
#3052=CARTESIAN_POINT('',(-0.0140550555415397,0.00920438783942667,0.0239904));
#3053=CARTESIAN_POINT('',(-0.0140576651120159,0.0130449874697178,0.0239904));
#3054=CARTESIAN_POINT('',(-0.0140612951663616,0.0183874702672725,0.0239904));
#3055=CARTESIAN_POINT('',(-0.0349294695427287,0.0241427227413245,0.0239904));
#3056=CARTESIAN_POINT('',(-0.0139756381503232,0.0130013729605353,0.0239904));
#3057=CARTESIAN_POINT('',(-0.0139970408183597,0.00920424404933282,0.0239904));
#3058=CARTESIAN_POINT('',(-0.0139456251526912,0.0183260932629841,0.0239904));
#3059=CARTESIAN_POINT('',(-0.0327491479249362,0.0283036480432442,0.0239904));
#3060=CARTESIAN_POINT('',(-0.048397459776486,-0.0011868829263225,0.0219904));
#3061=CARTESIAN_POINT('',(-0.0484010050856656,0.0147893724604785,0.0219904));
#3062=CARTESIAN_POINT('',(-0.00729757371564342,0.0147984937701359,0.0219904));
#3063=CARTESIAN_POINT('',(0.00146719767037586,0.0148004387706194,0.0219904));
#3064=CARTESIAN_POINT('',(-0.0226683198123435,-0.014626859944473,0.0219904));
#3065=CARTESIAN_POINT('',(-0.0111974745530045,0.00733262575896069,0.0219904));
#3066=CARTESIAN_POINT('',(-0.036926614517147,0.0207726027771112,0.0219904));
#3067=CARTESIAN_POINT('',(-0.0181782116112271,0.0109791116408447,0.0219904));
#3068=CARTESIAN_POINT('',(-0.029649056870566,-0.010980374062589,0.0219904));
#3069=CARTESIAN_POINT('',(-0.0142547345420953,0.0184901133725788,0.0219904));
#3070=CARTESIAN_POINT('',(-0.0327491479249362,0.0283036480432442,0.0219904));
#3071=CARTESIAN_POINT('',(-0.040116002650583,0.0322126600658133,0.0219904));
#3072=CARTESIAN_POINT('',(-0.0549903330715822,0.00206603792709161,0.0219904));
#3073=CARTESIAN_POINT('',(-0.0464161709520735,0.0194437630587085,0.0219904));
#3074=CARTESIAN_POINT('',(-0.039506228338042,0.015834257647383,0.0219904));
#3075=CARTESIAN_POINT('',(-0.0611064702519604,0.0271174468761773,0.0219904));
#3076=CARTESIAN_POINT('',(-0.0701080234163737,0.0107618803868496,0.0219904));
#3077=CARTESIAN_POINT('',(-0.0552358249223822,0.0377842427356712,0.0219904));
#3078=CARTESIAN_POINT('',(-0.0552358249223821,-0.0011868829263225,0.0219904));
#3079=CARTESIAN_POINT('',(-0.0552358249223821,0.0402355639020746,0.0219904));
#3080=CARTESIAN_POINT('',(-0.0327491479249362,0.0283036480432442,0.0219904));
#3081=CARTESIAN_POINT('',(-0.0679039548377386,0.0469575468903096,0.0219904));
#3082=CARTESIAN_POINT('',(-0.0679039548377386,-0.00118688292632251,0.0219904));
#3083=CARTESIAN_POINT('',(-0.0679039548377386,-0.0466827944185278,0.0219904));
#3084=CARTESIAN_POINT('',(-0.0338797570650803,-0.0287841996993149,0.0219904));
#3085=CARTESIAN_POINT('',(-0.0536387927052383,-0.0391785364983406,0.0219904));
#3086=CARTESIAN_POINT('',(-0.068156495416644,-0.0115812197253483,0.0219904));
#3087=CARTESIAN_POINT('',(-0.060071773827076,-0.0269498098641634,0.0219904));
#3088=CARTESIAN_POINT('',(-0.0403527034473765,-0.0167696395781257,0.0219904));
#3089=CARTESIAN_POINT('',(-0.0455175875743436,-0.019436063446378,0.0219904));
#3090=CARTESIAN_POINT('',(-0.0536610459610773,-0.00395581803883103,0.0219904));
#3091=CARTESIAN_POINT('',(-0.0391433432496716,-0.0315531348118235,0.0219904));
#3092=CARTESIAN_POINT('',(-0.0338797570650803,-0.0287841996993149,0.0219904));
#3093=CARTESIAN_POINT('',(-0.0327180276593054,-0.028173066295192,0.0219904));
#3094=CARTESIAN_POINT('',(-0.0470176673548672,-0.000474551079993447,0.0219904));
#3095=CARTESIAN_POINT('',(-0.0389729110257577,-0.0160573077317966,0.0219904));
#3096=CARTESIAN_POINT('',(-0.0403527034473765,-0.0167696395781257,0.0219904));
#3097=CARTESIAN_POINT('',(-0.0293951439471302,-0.0111126882369135,0.0219904));
#3098=CARTESIAN_POINT('',(-0.0374399002762398,0.00447006841488964,0.0219904));
#3099=CARTESIAN_POINT('',(-0.0231783479004379,-0.0231546713606239,0.0219904));
#3100=CARTESIAN_POINT('',(-0.0338797570650803,-0.0287841996993149,0.0219904));
#3101=CARTESIAN_POINT('',(-0.0173500324334283,-0.0200886576624684,0.0219904));
#3102=CARTESIAN_POINT('',(-0.0315883151691171,0.0074910086360459,0.0219904));
#3103=CARTESIAN_POINT('',(-0.0235435588400021,-0.00809174801575923,0.0219904));
#3104=CARTESIAN_POINT('',(-0.0403527034473765,-0.0167696395781257,0.0219904));
#3105=CARTESIAN_POINT('',(-0.0130627490580082,-0.00268092355690897,0.0219904));
#3106=CARTESIAN_POINT('',(-0.0201672283490195,0.0122477445437565,0.0219904));
#3107=CARTESIAN_POINT('',(-0.00729559246728724,-0.014799470617264,0.0219904));
#3108=CARTESIAN_POINT('',(-0.048397459776486,-0.014799470617264,0.0219904));
#3109=CARTESIAN_POINT('',(0.00146719767037586,-0.014799470617264,0.0219904));
#3110=CARTESIAN_POINT('',(0.00146719767037586,-0.0011868829263225,0.0219904));
#3111=CARTESIAN_POINT('',(-0.0424774148169839,-0.0344369657976595,0.0219904));
#3112=CARTESIAN_POINT('',(-0.0776822681566741,-0.0529566501201744,0.0219904));
#3113=CARTESIAN_POINT('',(-0.00727256147729362,-0.0159172814751447,0.0219904));
#3114=CARTESIAN_POINT('',(-0.0875092028373828,-0.0435685475387557,0.0219904));
#3115=CARTESIAN_POINT('',(-0.10017580518861,-0.0386428699027312,0.0219904));
#3116=CARTESIAN_POINT('',(-0.102559080150355,-0.0271515720238692,0.0219904));
#3117=CARTESIAN_POINT('',(-0.108855326063212,-0.017247673100271,0.0219904));
#3118=CARTESIAN_POINT('',(-0.104189712771897,-0.00846201357027786,0.0219904));
#3119=CARTESIAN_POINT('',(-0.108363075143982,0.00056787055258444,0.0219904));
#3120=CARTESIAN_POINT('',(-0.101652036343124,0.00979600946127113,0.0219904));
#3121=CARTESIAN_POINT('',(-0.103970062294597,0.020968446312421,0.0219904));
#3122=CARTESIAN_POINT('',(-0.0958641384914329,0.0289928456434487,0.0219904));
#3123=CARTESIAN_POINT('',(-0.09350336082244,0.0401518650503717,0.0219904));
#3124=CARTESIAN_POINT('',(-0.0829036745646192,0.043629738591564,0.0219904));
#3125=CARTESIAN_POINT('',(-0.0759727218734497,0.0523710684632444,0.0219904));
#3126=CARTESIAN_POINT('',(-0.0416226416753717,0.0341441749691946,0.0219904));
#3127=CARTESIAN_POINT('',(-0.00727256147729362,0.0159172814751447,0.0219904));
#3128=CARTESIAN_POINT('',(4.33680868994202E-18,1.71191937837355E-18,0.0219904));
#3129=CARTESIAN_POINT('',(-0.0363378866160283,0.0214938754773594,0.0219904));
#3130=CARTESIAN_POINT('',(-0.0129420847546484,0.00905410696639405,0.0219904));
#3131=CARTESIAN_POINT('',(-0.0155909342612991,0.0104625252321324,0.0219904));
#3132=CARTESIAN_POINT('',(-0.0122378762180096,0.0103785305983738,0.0219904));
#3133=CARTESIAN_POINT('',(-0.0115336676813707,0.0117029542303535,0.0219904));
#3134=CARTESIAN_POINT('',(-0.0349294695427287,0.0241427227413245,0.0219904));
#3135=CARTESIAN_POINT('',(-0.014182517188021,0.0131113724960917,0.0219904));
#3136=CARTESIAN_POINT('',(-0.0148867257246601,0.011786948864112,0.0219904));
#3137=CARTESIAN_POINT('',(-0.0139970408183597,1.87687949185496E-5,0.0239904));
#3138=CARTESIAN_POINT('',(-0.013970036624903,0.00960067867110404,0.0396644363653441));
#3139=CARTESIAN_POINT('',(-0.0136271662914643,0.00941837128097797,0.0395621258102061));
#3140=CARTESIAN_POINT('',(-0.013284511528718,0.00923617851182227,0.0394588968838271));
#3141=CARTESIAN_POINT('',(-0.0129420847546479,0.009054106966396,0.039354696683287));
#3142=CARTESIAN_POINT('',(-0.013970036624903,0.00960067867110404,0.0396644363653441));
#3143=CARTESIAN_POINT('',(-0.0129420847546484,0.00905410696639405,0.0393546966832885));
#3144=CARTESIAN_POINT('',(-0.0139970408183597,1.87687949185496E-5,0.0239904));
#3145=CARTESIAN_POINT('',(-0.0140488142923057,-0.018352035803447,0.0239904));
#3146=CARTESIAN_POINT('',(-0.00857840736730397,-0.0154743016345472,0.0239904));
#3147=CARTESIAN_POINT('',(-0.00729559246728724,-0.014799470617264,0.0239904));
#3148=CARTESIAN_POINT('',(-0.00729559246728721,-0.0147994706172641,0.0239904));
#3149=CARTESIAN_POINT('',(-0.00729559246728722,-0.0147994706172641,0.0249688137832533));
#3150=CARTESIAN_POINT('',(-0.00729531899545213,-0.0146106230961129,0.0268860200967368));
#3151=CARTESIAN_POINT('',(-0.00729408361762587,-0.0137575818831996,0.0297008906986112));
#3152=CARTESIAN_POINT('',(-0.00729210570906481,-0.0123919821693993,0.0322576891035594));
#3153=CARTESIAN_POINT('',(-0.00728940149411787,-0.0105252590571186,0.0345345238069732));
#3154=CARTESIAN_POINT('',(-0.00728615214502141,-0.00828274213099773,0.0363747789794126));
#3155=CARTESIAN_POINT('',(-0.00728115527203664,-0.00483509895223756,0.0382228908806649));
#3156=CARTESIAN_POINT('',(-0.00727414808702565,-2.56071986988866E-6,0.0391843368491628));
#3157=CARTESIAN_POINT('',(-0.00726571053640495,0.0058125533465153,0.0380346007618808));
#3158=CARTESIAN_POINT('',(-0.0072585469376068,0.0107466222564669,0.0347465035305389));
#3159=CARTESIAN_POINT('',(-0.0072537528438771,0.0140470932321893,0.0298061449581072));
#3160=CARTESIAN_POINT('',(-0.00725262904113232,0.0148205725932477,0.0259472309398108));
#3161=CARTESIAN_POINT('',(-0.00725262904113232,0.0148205725932477,0.0239904));
#3162=CARTESIAN_POINT('',(-0.00725262904113235,0.0148205725932477,0.0239904));
#3163=CARTESIAN_POINT('',(-0.00849116752170929,0.0154810512606647,0.0239904));
#3164=CARTESIAN_POINT('',(-0.0139452673444136,0.0183895733932841,0.0239904));
#3165=CARTESIAN_POINT('',(-0.0139970408183597,1.87687949185496E-5,0.0239904));
#3166=CARTESIAN_POINT('',(-0.013960475348047,0.0129933107555546,0.0369961320425268));
#3167=CARTESIAN_POINT('',(-0.0115336676813706,0.011702954230354,0.0364470142456429));
#3168=CARTESIAN_POINT('',(-0.0123419423292576,0.0121327214840085,0.0366338048157502));
#3169=CARTESIAN_POINT('',(-0.0131509051213986,0.0125628546304532,0.0368166914558191));
#3170=CARTESIAN_POINT('',(-0.013960475348047,0.0129933107555546,0.0369961320425268));
#3171=CARTESIAN_POINT('',(-0.0115336676813707,0.0117029542303535,0.0364470142456435));
#3172=CARTESIAN_POINT('',(-0.0115336676813707,0.0117029542303535,0.0364470142456435));
#3173=CARTESIAN_POINT('',(-0.0113287990971878,0.0115940236718924,0.0363996695469861));
#3174=CARTESIAN_POINT('',(-0.0109557571281743,0.0112566487037415,0.0364440173084827));
#3175=CARTESIAN_POINT('',(-0.0107260129867064,0.0106575940754818,0.0368029416199157));
#3176=CARTESIAN_POINT('',(-0.0107322267946573,0.0100985495712518,0.0372501695626198));
#3177=CARTESIAN_POINT('',(-0.010979936145019,0.00944259676127694,0.0378893329783607));
#3178=CARTESIAN_POINT('',(-0.0116649441627131,0.00884346113266067,0.0386971779181681));
#3179=CARTESIAN_POINT('',(-0.0125341816587883,0.00883722104312135,0.0392305720890451));
#3180=CARTESIAN_POINT('',(-0.0129420847546484,0.00905410696639404,0.0393546966832885));
#3181=CARTESIAN_POINT('',(-0.0140488142923057,1.89147053815395E-5,0.0239904));
#3182=CARTESIAN_POINT('',(-0.0139947322859272,0.0096138095869917,0.0239904));
#3183=CARTESIAN_POINT('',(-0.0139947322859272,0.0096138095869917,0.0292150917764535));
#3184=CARTESIAN_POINT('',(-0.0139825710194052,0.00960734332688098,0.0344397664178508));
#3185=CARTESIAN_POINT('',(-0.013970036624903,0.00960067867110404,0.0396644363653441));
#3186=CARTESIAN_POINT('',(-0.0140488142923057,-0.00916656054903273,0.0239904));
#3187=CARTESIAN_POINT('',(-0.0140488142923057,1.89147053815395E-5,0.0239904));
#3188=CARTESIAN_POINT('',(-0.013960475348047,0.0129933107555546,0.0369961320425268));
#3189=CARTESIAN_POINT('',(-0.0139691029891454,0.0129978981536996,0.0326608947015882));
#3190=CARTESIAN_POINT('',(-0.0139756381503232,0.0130013729605353,0.0283256534529658));
#3191=CARTESIAN_POINT('',(-0.0139756381503232,0.0130013729605353,0.0239904));
#3192=CARTESIAN_POINT('',(-0.0139970408183597,0.00920424404933282,0.0239904));
#3193=CARTESIAN_POINT('',(4.33680868994202E-18,-1.71191937837355E-18,0.0239904));
#3194=CARTESIAN_POINT('',(4.33680868994202E-18,1.71191937837355E-18,0.0239904));
#3195=CARTESIAN_POINT('',(0.,0.,0.00324));
#3196=CARTESIAN_POINT('',(4.33680868994202E-18,1.71191937837355E-18,0.00324));
#3197=CARTESIAN_POINT('',(0.0184871884361716,0.00620273034441135,0.00324));
#3198=CARTESIAN_POINT('',(-0.00717755385376433,0.0181309878571553,0.00324));
#3199=CARTESIAN_POINT('',(0.017539127490727,0.00588464160880051,0.00324));
#3200=CARTESIAN_POINT('',(0.017539127490727,0.00488464160880051,0.00324));
#3201=CARTESIAN_POINT('',(0.,0.00488464160880051,0.00324));
#3202=CARTESIAN_POINT('',(0.0168044719153437,0.00488464160880051,0.00324));
#3203=CARTESIAN_POINT('',(4.33680868994202E-18,1.71191937837355E-18,0.00324));
#3204=CARTESIAN_POINT('',(-0.00727256147729362,0.0159172814751447,0.00324));
#3205=CARTESIAN_POINT('',(-0.0416226416753717,0.0341441749691946,0.00324));
#3206=CARTESIAN_POINT('',(-0.039975184836045,0.0332699988341376,0.00324));
#3207=CARTESIAN_POINT('',(-0.0421781793390551,0.0291182744671177,0.00324));
#3208=CARTESIAN_POINT('',(-0.039506462601362,0.0341533444441419,0.00324));
#3209=CARTESIAN_POINT('',(-0.0386231169913577,0.0336846222094588,0.00324));
#3210=CARTESIAN_POINT('',(-0.0381543947566747,0.0345679678194631,0.00324));
#3211=CARTESIAN_POINT('',(-0.0406851972060056,0.035910866189203,0.00324));
#3212=CARTESIAN_POINT('',(-0.0415462836330459,-0.0362069925540388,0.0219904));
#3213=CARTESIAN_POINT('',(-0.0415462836330459,-0.0362069925540388,0.00324));
#3214=CARTESIAN_POINT('',(-0.0211009134197756,-0.025451606114754,0.00324));
#3215=CARTESIAN_POINT('',(-0.0157495853497466,-0.0226365139566674,0.00324));
#3216=CARTESIAN_POINT('',(-0.0157495853497466,-0.0226365139566674,0.0219904));
#3217=CARTESIAN_POINT('',(-0.0157495853497466,-0.0226365139566674,0.00624));
#3218=CARTESIAN_POINT('',(-0.00718171059139704,-0.0181293417691161,0.00624));
#3219=CARTESIAN_POINT('',(-0.00718171059139705,-0.0181293417691161,0.00624));
#3220=CARTESIAN_POINT('',(-0.00718171059139705,-0.0181293417691161,0.0239904));
#3221=CARTESIAN_POINT('',(-0.00718171059139705,-0.0181293417691161,0.0209904));
#3222=CARTESIAN_POINT('',(-0.0764720657841152,-0.0545798701204822,0.0209904));
#3223=CARTESIAN_POINT('',(-0.0764720657841151,-0.0545798701204822,0.0209904));
#3224=CARTESIAN_POINT('',(-0.0764720657841151,-0.0545798701204822,0.0239904));
#3225=CARTESIAN_POINT('',(-0.0764720657841151,-0.0545798701204822,0.00324));
#3226=CARTESIAN_POINT('',(-0.0415462836330459,-0.0362069925540388,0.00324));
#3227=CARTESIAN_POINT('',(-0.0519124174138506,-0.0416601476464085,0.00324));
#3228=CARTESIAN_POINT('',(-0.0519124174138506,-0.0416601476464085,0.0219904));
#3229=CARTESIAN_POINT('',(-0.0519124174138506,-0.0416601476464085,0.00924));
#3230=CARTESIAN_POINT('',(-0.0381947100519118,-0.0344438809708893,0.00924));
#3231=CARTESIAN_POINT('',(-0.0373096966737222,-0.0339783153789203,0.00924));
#3232=CARTESIAN_POINT('',(-0.0373096966737222,-0.0339783153789203,0.00324));
#3233=CARTESIAN_POINT('',(-0.0373096966737222,-0.0339783153789203,0.00324));
#3234=CARTESIAN_POINT('',(-0.0415462836330459,-0.0362069925540388,0.00324));
#3235=CARTESIAN_POINT('',(-0.031278567268956,-0.0308056104223972,0.00324));
#3236=CARTESIAN_POINT('',(-0.031278567268956,-0.0308056104223972,0.0219904));
#3237=CARTESIAN_POINT('',(-0.031278567268956,-0.0308056104223972,0.00624));
#3238=CARTESIAN_POINT('',(-0.0219859267979651,-0.0259171717067229,0.00624));
#3239=CARTESIAN_POINT('',(-0.0211009134197756,-0.025451606114754,0.00624));
#3240=CARTESIAN_POINT('',(-0.0211009134197756,-0.025451606114754,0.00324));
#3241=CARTESIAN_POINT('',(0.,0.,0.00324));
#3242=CARTESIAN_POINT('',(-0.0323489293770361,-0.0266229886420319,0.00324));
#3243=CARTESIAN_POINT('',(-0.0313246850747043,-0.028570018074049,0.00324));
#3244=CARTESIAN_POINT('',(-0.0308591194827354,-0.0294550314522386,0.00324));
#3245=CARTESIAN_POINT('',(-0.031744132860925,-0.0299205970442076,0.00324));
#3246=CARTESIAN_POINT('',(-0.0377752622656911,-0.0330933020007307,0.00324));
#3247=CARTESIAN_POINT('',(-0.0386602756438808,-0.0335588675926997,0.00324));
#3248=CARTESIAN_POINT('',(-0.0401500855381815,-0.0307268247824929,0.00324));
#3249=CARTESIAN_POINT('',(-0.0391258412358497,-0.0326738542145101,0.00324));
#3250=CARTESIAN_POINT('',(-0.0424774148169839,-0.0344369657976595,0.00324));
#3251=CARTESIAN_POINT('',(0.,0.,0.00324));
#3252=CARTESIAN_POINT('',(-0.0168199474578267,-0.0184538921763021,0.00324));
#3253=CARTESIAN_POINT('',(-0.015795703155495,-0.0204009216083192,0.00324));
#3254=CARTESIAN_POINT('',(-0.015330137563526,-0.0212859349865088,0.00324));
#3255=CARTESIAN_POINT('',(-0.0162151509417156,-0.0217515005784778,0.00324));
#3256=CARTESIAN_POINT('',(-0.0215664790117445,-0.0245665927365643,0.00324));
#3257=CARTESIAN_POINT('',(-0.0224514923899342,-0.0250321583285333,0.00324));
#3258=CARTESIAN_POINT('',(-0.0239413022842349,-0.0222001155183266,0.00324));
#3259=CARTESIAN_POINT('',(-0.0229170579819031,-0.0241471449503437,0.00324));
#3260=CARTESIAN_POINT('',(-0.0424774148169839,-0.0344369657976595,0.00324));
#3261=CARTESIAN_POINT('',(0.,0.,0.00324));
#3262=CARTESIAN_POINT('',(0.,-0.00485720283604429,0.00324));
#3263=CARTESIAN_POINT('',(0.0168124234008522,-0.00485720283604429,0.00324));
#3264=CARTESIAN_POINT('',(0.0175483097458825,-0.00485720283604429,0.00324));
#3265=CARTESIAN_POINT('',(0.0175483097458825,-0.00585720283604429,0.00324));
#3266=CARTESIAN_POINT('',(0.0184968670294437,-0.00617380839474938,0.00324));
#3267=CARTESIAN_POINT('',(4.33680868994202E-18,1.71191937837355E-18,0.00324));
#3268=CARTESIAN_POINT('',(-0.00718171059139705,-0.0181293417691161,0.00324));
#3269=CARTESIAN_POINT('',(-0.00913708607766675,-0.0144122855807197,0.00324));
#3270=CARTESIAN_POINT('',(-0.008112841775335,-0.0163593150127368,0.00324));
#3271=CARTESIAN_POINT('',(-0.0424774148169839,-0.0344369657976595,0.00324));
#3272=CARTESIAN_POINT('',(-0.00727256147729362,-0.0159172814751447,0.00324));
#3273=CARTESIAN_POINT('',(4.33680868994202E-18,1.71191937837355E-18,0.00324));
#3274=CARTESIAN_POINT('',(-0.0406851972060056,0.035910866189203,0.0219904));
#3275=CARTESIAN_POINT('',(-0.0381543947566747,0.0345679678194631,0.0219904));
#3276=CARTESIAN_POINT('',(-0.0381543947566747,0.0345679678194631,0.00983977507716021));
#3277=CARTESIAN_POINT('',(-0.0406851972060056,0.035910866189203,0.00983977507716021));
#3278=CARTESIAN_POINT('',(-0.0534441783748764,0.04268105681224,0.00983977507716021));
#3279=CARTESIAN_POINT('',(-0.0534441783748764,0.04268105681224,0.00324));
#3280=CARTESIAN_POINT('',(-0.0534441783748764,0.04268105681224,0.00324));
#3281=CARTESIAN_POINT('',(-0.0406851972060056,0.035910866189203,0.00324));
#3282=CARTESIAN_POINT('',(-0.0748802877510251,0.0540555188301693,0.00324));
#3283=CARTESIAN_POINT('',(-0.0748802877510251,0.0540555188301693,0.0239904));
#3284=CARTESIAN_POINT('',(-0.0748802877510251,0.0540555188301693,0.0209904));
#3285=CARTESIAN_POINT('',(-0.0406851972060056,0.035910866189203,0.0209904));
#3286=CARTESIAN_POINT('',(-0.00717755385376434,0.0181309878571553,0.0209904));
#3287=CARTESIAN_POINT('',(-0.00717755385376434,0.0181309878571553,0.0239904));
#3288=CARTESIAN_POINT('',(-0.0416226416753717,0.0341441749691946,0.0219904));
#3289=CARTESIAN_POINT('',(-0.039975184836045,0.0332699988341376,0.0219904));
#3290=CARTESIAN_POINT('',(-0.039975184836045,0.0332699988341376,0.00883977507716021));
#3291=CARTESIAN_POINT('',(-0.00727256147729362,0.0159172814751447,0.0219904));
#3292=CARTESIAN_POINT('',(-0.0759727218734497,0.0523710684632444,0.0219904));
#3293=CARTESIAN_POINT('',(-0.0759727218734497,0.0523710684632444,0.00324));
#3294=CARTESIAN_POINT('',(-0.0416226416753717,0.0341441749691946,0.00324));
#3295=CARTESIAN_POINT('',(-0.0534982772342382,0.0404456433575485,0.00324));
#3296=CARTESIAN_POINT('',(-0.0534982772342382,0.0404456433575485,0.0219904));
#3297=CARTESIAN_POINT('',(-0.0534982772342382,0.0404456433575485,0.00883977507716021));
#3298=CARTESIAN_POINT('',(-0.0416226416753717,0.0341441749691946,0.00883977507716021));
#3299=CARTESIAN_POINT('',(4.33680868994202E-18,1.71191937837355E-18,0.0219904));
#3300=CARTESIAN_POINT('',(4.33680868994202E-18,1.71191937837355E-18,0.00627500544508468));
#3301=CARTESIAN_POINT('',(0.0184968670294437,-0.00617380839474939,0.00627500544508468));
#3302=CARTESIAN_POINT('',(0.0184871884361716,0.00620273034441135,0.00627500544508468));
#3303=CARTESIAN_POINT('',(0.0184871884361716,0.00620273034441135,0.0219904));
#3304=CARTESIAN_POINT('',(4.33680868994202E-18,1.71191937837355E-18,0.0209904));
#3305=CARTESIAN_POINT('',(-0.00718171059139705,-0.0181293417691161,0.0239904));
#3306=CARTESIAN_POINT('',(0.0184968670294437,-0.00617380839474938,0.0219904));
#3307=CARTESIAN_POINT('',(-0.0829036745646192,0.043629738591564,0.0219904));
#3308=CARTESIAN_POINT('',(-0.0960015680421535,0.0423981477522763,0.0239904));
#3309=CARTESIAN_POINT('',(-0.0960015680421535,0.0423981477522763,0.0209904));
#3310=CARTESIAN_POINT('',(-0.0960015680421535,0.042398147752276,0.00324));
#3311=CARTESIAN_POINT('',(-0.0829036745646192,0.043629738591564,0.0209904));
#3312=CARTESIAN_POINT('',(-0.0829036745646192,0.043629738591564,0.00324));
#3313=CARTESIAN_POINT('',(-0.0958641384914329,0.0289928456434487,0.0219904));
#3314=CARTESIAN_POINT('',(-0.10728186001394,0.0219674170625856,0.0239904));
#3315=CARTESIAN_POINT('',(-0.10728186001394,0.0219674170625856,0.0209904));
#3316=CARTESIAN_POINT('',(-0.10728186001394,0.0219674170625856,0.00324));
#3317=CARTESIAN_POINT('',(-0.0958641384914329,0.0289928456434487,0.0209904));
#3318=CARTESIAN_POINT('',(-0.0958641384914329,0.0289928456434487,0.00324));
#3319=CARTESIAN_POINT('',(-0.101652036343124,0.00979600946127113,0.0219904));
#3320=CARTESIAN_POINT('',(-0.111656095249172,0.000865338547719672,0.0239904));
#3321=CARTESIAN_POINT('',(-0.111656095249172,0.000865338547719672,0.0209904));
#3322=CARTESIAN_POINT('',(-0.111656095249172,0.000865338547719483,0.00324));
#3323=CARTESIAN_POINT('',(-0.101652036343124,0.00979600946127113,0.0209904));
#3324=CARTESIAN_POINT('',(-0.101652036343124,0.00979600946127113,0.00324));
#3325=CARTESIAN_POINT('',(-0.104189712771897,-0.00846201357027786,0.0219904));
#3326=CARTESIAN_POINT('',(-0.112178263407676,-0.01734623686608,0.0239904));
#3327=CARTESIAN_POINT('',(-0.112178263407676,-0.01734623686608,0.0209904));
#3328=CARTESIAN_POINT('',(-0.112178263407675,-0.0173462368660803,0.00324));
#3329=CARTESIAN_POINT('',(-0.104189712771897,-0.00846201357027786,0.0209904));
#3330=CARTESIAN_POINT('',(-0.104189712771897,-0.00846201357027786,0.00324));
#3331=CARTESIAN_POINT('',(-0.102559080150355,-0.0271515720238692,0.0219904));
#3332=CARTESIAN_POINT('',(-0.102866956979486,-0.0408839605980601,0.0239904));
#3333=CARTESIAN_POINT('',(-0.102866956979486,-0.0408839605980601,0.0209904));
#3334=CARTESIAN_POINT('',(-0.102866956979486,-0.0408839605980601,0.00324));
#3335=CARTESIAN_POINT('',(-0.102559080150355,-0.0271515720238692,0.0209904));
#3336=CARTESIAN_POINT('',(-0.102559080150355,-0.0271515720238692,0.00324));
#3337=CARTESIAN_POINT('',(-0.0875092028373828,-0.0435685475387557,0.0219904));
#3338=CARTESIAN_POINT('',(-0.0875092028373828,-0.0435685475387557,0.0209904));
#3339=CARTESIAN_POINT('',(-0.0875092028373828,-0.0435685475387557,0.00324));
#3340=CARTESIAN_POINT('',(0.,0.,0.00324));
#3341=CARTESIAN_POINT('',(-0.0539129006095594,0.0417977112022357,0.00324));
#3342=CARTESIAN_POINT('',(-0.0530295549995552,0.0413289889675527,0.00324));
#3343=CARTESIAN_POINT('',(-0.0557012717372483,0.0362939189905285,0.00324));
#3344=CARTESIAN_POINT('',(-0.0829036745646192,0.043629738591564,0.00324));
#3345=CARTESIAN_POINT('',(-0.09350336082244,0.0401518650503717,0.00324));
#3346=CARTESIAN_POINT('',(-0.0958641384914329,0.0289928456434487,0.00324));
#3347=CARTESIAN_POINT('',(-0.103970062294597,0.020968446312421,0.00324));
#3348=CARTESIAN_POINT('',(-0.101652036343124,0.00979600946127113,0.00324));
#3349=CARTESIAN_POINT('',(-0.108363075143982,0.000567870552584431,0.00324));
#3350=CARTESIAN_POINT('',(-0.104189712771897,-0.00846201357027786,0.00324));
#3351=CARTESIAN_POINT('',(-0.108855326063212,-0.017247673100271,0.00324));
#3352=CARTESIAN_POINT('',(-0.102559080150355,-0.0271515720238692,0.00324));
#3353=CARTESIAN_POINT('',(-0.10017580518861,-0.0386428699027312,0.00324));
#3354=CARTESIAN_POINT('',(-0.0875092028373828,-0.0435685475387557,0.00324));
#3355=CARTESIAN_POINT('',(-0.0776822681566741,-0.0529566501201743,0.00324));
#3356=CARTESIAN_POINT('',(-0.0424774148169839,-0.0344369657976595,0.00324));
#3357=CARTESIAN_POINT('',(-0.051958535219599,-0.0394245552980603,0.00324));
#3358=CARTESIAN_POINT('',(-0.0529827795219307,-0.0374775258660432,0.00324));
#3359=CARTESIAN_POINT('',(-0.05149296962763,-0.0403095686762499,0.00324));
#3360=CARTESIAN_POINT('',(-0.0523779830058196,-0.0407751342682188,0.00324));
#3361=CARTESIAN_POINT('',(-0.0875092028373828,-0.0435685475387557,0.0219904));
#3362=CARTESIAN_POINT('',(-0.0776822681566741,-0.0529566501201744,0.0219904));
#3363=CARTESIAN_POINT('',(-0.10017580518861,-0.0386428699027312,0.0219904));
#3364=CARTESIAN_POINT('',(-0.102559080150355,-0.0271515720238692,0.0219904));
#3365=CARTESIAN_POINT('',(-0.108855326063212,-0.017247673100271,0.0219904));
#3366=CARTESIAN_POINT('',(-0.104189712771897,-0.00846201357027786,0.0219904));
#3367=CARTESIAN_POINT('',(-0.108363075143982,0.00056787055258444,0.0219904));
#3368=CARTESIAN_POINT('',(-0.101652036343124,0.00979600946127113,0.0219904));
#3369=CARTESIAN_POINT('',(-0.103970062294597,0.020968446312421,0.0219904));
#3370=CARTESIAN_POINT('',(-0.0958641384914329,0.0289928456434487,0.0219904));
#3371=CARTESIAN_POINT('',(-0.09350336082244,0.0401518650503717,0.0219904));
#3372=CARTESIAN_POINT('',(-0.0829036745646192,0.043629738591564,0.0219904));
#3373=CARTESIAN_POINT('',(4.33680868994202E-18,1.71191937837355E-18,0.0219904));
#3374=CARTESIAN_POINT('',(0.0168124234008522,-0.00485720283604429,0.0219904));
#3375=CARTESIAN_POINT('',(0.0168124234008522,-0.00485720283604429,0.00527500544508468));
#3376=CARTESIAN_POINT('',(-0.00727256147729362,-0.0159172814751447,0.0219904));
#3377=CARTESIAN_POINT('',(0.0168044719153437,0.00488464160880051,0.0219904));
#3378=CARTESIAN_POINT('',(0.0168044719153437,0.00488464160880051,0.00527500544508467));
#3379=CARTESIAN_POINT('',(4.33680868994202E-18,1.71191937837355E-18,0.00527500544508468));
#3380=CARTESIAN_POINT('',(-0.0424774148169839,-0.0344369657976595,0.0219904));
#3381=CARTESIAN_POINT('',(-0.051958535219599,-0.0394245552980603,0.0219904));
#3382=CARTESIAN_POINT('',(-0.051958535219599,-0.0394245552980603,0.00824));
#3383=CARTESIAN_POINT('',(-0.00811284177533499,-0.0163593150127368,0.0219904));
#3384=CARTESIAN_POINT('',(-0.00811284177533499,-0.0163593150127368,0.00524));
#3385=CARTESIAN_POINT('',(-0.0424774148169839,-0.0344369657976595,0.00524));
#3386=CARTESIAN_POINT('',(-0.015795703155495,-0.0204009216083192,0.00524));
#3387=CARTESIAN_POINT('',(-0.015795703155495,-0.0204009216083192,0.0219904));
#3388=CARTESIAN_POINT('',(-0.0229170579819031,-0.0241471449503437,0.0219904));
#3389=CARTESIAN_POINT('',(-0.0229170579819031,-0.0241471449503437,0.00524));
#3390=CARTESIAN_POINT('',(-0.0424774148169839,-0.0344369657976595,0.00524));
#3391=CARTESIAN_POINT('',(-0.0313246850747043,-0.028570018074049,0.00524));
#3392=CARTESIAN_POINT('',(-0.0313246850747043,-0.028570018074049,0.0219904));
#3393=CARTESIAN_POINT('',(-0.0391258412358497,-0.0326738542145101,0.0219904));
#3394=CARTESIAN_POINT('',(-0.0391258412358497,-0.0326738542145101,0.00824));
#3395=CARTESIAN_POINT('',(-0.0424774148169839,-0.0344369657976595,0.00824));
#3396=CARTESIAN_POINT('',(-0.104189712771897,-0.00846201357027786,0.0209904));
#3397=CARTESIAN_POINT('',(-0.111656095249172,0.000865338547719672,0.0209904));
#3398=CARTESIAN_POINT('',(-0.111656095249172,0.000865338547719672,0.0215967835563848));
#3399=CARTESIAN_POINT('',(-0.111086855398103,0.000818144093154567,0.0227398909091777));
#3400=CARTESIAN_POINT('',(-0.109479722643661,0.000676599887222032,0.0236221638462215));
#3401=CARTESIAN_POINT('',(-0.107722378158187,0.000506982037450041,0.0239588010333737));
#3402=CARTESIAN_POINT('',(-0.10653687114588,0.000379505670795957,0.0239904));
#3403=CARTESIAN_POINT('',(-0.1059446502121,0.000311848367746967,0.0239904));
#3404=CARTESIAN_POINT('',(-0.112178263407676,-0.01734623686608,0.0209904));
#3405=CARTESIAN_POINT('',(-0.112178263407676,-0.01734623686608,0.0215994726624417));
#3406=CARTESIAN_POINT('',(-0.111599280526746,-0.0173341930685048,0.022745743366368));
#3407=CARTESIAN_POINT('',(-0.109975856850132,-0.0172903493994944,0.0236242361053666));
#3408=CARTESIAN_POINT('',(-0.108203557641796,-0.0172246349441591,0.0239590381376026));
#3409=CARTESIAN_POINT('',(-0.107007131964476,-0.0171646551420248,0.0239904));
#3410=CARTESIAN_POINT('',(-0.106409458670701,-0.0171299537449265,0.0239904));
#3411=CARTESIAN_POINT('',(-0.102559080150355,-0.0271515720238692,0.0209904));
#3412=CARTESIAN_POINT('',(-0.102866956979486,-0.0408839605980601,0.0209904));
#3413=CARTESIAN_POINT('',(-0.102866956979486,-0.0408839605980601,0.0216212114005492));
#3414=CARTESIAN_POINT('',(-0.102363000868642,-0.0404706014405634,0.0227875687690517));
#3415=CARTESIAN_POINT('',(-0.101048119622841,-0.0393799513093891,0.0236320122912656));
#3416=CARTESIAN_POINT('',(-0.0996442907901456,-0.0381956537816933,0.0239581764939796));
#3417=CARTESIAN_POINT('',(-0.0987050277837818,-0.0373866275498207,0.0239904));
#3418=CARTESIAN_POINT('',(-0.0982380075424302,-0.0369794191531151,0.0239904));
#3419=CARTESIAN_POINT('',(-0.101652036343124,0.00979600946127113,0.0209904));
#3420=CARTESIAN_POINT('',(-0.10728186001394,0.0219674170625856,0.0209904));
#3421=CARTESIAN_POINT('',(-0.10728186001394,0.0219674170625856,0.0216265273607168));
#3422=CARTESIAN_POINT('',(-0.106658205680379,0.0217792838278604,0.0228065176941047));
#3423=CARTESIAN_POINT('',(-0.105003531863207,0.021280158373073,0.0236534752878248));
#3424=CARTESIAN_POINT('',(-0.103227779675075,0.0207445569034936,0.0239645276586089));
#3425=CARTESIAN_POINT('',(-0.102034219023392,0.0203845952413286,0.0239904));
#3426=CARTESIAN_POINT('',(-0.101435812433878,0.0202041357430334,0.0239904));
#3427=CARTESIAN_POINT('',(-0.0875092028373828,-0.0435685475387557,0.0209904));
#3428=CARTESIAN_POINT('',(-0.0764720657841151,-0.0545798701204822,0.0209904));
#3429=CARTESIAN_POINT('',(-0.0764720657841151,-0.0545798701204822,0.0217879538306192));
#3430=CARTESIAN_POINT('',(-0.0768655340956777,-0.0540435482741003,0.0233471612153276));
#3431=CARTESIAN_POINT('',(-0.0778179040642007,-0.0527738617837507,0.0239904));
#3432=CARTESIAN_POINT('',(-0.0782952942762997,-0.0521492090697511,0.0239904));
#3433=CARTESIAN_POINT('',(-0.0958641384914329,0.0289928456434487,0.0209904));
#3434=CARTESIAN_POINT('',(-0.0960015680421535,0.0423981477522763,0.0209904));
#3435=CARTESIAN_POINT('',(-0.0960015680421535,0.0423981477522763,0.021601918819462));
#3436=CARTESIAN_POINT('',(-0.0955629949316739,0.0420028762709774,0.0227491771465572));
#3437=CARTESIAN_POINT('',(-0.0943483303407135,0.0409099473981382,0.0236215464068288));
#3438=CARTESIAN_POINT('',(-0.0930234891491932,0.0397210271101168,0.0239575706188243));
#3439=CARTESIAN_POINT('',(-0.0921291543369864,0.0389211402205329,0.0239904));
#3440=CARTESIAN_POINT('',(-0.0916807922017517,0.0385209402092676,0.0239904));
#3441=CARTESIAN_POINT('',(-0.0338797570650803,-0.0287841996993149,0.0209904));
#3442=CARTESIAN_POINT('',(-0.00718171059139705,-0.0181293417691161,0.0209904));
#3443=CARTESIAN_POINT('',(-0.00718171059139705,-0.0181293417691161,0.021828425249449));
#3444=CARTESIAN_POINT('',(-0.00722929012606489,-0.0173137576039918,0.0234295280203534));
#3445=CARTESIAN_POINT('',(-0.00728467826640142,-0.0156250418559159,0.0239904));
#3446=CARTESIAN_POINT('',(-0.00729559246728724,-0.014799470617264,0.0239904));
#3447=CARTESIAN_POINT('',(-0.00857840736730397,-0.0154743016345472,0.0239904));
#3448=CARTESIAN_POINT('',(-0.0829036745646192,0.043629738591564,0.0209904));
#3449=CARTESIAN_POINT('',(-0.0748802877510251,0.0540555188301693,0.0209904));
#3450=CARTESIAN_POINT('',(-0.0748802877510251,0.0540555188301693,0.021784373666846));
#3451=CARTESIAN_POINT('',(-0.0752323695974617,0.0535064693730307,0.0233391606530809));
#3452=CARTESIAN_POINT('',(-0.0760930108856898,0.0521848484758614,0.0239904));
#3453=CARTESIAN_POINT('',(-0.0765242105857468,0.0515316405315585,0.0239904));
#3454=CARTESIAN_POINT('',(4.33680868994202E-18,1.71191937837355E-18,0.0209904));
#3455=CARTESIAN_POINT('',(-0.00717755385376434,0.0181309878571553,0.0209904));
#3456=CARTESIAN_POINT('',(-0.00717755385376434,0.0181309878571553,0.0218288232658641));
#3457=CARTESIAN_POINT('',(-0.0072267829292387,0.0173139694919762,0.023430279820106));
#3458=CARTESIAN_POINT('',(-0.00728523514462142,0.0156244327012513,0.0239904));
#3459=CARTESIAN_POINT('',(-0.00729757371564342,0.0147984937701359,0.0239904));
#3460=CARTESIAN_POINT('',(-0.00729757371564342,0.0147984937701359,0.0239904));
#3461=CARTESIAN_POINT('',(4.33680868994202E-18,1.71191937837355E-18,0.0239904));
#3462=CARTESIAN_POINT('',(-0.0420913639100547,0.0332608293591903,0.0209904));
#3463=CARTESIAN_POINT('',(-0.00858893579628736,0.0155158444429024,0.0239904));
#3464=CARTESIAN_POINT('',(-0.0140612967907733,0.0183898609730102,0.0239903992572389));
#3465=CARTESIAN_POINT('',(-0.0140550555415397,0.00920438783942667,0.0239904));
#3466=CARTESIAN_POINT('',(-0.0327491479249362,0.0283036480432442,0.0239904));
#3467=CARTESIAN_POINT('',(-0.0421781793390551,0.0291182744671177,0.0060398875385801));
#3468=CARTESIAN_POINT('',(-0.0421781793390551,0.0291182744671177,0.00883977507716021));
#3469=CARTESIAN_POINT('',(-0.039506462601362,0.0341533444441419,0.00883977507716021));
#3470=CARTESIAN_POINT('',(-0.039506462601362,0.0341533444441419,0.0060398875385801));
#3471=CARTESIAN_POINT('',(-0.0557012717372483,0.0362939189905285,0.00603988753858011));
#3472=CARTESIAN_POINT('',(-0.0530295549995552,0.0413289889675527,0.00883977507716021));
#3473=CARTESIAN_POINT('',(-0.0530295549995552,0.0413289889675527,0.00883977507716021));
#3474=CARTESIAN_POINT('',(-0.0557012717372483,0.0362939189905285,0.00883977507716021));
#3475=CARTESIAN_POINT('',(-0.0489397255381517,0.0327060967288231,0.00883977507716021));
#3476=CARTESIAN_POINT('',(-0.0462680088004586,0.0377411667058473,0.00883977507716021));
#3477=CARTESIAN_POINT('',(-0.0126161339114261,-0.0162424556144495,0.00524));
#3478=CARTESIAN_POINT('',(-0.00913708607766675,-0.0144122855807197,0.00524));
#3479=CARTESIAN_POINT('',(-0.00764727618336602,-0.0172443283909265,0.00524));
#3480=CARTESIAN_POINT('',(-0.015330137563526,-0.0212859349865088,0.00524));
#3481=CARTESIAN_POINT('',(-0.015330137563526,-0.0212859349865088,0.00524));
#3482=CARTESIAN_POINT('',(-0.0168199474578267,-0.0184538921763021,0.00524));
#3483=CARTESIAN_POINT('',(-0.0168199474578267,-0.0184538921763021,0.00424));
#3484=CARTESIAN_POINT('',(-0.015330137563526,-0.0212859349865088,0.00424));
#3485=CARTESIAN_POINT('',(-0.00913708607766675,-0.0144122855807197,0.0239904));
#3486=CARTESIAN_POINT('',(-0.00764727618336602,-0.0172443283909265,0.00624));
#3487=CARTESIAN_POINT('',(-0.0281451158306355,-0.0244115520801792,0.00524));
#3488=CARTESIAN_POINT('',(-0.0239413022842349,-0.0222001155183266,0.00524));
#3489=CARTESIAN_POINT('',(-0.0224514923899342,-0.0250321583285333,0.00524));
#3490=CARTESIAN_POINT('',(-0.0308591194827354,-0.0294550314522386,0.00524));
#3491=CARTESIAN_POINT('',(-0.0308591194827354,-0.0294550314522386,0.00524));
#3492=CARTESIAN_POINT('',(-0.0323489293770361,-0.0266229886420319,0.00524));
#3493=CARTESIAN_POINT('',(-0.0323489293770361,-0.0266229886420319,0.00424));
#3494=CARTESIAN_POINT('',(-0.0308591194827354,-0.0294550314522386,0.00424));
#3495=CARTESIAN_POINT('',(-0.0239413022842349,-0.0222001155183266,0.00424));
#3496=CARTESIAN_POINT('',(-0.0224514923899342,-0.0250321583285333,0.00524));
#3497=CARTESIAN_POINT('',(-0.0465664325300561,-0.0341021753242681,0.00824));
#3498=CARTESIAN_POINT('',(-0.0401500855381815,-0.0307268247824929,0.00824));
#3499=CARTESIAN_POINT('',(-0.0386602756438808,-0.0335588675926997,0.00824));
#3500=CARTESIAN_POINT('',(-0.05149296962763,-0.0403095686762499,0.00824));
#3501=CARTESIAN_POINT('',(-0.05149296962763,-0.0403095686762499,0.00824));
#3502=CARTESIAN_POINT('',(-0.0529827795219307,-0.0374775258660432,0.00824));
#3503=CARTESIAN_POINT('',(-0.0529827795219307,-0.0374775258660432,0.00574));
#3504=CARTESIAN_POINT('',(-0.05149296962763,-0.0403095686762499,0.00574));
#3505=CARTESIAN_POINT('',(-0.0401500855381815,-0.0307268247824929,0.00574));
#3506=CARTESIAN_POINT('',(-0.0386602756438808,-0.0335588675926997,0.00824));
#3507=CARTESIAN_POINT('',(-0.0146878430821158,0.00915586869990268,0.0051904));
#3508=CARTESIAN_POINT('',(-0.0181782116112271,0.0109791116408447,0.0051904));
#3509=CARTESIAN_POINT('',(-0.0181782116112271,0.0109791116408447,0.0051904));
#3510=CARTESIAN_POINT('',(-0.0111974745530045,0.00733262575896069,0.0051904));
#3511=CARTESIAN_POINT('',(-0.0111974745530045,0.00733262575896069,0.0051904));
#3512=CARTESIAN_POINT('',(-0.0146878430821158,0.00915586869990268,0.0051904));
#3513=CARTESIAN_POINT('',(-0.0327491479249362,0.0283036480432442,0.0051904));
#3514=CARTESIAN_POINT('',(-0.0142547345420953,0.0184901133725788,0.0051904));
#3515=CARTESIAN_POINT('',(-0.0142547345420953,0.0184901133725788,0.0051904));
#3516=CARTESIAN_POINT('',(-0.0327491479249362,0.0283036480432442,0.0051904));
#3517=CARTESIAN_POINT('',(-0.040116002650583,0.0322126600658133,0.0051904));
#3518=CARTESIAN_POINT('',(-0.040116002650583,0.0322126600658133,0.0051904));
#3519=CARTESIAN_POINT('',(-0.0537613206020169,0.0232806049674429,0.0051904));
#3520=CARTESIAN_POINT('',(-0.0611064702519604,0.0271174468761773,0.0051904));
#3521=CARTESIAN_POINT('',(-0.0611064702519604,0.0271174468761773,0.0051904));
#3522=CARTESIAN_POINT('',(-0.0464161709520735,0.0194437630587085,0.0051904));
#3523=CARTESIAN_POINT('',(-0.0464161709520735,0.0194437630587085,0.0051904));
#3524=CARTESIAN_POINT('',(-0.0537613206020169,0.0232806049674429,0.0051904));
#3525=CARTESIAN_POINT('',(-0.0581711475871713,0.0324508448059243,0.0051904));
#3526=CARTESIAN_POINT('',(-0.0581711475871713,0.0324508448059243,0.0051904));
#3527=CARTESIAN_POINT('',(-0.0552358249223822,0.0377842427356712,0.0051904));
#3528=CARTESIAN_POINT('',(-0.0552358249223822,0.0377842427356712,0.0051904));
#3529=CARTESIAN_POINT('',(-0.0327491479249362,0.0283036480432442,0.0051904));
#3530=CARTESIAN_POINT('',(-0.0552358249223821,0.0402355639020746,0.0051904));
#3531=CARTESIAN_POINT('',(-0.0552358249223821,0.0402355639020746,0.0051904));
#3532=CARTESIAN_POINT('',(-0.0327491479249362,0.0283036480432442,0.0051904));
#3533=CARTESIAN_POINT('',(-0.0679039548377386,0.0469575468903096,0.0051904));
#3534=CARTESIAN_POINT('',(-0.0679039548377386,0.0469575468903096,0.0051904));
#3535=CARTESIAN_POINT('',(-0.00857840736730397,-0.0154743016345472,0.0051904));
#3536=CARTESIAN_POINT('',(-0.0679039548377386,-0.0466827944185278,0.0051904));
#3537=CARTESIAN_POINT('',(-0.0679039548377386,-0.0466827944185278,0.0051904));
#3538=CARTESIAN_POINT('',(-0.00857840736730397,-0.0154743016345472,0.0051904));
#3539=CARTESIAN_POINT('',(-0.0536387927052383,-0.0391785364983406,0.0051904));
#3540=CARTESIAN_POINT('',(-0.0536387927052383,-0.0391785364983406,0.0051904));
#3541=CARTESIAN_POINT('',(-0.0527946807007098,-0.0231929366552707,0.0051904));
#3542=CARTESIAN_POINT('',(-0.060071773827076,-0.0269498098641634,0.0051904));
#3543=CARTESIAN_POINT('',(-0.060071773827076,-0.0269498098641634,0.0051904));
#3544=CARTESIAN_POINT('',(-0.0527946807007098,-0.0231929366552707,0.0051904));
#3545=CARTESIAN_POINT('',(-0.0455175875743436,-0.019436063446378,0.0051904));
#3546=CARTESIAN_POINT('',(-0.0455175875743436,-0.019436063446378,0.0051904));
#3547=CARTESIAN_POINT('',(-0.00857840736730397,-0.0154743016345472,0.0051904));
#3548=CARTESIAN_POINT('',(-0.0391433432496716,-0.0315531348118235,0.0051904));
#3549=CARTESIAN_POINT('',(-0.0391433432496716,-0.0315531348118235,0.0051904));
#3550=CARTESIAN_POINT('',(-0.00857840736730397,-0.0154743016345472,0.0051904));
#3551=CARTESIAN_POINT('',(-0.0327180276593054,-0.028173066295192,0.0051904));
#3552=CARTESIAN_POINT('',(-0.0327180276593054,-0.028173066295192,0.0051904));
#3553=CARTESIAN_POINT('',(-0.0341840274864439,-0.0135849979843551,0.0051904));
#3554=CARTESIAN_POINT('',(-0.0389729110257577,-0.0160573077317966,0.0051904));
#3555=CARTESIAN_POINT('',(-0.0389729110257577,-0.0160573077317966,0.0051904));
#3556=CARTESIAN_POINT('',(-0.0341840274864439,-0.0135849979843551,0.0051904));
#3557=CARTESIAN_POINT('',(-0.0293951439471302,-0.0111126882369135,0.0051904));
#3558=CARTESIAN_POINT('',(-0.0293951439471302,-0.0111126882369135,0.0051904));
#3559=CARTESIAN_POINT('',(-0.00857840736730397,-0.0154743016345472,0.0051904));
#3560=CARTESIAN_POINT('',(-0.0231783479004379,-0.0231546713606239,0.0051904));
#3561=CARTESIAN_POINT('',(-0.0231783479004379,-0.0231546713606239,0.0051904));
#3562=CARTESIAN_POINT('',(-0.00857840736730397,-0.0154743016345472,0.0051904));
#3563=CARTESIAN_POINT('',(-0.0173500324334283,-0.0200886576624684,0.0051904));
#3564=CARTESIAN_POINT('',(-0.0173500324334283,-0.0200886576624684,0.0051904));
#3565=CARTESIAN_POINT('',(-0.0183031539490052,-0.00538633578633409,0.0051904));
#3566=CARTESIAN_POINT('',(-0.0235435588400021,-0.00809174801575923,0.0051904));
#3567=CARTESIAN_POINT('',(-0.0235435588400021,-0.00809174801575923,0.0051904));
#3568=CARTESIAN_POINT('',(-0.0183031539490052,-0.00538633578633409,0.0051904));
#3569=CARTESIAN_POINT('',(-0.0130627490580082,-0.00268092355690897,0.0051904));
#3570=CARTESIAN_POINT('',(-0.0130627490580082,-0.00268092355690897,0.0051904));
#3571=CARTESIAN_POINT('',(0.00146719767037586,-4.88423564081256E-7,0.0051904));
#3572=CARTESIAN_POINT('',(0.00146719767037586,-0.00485720283604429,0.0051904));
#3573=CARTESIAN_POINT('',(0.00146719767037586,-0.00485720283604429,0.00527500544508468));
#3574=CARTESIAN_POINT('',(0.00146719767037586,-0.00485720283604429,0.0051904));
#3575=CARTESIAN_POINT('',(0.00146719767037586,-4.88423564081256E-7,0.00527500544508468));
#3576=CARTESIAN_POINT('',(0.00146719767037586,0.00488464160880051,0.00527500544508468));
#3577=CARTESIAN_POINT('',(0.00146719767037586,0.00488464160880051,0.0051904));
#3578=CARTESIAN_POINT('',(0.00146719767037586,0.00488464160880051,0.0051904));
#3579=CARTESIAN_POINT('',(0.00146719767037586,-4.88423564081256E-7,0.0051904));
#3580=CARTESIAN_POINT('',(0.00146719767037586,0.0148004387706194,0.0051904));
#3581=CARTESIAN_POINT('',(0.00146719767037586,0.0148004387706194,0.0051904));
#3582=CARTESIAN_POINT('',(0.00146719767037586,-0.014799470617264,0.0051904));
#3583=CARTESIAN_POINT('',(0.00146719767037586,-0.014799470617264,0.0051904));
#3584=CARTESIAN_POINT('',(0.00146719767037586,-4.88423564081256E-7,0.0051904));
#3585=CARTESIAN_POINT('',(-0.0568552832661571,-0.033064173181252,0.0051904));
#3586=CARTESIAN_POINT('',(-0.0568552832661571,-0.033064173181252,0.0051904));
#3587=CARTESIAN_POINT('',(-0.0423304654120076,-0.0254945991291008,0.0051904));
#3588=CARTESIAN_POINT('',(-0.0423304654120076,-0.0254945991291008,0.0051904));
#3589=CARTESIAN_POINT('',(-0.0358454693425315,-0.0221151870134943,0.0051904));
#3590=CARTESIAN_POINT('',(-0.0358454693425315,-0.0221151870134943,0.0051904));
#3591=CARTESIAN_POINT('',(-0.026286745923784,-0.0171336797987687,0.0051904));
#3592=CARTESIAN_POINT('',(-0.026286745923784,-0.0171336797987687,0.0051904));
#3593=CARTESIAN_POINT('',(-0.0204467956367148,-0.0140902028391136,0.0051904));
#3594=CARTESIAN_POINT('',(-0.0204467956367148,-0.0140902028391136,0.0051904));
#3595=CARTESIAN_POINT('',(-0.0101791707626477,-0.00874019708708652,0.0051904));
#3596=CARTESIAN_POINT('',(-0.0101791707626477,-0.00874019708708652,0.0051904));
#3597=CARTESIAN_POINT('',(-0.00729559246728724,-0.014799470617264,0.0051904));
#3598=CARTESIAN_POINT('',(-0.00729559246728724,-0.014799470617264,0.0051904));
#3599=CARTESIAN_POINT('',(-0.00291419739845568,-0.014799470617264,0.0051904));
#3600=CARTESIAN_POINT('',(-0.00291419739845568,-0.014799470617264,0.0051904));
#3601=CARTESIAN_POINT('',(0.000733598835187931,0.0148002759768594,0.0051904));
#3602=CARTESIAN_POINT('',(-0.00729757371564342,0.0147984937701359,0.0051904));
#3603=CARTESIAN_POINT('',(-0.00729757371564342,0.0147984937701359,0.0051904));
#3604=CARTESIAN_POINT('',(0.000733598835187931,0.0148002759768594,0.0051904));
#3605=CARTESIAN_POINT('',(-0.009247524134324,0.0110655597645483,0.0051904));
#3606=CARTESIAN_POINT('',(-0.009247524134324,0.0110655597645483,0.0051904));
#3607=CARTESIAN_POINT('',(-0.0162164730766612,0.0147346125067118,0.0051904));
#3608=CARTESIAN_POINT('',(-0.0162164730766612,0.0147346125067118,0.0051904));
#3609=CARTESIAN_POINT('',(-0.0432660868013282,0.0258282115622609,0.0051904));
#3610=CARTESIAN_POINT('',(-0.0432660868013282,0.0258282115622609,0.0051904));
#3611=CARTESIAN_POINT('',(-0.0552358249223821,0.0390099033188729,0.0051904));
#3612=CARTESIAN_POINT('',(-0.0552358249223821,0.0390099033188729,0.0051904));
#3613=CARTESIAN_POINT('',(-0.0679039548377386,0.000137376235890906,0.0051904));
#3614=CARTESIAN_POINT('',(-0.0679039548377386,0.000137376235890906,0.0051904));
#3615=CARTESIAN_POINT('',(-0.048397459776486,-0.00118688292632248,0.0051904));
#3616=CARTESIAN_POINT('',(-0.00359144723244994,-0.00891129223263499,0.0051904));
#3617=CARTESIAN_POINT('',(-0.00194144723244994,-0.00891129223263499,0.0051904));
#3618=CARTESIAN_POINT('',(-0.00359139009304995,0.008811782927122,0.0051904));
#3619=CARTESIAN_POINT('',(-0.00194139009304995,0.008811782927122,0.0051904));
#3620=CARTESIAN_POINT('',(-0.06374129491535,-0.032736567238679,0.0051904));
#3621=CARTESIAN_POINT('',(-0.06249129491535,-0.032736567238679,0.0051904));
#3622=CARTESIAN_POINT('',(-0.06374129491535,0.03304956433358,0.0051904));
#3623=CARTESIAN_POINT('',(-0.06249129491535,0.03304956433358,0.0051904));
#3624=CARTESIAN_POINT('',(-0.00538,-0.00118688292632248,0.0051904));
#3625=CARTESIAN_POINT('',(-0.00538,-0.00485720283604429,0.0051904));
#3626=CARTESIAN_POINT('',(-0.00538,0.00488464160880051,0.0051904));
#3627=CARTESIAN_POINT('',(-0.048397459776486,-0.00485720283604429,0.0051904));
#3628=CARTESIAN_POINT('',(-0.048397459776486,0.00488464160880051,0.0051904));
#3629=CARTESIAN_POINT('',(-0.0539129006095594,0.0417977112022357,0.00603988753858011));
#3630=CARTESIAN_POINT('',(-0.0539129006095594,0.0417977112022357,0.00983977507716021));
#3631=CARTESIAN_POINT('',(-0.0411539194406886,0.0350275205791988,0.00983977507716021));
#3632=CARTESIAN_POINT('',(-0.0386231169913577,0.0336846222094588,0.00983977507716021));
#3633=CARTESIAN_POINT('',(-0.0386231169913577,0.0336846222094588,0.0219904));
#3634=CARTESIAN_POINT('',(-0.0420118492250149,-0.0353219791758492,0.00624));
#3635=CARTESIAN_POINT('',(-0.0162151509417156,-0.0217515005784778,0.00624));
#3636=CARTESIAN_POINT('',(-0.0162151509417156,-0.0217515005784778,0.00424));
#3637=CARTESIAN_POINT('',(-0.031744132860925,-0.0299205970442076,0.00424));
#3638=CARTESIAN_POINT('',(-0.031744132860925,-0.0299205970442076,0.00624));
#3639=CARTESIAN_POINT('',(-0.0420118492250149,-0.0353219791758492,0.00624));
#3640=CARTESIAN_POINT('',(-0.0215664790117445,-0.0245665927365643,0.00624));
#3641=CARTESIAN_POINT('',(-0.0215664790117445,-0.0245665927365643,0.0219904));
#3642=CARTESIAN_POINT('',(-0.0523779830058196,-0.0407751342682188,0.00574));
#3643=CARTESIAN_POINT('',(-0.0523779830058196,-0.0407751342682188,0.00924));
#3644=CARTESIAN_POINT('',(-0.0420118492250149,-0.0353219791758492,0.00924));
#3645=CARTESIAN_POINT('',(-0.0377752622656911,-0.0330933020007307,0.00924));
#3646=CARTESIAN_POINT('',(-0.0377752622656911,-0.0330933020007307,0.0219904));
#3647=CARTESIAN_POINT('',(-0.00538,1.37193863781141E-5,0.00325009793692494));
#3648=CARTESIAN_POINT('',(-0.00538,0.00488464160880051,0.00325009793692494));
#3649=CARTESIAN_POINT('',(-0.00538,0.00488464160880051,0.00527500544508468));
#3650=CARTESIAN_POINT('',(-0.00538,1.37193863781141E-5,0.00527500544508468));
#3651=CARTESIAN_POINT('',(-0.00538,-0.00485720283604429,0.00527500544508468));
#3652=CARTESIAN_POINT('',(-0.00538,-0.00485720283604429,0.00325009793692494));
#3653=CARTESIAN_POINT('',(-0.00538,0.00488464160880051,0.00325009793692494));
#3654=CARTESIAN_POINT('',(-0.00538,0.00488464160880051,0.00527500544508468));
#3655=CARTESIAN_POINT('',(-0.00538,-0.00485720283604429,0.00325009793692494));
#3656=CARTESIAN_POINT('',(-0.00538,-0.00485720283604429,0.00527500544508468));
#3657=CARTESIAN_POINT('',(-0.00538,1.37193863781141E-5,0.00527500544508468));
#3658=CARTESIAN_POINT('',(-0.00538,1.37193863781141E-5,0.00527500544508468));
#3659=CARTESIAN_POINT('',(0.017539127490727,0.00588464160880051,0.00527500544508468));
#3660=CARTESIAN_POINT('',(0.017539127490727,0.00488464160880051,0.00527500544508468));
#3661=CARTESIAN_POINT('',(0.0178314767607397,0.00492832999414606,0.00527500544508468));
#3662=CARTESIAN_POINT('',(4.33680868994202E-18,1.71191937837355E-18,0.00527500544508468));
#3663=CARTESIAN_POINT('',(0.0178391629662456,-0.00490043515044637,0.00527500544508468));
#3664=CARTESIAN_POINT('',(0.0175483097458825,-0.00585720283604429,0.00527500544508468));
#3665=CARTESIAN_POINT('',(0.0175483097458825,-0.00485720283604429,0.00527500544508468));
#3666=CARTESIAN_POINT('',(-0.00538,-0.00485720283604429,0.00527500544508468));
#3667=CARTESIAN_POINT('',(-0.00538,0.00488464160880051,0.00527500544508468));
#3668=CARTESIAN_POINT('',(-0.00538,-0.00485720283604429,0.00325009793692494));
#3669=CARTESIAN_POINT('',(0.0175483097458825,-0.00485720283604429,0.00325009793692494));
#3670=CARTESIAN_POINT('',(-0.00538,0.00488464160880051,0.00325009793692494));
#3671=CARTESIAN_POINT('',(0.017539127490727,0.00488464160880051,0.00527500544508468));
#3672=CARTESIAN_POINT('',(0.0175483097458825,-0.00585720283604429,0.0219904));
#3673=CARTESIAN_POINT('',(0.0178391629662456,-0.00490043515044637,0.00527500544508468));
#3674=CARTESIAN_POINT('',(0.0181514076575427,-0.00499535618025548,0.00527500544508468));
#3675=CARTESIAN_POINT('',(0.0185825925105594,-0.005470323026776,0.00559952319203006));
#3676=CARTESIAN_POINT('',(0.0185695999821427,-0.00595589885355318,0.00605124600891649));
#3677=CARTESIAN_POINT('',(0.0184968670294437,-0.00617380839474938,0.00627500544508467));
#3678=CARTESIAN_POINT('',(4.33680868994202E-18,1.71191937837355E-18,0.00627500544508468));
#3679=CARTESIAN_POINT('',(0.0178314767607397,0.00492832999414606,0.00527500544508468));
#3680=CARTESIAN_POINT('',(0.0181435726115887,0.00502373926532038,0.00527500544508468));
#3681=CARTESIAN_POINT('',(0.0185740140787966,0.00549937991335873,0.00559952319204033));
#3682=CARTESIAN_POINT('',(0.018560262115149,0.00598493482566919,0.00605124600889592));
#3683=CARTESIAN_POINT('',(0.0184871884361717,0.00620273034441135,0.00627500544508467));
#3684=CARTESIAN_POINT('',(0.017539127490727,0.00588464160880051,0.0219904));
#3685=CARTESIAN_POINT('',(-0.0602877249711713,0.00148535894932642,0.0239904));
#3686=CARTESIAN_POINT('',(-0.0955081235008437,5.07782697654852E-5,0.0239904));
#3687=CARTESIAN_POINT('',(-0.0955081235008437,5.07782697654852E-5,0.0239904));
#3688=CARTESIAN_POINT('',(-0.105944650212102,0.000311848367746577,0.0239904));
#3689=CARTESIAN_POINT('',(-0.0148867257246601,0.011786948864112,0.0515904));
#3690=CARTESIAN_POINT('',(-0.014182517188021,0.0131113724960917,0.0515904));
#3691=CARTESIAN_POINT('',(-0.014182517188021,0.0131113724960917,0.0369695380030447));
#3692=CARTESIAN_POINT('',(-0.0155909342612991,0.0104625252321324,0.0400731056654998));
#3693=CARTESIAN_POINT('',(-0.0158007203138349,0.0105740704548967,0.040132077133983));
#3694=CARTESIAN_POINT('',(-0.0161877379087074,0.0109231810079514,0.0401478661023713));
#3695=CARTESIAN_POINT('',(-0.0164173651175062,0.0115875638396556,0.0398307743920898));
#3696=CARTESIAN_POINT('',(-0.0163710349554527,0.0121637466828518,0.0393615387500352));
#3697=CARTESIAN_POINT('',(-0.0160864760407606,0.012787911604983,0.0386557122669477));
#3698=CARTESIAN_POINT('',(-0.0155673819389908,0.0131985650431656,0.0379081394507123));
#3699=CARTESIAN_POINT('',(-0.0148428299500748,0.0133273315391203,0.0372452731805181));
#3700=CARTESIAN_POINT('',(-0.0143953220960443,0.0132245228727915,0.0370141765614799));
#3701=CARTESIAN_POINT('',(-0.0141825171880211,0.0131113724960917,0.0369695380030443));
#3702=CARTESIAN_POINT('',(-0.0155909342612991,0.0104625252321324,0.0400731056654998));
#3703=CARTESIAN_POINT('',(-0.0155909342612991,0.0104625252321324,0.0515904));
#3704=CARTESIAN_POINT('',(-0.0122378762180096,0.0103785305983738,0.0515904));
#3705=CARTESIAN_POINT('',(-0.0129420847546484,0.00905410696639405,0.0515904));
#3706=CARTESIAN_POINT('',(-0.0115336676813707,0.0117029542303535,0.0515904));
#3707=CARTESIAN_POINT('',(-0.0142665095079733,0.00975831609926415,0.0515904));
#3708=CARTESIAN_POINT('',(-0.670937171227043,0.358916300430235,0.0239904));
#3709=CARTESIAN_POINT('',(-0.0140583267490187,0.00964762336281886,0.0396358370888508));
#3710=CARTESIAN_POINT('',(-0.0140553556331724,0.00964604359250083,0.0239904));
#3711=CARTESIAN_POINT('',(-0.0140553556331724,0.00964604359250083,0.0292055458849877));
#3712=CARTESIAN_POINT('',(-0.0140568174262643,0.00964682084167491,0.0344206915211262));
#3713=CARTESIAN_POINT('',(-0.0140583267490187,0.00964762336281886,0.0396358370888508));
#3714=CARTESIAN_POINT('',(-0.0128580924346956,0.0124071633632231,0.0515904));
#3715=CARTESIAN_POINT('',(-0.0140594812796771,0.0130459531431928,0.0369436999020712));
#3716=CARTESIAN_POINT('',(-0.0140584466567781,0.0130454030244392,0.0326259333647461));
#3717=CARTESIAN_POINT('',(-0.0140576651120159,0.0130449874697178,0.028308166770407));
#3718=CARTESIAN_POINT('',(-0.0140576651120159,0.0130449874697178,0.0239904));
#3719=CARTESIAN_POINT('',(-0.0140594812796771,0.0130459531431928,0.0369436999020712));
#3720=CARTESIAN_POINT('',(-0.408840358198357,0.222954668840496,0.0239904));
#3721=CARTESIAN_POINT('',(-0.06374129491535,0.03304956433358,0.0101904));
#3722=CARTESIAN_POINT('',(-0.06374129491535,0.03304956433358,0.0109414757737845));
#3723=CARTESIAN_POINT('',(-0.06374129491535,0.03304956433358,0.0101904));
#3724=CARTESIAN_POINT('',(-0.06249129491535,0.03304956433358,0.0101904));
#3725=CARTESIAN_POINT('',(-0.06374129491535,0.03304956433358,0.0051904));
#3726=CARTESIAN_POINT('',(-0.06374129491535,-0.032736567238679,0.0101904));
#3727=CARTESIAN_POINT('',(-0.06374129491535,-0.032736567238679,0.0109414757737845));
#3728=CARTESIAN_POINT('',(-0.06374129491535,-0.032736567238679,0.0101904));
#3729=CARTESIAN_POINT('',(-0.06249129491535,-0.032736567238679,0.0101904));
#3730=CARTESIAN_POINT('',(-0.06374129491535,-0.032736567238679,0.0051904));
#3731=CARTESIAN_POINT('',(-0.00359139009304995,0.008811782927122,0.0101904));
#3732=CARTESIAN_POINT('',(-0.00359139009304995,0.008811782927122,0.0111818200213955));
#3733=CARTESIAN_POINT('',(-0.00359139009304995,0.008811782927122,0.0101904));
#3734=CARTESIAN_POINT('',(-0.00194139009304995,0.008811782927122,0.0101904));
#3735=CARTESIAN_POINT('',(-0.00359139009304995,0.008811782927122,0.0051904));
#3736=CARTESIAN_POINT('',(-0.00359144723244994,-0.00891129223263499,0.0101904));
#3737=CARTESIAN_POINT('',(-0.00359144723244994,-0.00891129223263499,0.0111818200213955));
#3738=CARTESIAN_POINT('',(-0.00359144723244994,-0.00891129223263499,0.0101904));
#3739=CARTESIAN_POINT('',(-0.00194144723244994,-0.00891129223263499,0.0101904));
#3740=CARTESIAN_POINT('',(-0.00359144723244994,-0.00891129223263499,0.0051904));
#3741=CARTESIAN_POINT('',(-0.0783130101825147,-2.91807400949653E-6,0.0239904));
#3742=CARTESIAN_POINT('',(-0.0140550555415397,1.89125850124008E-5,0.0239904));
#3743=CARTESIAN_POINT('',(-0.0783130101825147,-2.91807400949653E-6,0.0239904));
#3744=CARTESIAN_POINT('',(-0.0140550555415397,1.89125850124008E-5,0.0239904));
#3745=CARTESIAN_POINT('',(-0.0140488142923057,1.89147053815388E-5,0.0239904));
#3746=CARTESIAN_POINT('',(-0.0140488142923057,1.89147053815388E-5,0.0239904));
#3747=CARTESIAN_POINT('',(-0.0783130101825147,-2.91807400949653E-6,0.0239904));
#3748=MECHANICAL_DESIGN_GEOMETRIC_PRESENTATION_REPRESENTATION('',(#2165,
#102,#103,#104,#105,#106,#107),#3749);
#3749=(
GEOMETRIC_REPRESENTATION_CONTEXT(3)
GLOBAL_UNCERTAINTY_ASSIGNED_CONTEXT((#3750))
GLOBAL_UNIT_ASSIGNED_CONTEXT((#3753,#3752,#3751))
REPRESENTATION_CONTEXT('TopCase','TOP_LEVEL_ASSEMBLY_PART')
);
#3750=UNCERTAINTY_MEASURE_WITH_UNIT(LENGTH_MEASURE(2.E-5),#3753,
'DISTANCE_ACCURACY_VALUE','Maximum Tolerance applied to model');
#3751=(
NAMED_UNIT(*)
SI_UNIT($,.STERADIAN.)
SOLID_ANGLE_UNIT()
);
#3752=(
NAMED_UNIT(*)
PLANE_ANGLE_UNIT()
SI_UNIT($,.RADIAN.)
);
#3753=(
LENGTH_UNIT()
NAMED_UNIT(*)
SI_UNIT($,.METRE.)
);
#3754=PRODUCT_DEFINITION_SHAPE('','',#3755);
#3755=PRODUCT_DEFINITION('','',#3757,#3756);
#3756=PRODUCT_DEFINITION_CONTEXT('',#3763,'design');
#3757=PRODUCT_DEFINITION_FORMATION_WITH_SPECIFIED_SOURCE('','',#3759,
 .NOT_KNOWN.);
#3758=PRODUCT_RELATED_PRODUCT_CATEGORY('','',(#3759));
#3759=PRODUCT('TopCase','TopCase','TopCase',(#3761));
#3760=PRODUCT_CATEGORY('','');
#3761=PRODUCT_CONTEXT('',#3763,'mechanical');
#3762=APPLICATION_PROTOCOL_DEFINITION('international standard',
'ap242_managed_model_based_3d_engineering',2020,#3763);
#3763=APPLICATION_CONTEXT('managed model based 3d engineering');
ENDSEC;
END-ISO-10303-21;
